2026-09-06T10:56:18+00:00	dgx-spark-04	True	0	cmtpeql4y1etk2auhbk9668ry
2026-09-06T10:56:20+00:00	dgx-spark-04	True	0	cmtpeql4y1etk2auhbk9668ry
2026-09-06T10:56:22+00:00	dgx-spark-04	True	0	cmtpeql4y1etk2auhbk9668ry
2026-09-06T10:56:24+00:00	dgx-spark-04	True	0	cmtpeql4y1etk2auhbk9668ry
2026-09-06T10:56:26+00:00	dgx-spark-04	True	0	cmtpeql4y1etk2auhbk9668ry
2026-09-06T10:56:28+00:00	dgx-spark-04	True	0	cmtpeql4y1etk2auhbk9668ry
2026-09-06T10:56:30+00:00	dgx-spark-04	True	0	cmtpeql4y1etk2auhbk9668ry
2026-09-06T10:56:33+00:00	dgx-spark-04	True	0	cmtpeql4y1etk2auhbk9668ry
2026-09-06T10:56:35+00:00	dgx-spark-04	True	0	cmtpeql4y1etk2auhbk9668ry
2026-09-06T10:56:37+00:00	dgx-spark-04	True	0	cmtpeql4y1etk2auhbk9668ry
2026-09-06T10:56:39+00:00	dgx-spark-04	True	0	cmtpeql4y1etk2auhbk9668ry
2026-09-06T10:56:41+00:00	dgx-spark-04	True	0	cmtpeql4y1etk2auhbk9668ry
2026-09-06T10:56:43+00:00	dgx-spark-04	True	0	cmtpeql4y1etk2auhbk9668ry
2026-09-06T10:56:45+00:00	dgx-spark-04	True	0	cmtpeql4y1etk2auhbk9668ry
2026-09-06T10:56:47+00:00	dgx-spark-04	True	0	cmtpeql4y1etk2auhbk9668ry
2026-09-06T10:56:49+00:00	dgx-spark-04	True	0	cmtpeql4y1etk2auhbk9668ry
2026-09-06T10:56:51+00:00	dgx-spark-04	True	0	cmtpeql4y1etk2auhbk9668ry
2026-09-06T10:56:54+00:00	dgx-spark-04	True	0	cmtpeql4y1etk2auhbk9668ry
2026-09-06T10:56:56+00:00	dgx-spark-04	True	0	cmtpeql4y1etk2auhbk9668ry
2026-09-06T10:56:58+00:00	dgx-spark-04	True	0	cmtpeql4y1etk2auhbk9668ry
2026-09-06T10:57:00+00:00	dgx-spark-04	True	0	cmtpeql4y1etk2auhbk9668ry
2026-09-06T10:57:02+00:00	dgx-spark-04	True	0	cmtpeql4y1etk2auhbk9668ry
2026-09-06T10:57:04+00:00	dgx-spark-04	True	0	cmtpeql4y1etk2auhbk9668ry
2026-09-06T10:57:06+00:00	dgx-spark-04	True	0	cmtpeql4y1etk2auhbk9668ry
2026-09-06T10:57:08+00:00	dgx-spark-04	True	0	cmtpeql4y1etk2auhbk9668ry
2026-09-06T10:57:10+00:00	dgx-spark-04	True	0	cmtpeql4y1etk2auhbk9668ry
2026-09-06T10:57:12+00:00	dgx-spark-04	True	0	cmtpeql4y1etk2auhbk9668ry
2026-09-06T10:57:15+00:00	dgx-spark-04	True	0	cmtpeql4y1etk2auhbk9668ry
2026-09-06T10:57:17+00:00	dgx-spark-04	True	0	cmtpeql4y1etk2auhbk9668ry
2026-09-06T10:57:19+00:00	dgx-spark-04	True	0	cmtpeql4y1etk2auhbk9668ry
2026-09-06T10:57:21+00:00	dgx-spark-04	True	0	cmtpeql4y1etk2auhbk9668ry
2026-09-06T10:57:23+00:00	dgx-spark-04	True	0	cmtpeql4y1etk2auhbk9668ry
2026-09-06T10:57:25+00:00	dgx-spark-04	True	0	cmtpeql4y1etk2auhbk9668ry
2026-09-06T10:57:27+00:00	dgx-spark-04	True	0	cmtpeql4y1etk2auhbk9668ry
2026-09-06T10:57:29+00:00	dgx-spark-04	True	0	cmtpeql4y1etk2auhbk9668ry
2026-09-06T10:57:31+00:00	dgx-spark-04	True	0	cmtpeql4y1etk2auhbk9668ry
2026-09-06T10:57:33+00:00	dgx-spark-04	True	0	cmtpeql4y1etk2auhbk9668ry
2026-09-06T10:57:36+00:00	dgx-spark-04	True	0	cmtpeql4y1etk2auhbk9668ry
2026-09-06T10:57:38+00:00	dgx-spark-04	True	0	cmtpeql4y1etk2auhbk9668ry
2026-09-06T10:57:40+00:00	dgx-spark-04	True	0	cmtpeql4y1etk2auhbk9668ry
2026-09-06T10:57:42+00:00	dgx-spark-04	True	0	cmtpeql4y1etk2auhbk9668ry
2026-09-06T10:57:44+00:00	dgx-spark-04	True	0	cmtpeql4y1etk2auhbk9668ry
2026-09-06T10:57:46+00:00	dgx-spark-04	True	0	cmtpeql4y1etk2auhbk9668ry
2026-09-06T10:57:48+00:00	dgx-spark-04	True	0	cmtpeql4y1etk2auhbk9668ry
2026-09-06T10:57:50+00:00	dgx-spark-04	True	0	cmtpeql4y1etk2auhbk9668ry
2026-09-06T10:57:52+00:00	dgx-spark-04	True	0	cmtpeql4y1etk2auhbk9668ry
2026-09-06T10:57:54+00:00	dgx-spark-04	True	0	cmtpeql4y1etk2auhbk9668ry
2026-09-06T10:57:56+00:00	dgx-spark-04	True	0	cmtpeql4y1etk2auhbk9668ry
2026-09-06T10:57:59+00:00	dgx-spark-04	True	0	cmtpeql4y1etk2auhbk9668ry
2026-09-06T10:58:01+00:00	dgx-spark-04	True	0	cmtpeql4y1etk2auhbk9668ry
2026-09-06T10:58:03+00:00	dgx-spark-04	True	0	cmtpeql4y1etk2auhbk9668ry
2026-09-06T10:58:05+00:00	dgx-spark-04	True	0	cmtpeql4y1etk2auhbk9668ry
2026-09-06T10:58:07+00:00	dgx-spark-04	True	0	cmtpeql4y1etk2auhbk9668ry
2026-09-06T10:58:09+00:00	dgx-spark-04	True	0	cmtpeql4y1etk2auhbk9668ry
2026-09-06T10:58:11+00:00	dgx-spark-04	True	0	cmtpeql4y1etk2auhbk9668ry
2026-09-06T10:58:13+00:00	dgx-spark-04	True	0	cmtpeql4y1etk2auhbk9668ry
2026-09-06T10:58:15+00:00	dgx-spark-04	True	0	cmtpeql4y1etk2auhbk9668ry
2026-09-06T10:58:17+00:00	dgx-spark-04	True	0	cmtpeql4y1etk2auhbk9668ry
2026-09-06T10:58:20+00:00	dgx-spark-04	True	0	cmtpeql4y1etk2auhbk9668ry
2026-09-06T10:58:22+00:00	dgx-spark-04	True	0	cmtpeql4y1etk2auhbk9668ry
2026-09-06T10:58:24+00:00	dgx-spark-04	True	0	cmtpeql4y1etk2auhbk9668ry
2026-09-06T10:58:26+00:00	dgx-spark-04	True	0	cmtpeql4y1etk2auhbk9668ry
2026-09-06T10:58:28+00:00	dgx-spark-04	True	0	cmtpeql4y1etk2auhbk9668ry
2026-09-06T10:58:30+00:00	dgx-spark-04	True	0	cmtpeql4y1etk2auhbk9668ry
2026-09-06T10:58:32+00:00	dgx-spark-04	True	0	cmtpeql4y1etk2auhbk9668ry
2026-09-06T10:58:34+00:00	dgx-spark-04	True	0	cmtpeql4y1etk2auhbk9668ry
2026-09-06T10:58:36+00:00	dgx-spark-04	True	0	cmtpeql4y1etk2auhbk9668ry
2026-09-06T10:58:38+00:00	dgx-spark-04	True	0	cmtpeql4y1etk2auhbk9668ry
2026-09-06T10:58:41+00:00	dgx-spark-04	True	0	cmtpeql4y1etk2auhbk9668ry
2026-09-06T10:58:43+00:00	dgx-spark-04	True	0	cmtpeql4y1etk2auhbk9668ry
2026-09-06T10:58:45+00:00	dgx-spark-04	True	0	cmtpeql4y1etk2auhbk9668ry
2026-09-06T10:58:47+00:00	dgx-spark-04	True	0	cmtpeql4y1etk2auhbk9668ry
2026-09-06T10:58:49+00:00	dgx-spark-04	True	0	cmtpeql4y1etk2auhbk9668ry
2026-09-06T10:58:51+00:00	dgx-spark-04	True	0	cmtpeql4y1etk2auhbk9668ry
2026-09-06T10:58:53+00:00	dgx-spark-04	True	0	cmtpeql4y1etk2auhbk9668ry
2026-09-06T10:58:55+00:00	dgx-spark-04	True	0	cmtpeql4y1etk2auhbk9668ry
2026-09-06T10:58:57+00:00	dgx-spark-04	True	0	cmtpeql4y1etk2auhbk9668ry
2026-09-06T10:58:59+00:00	dgx-spark-04	True	0	cmtpeql4y1etk2auhbk9668ry
2026-09-06T10:59:01+00:00	dgx-spark-04	True	0	cmtpeql4y1etk2auhbk9668ry
2026-09-06T10:59:04+00:00	dgx-spark-04	True	0	cmtpeql4y1etk2auhbk9668ry
2026-09-06T10:59:06+00:00	dgx-spark-04	True	0	cmtpeql4y1etk2auhbk9668ry
2026-09-06T10:59:08+00:00	dgx-spark-04	True	0	cmtpeql4y1etk2auhbk9668ry
2026-09-06T10:59:10+00:00	dgx-spark-04	True	0	cmtpeql4y1etk2auhbk9668ry
2026-09-06T10:59:12+00:00	dgx-spark-04	True	0	cmtpeql4y1etk2auhbk9668ry
2026-09-06T10:59:14+00:00	dgx-spark-04	True	0	cmtpeql4y1etk2auhbk9668ry
2026-09-06T10:59:16+00:00	dgx-spark-04	True	0	cmtpeql4y1etk2auhbk9668ry
2026-09-06T10:59:18+00:00	dgx-spark-04	True	0	cmtpeql4y1etk2auhbk9668ry
2026-09-06T10:59:20+00:00	dgx-spark-04	True	0	cmtpeql4y1etk2auhbk9668ry
2026-09-06T10:59:22+00:00	dgx-spark-04	True	0	cmtpeql4y1etk2auhbk9668ry
2026-09-06T10:59:24+00:00	dgx-spark-04	True	0	cmtpeql4y1etk2auhbk9668ry
2026-09-06T10:59:27+00:00	dgx-spark-04	True	0	cmtpeql4y1etk2auhbk9668ry
2026-09-06T10:59:29+00:00	dgx-spark-04	True	0	cmtpeql4y1etk2auhbk9668ry
2026-09-06T10:59:31+00:00	dgx-spark-04	True	0	cmtpeql4y1etk2auhbk9668ry
2026-09-06T10:59:33+00:00	dgx-spark-04	True	0	cmtpeql4y1etk2auhbk9668ry
2026-09-06T10:59:35+00:00	dgx-spark-04	True	0	cmtpeql4y1etk2auhbk9668ry
2026-09-06T10:59:37+00:00	dgx-spark-04	True	0	cmtpeql4y1etk2auhbk9668ry
2026-09-06T10:59:39+00:00	dgx-spark-04	True	0	cmtpeql4y1etk2auhbk9668ry
2026-09-06T10:59:41+00:00	dgx-spark-04	True	0	cmtpeql4y1etk2auhbk9668ry
2026-09-06T10:59:43+00:00	dgx-spark-04	True	0	cmtpeql4y1etk2auhbk9668ry
2026-09-06T10:59:45+00:00	dgx-spark-04	True	0	cmtpeql4y1etk2auhbk9668ry
2026-09-06T10:59:48+00:00	dgx-spark-04	True	0	cmtpeql4y1etk2auhbk9668ry
2026-09-06T10:59:50+00:00	dgx-spark-04	True	0	cmtpeql4y1etk2auhbk9668ry
2026-09-06T10:59:52+00:00	dgx-spark-04	True	0	cmtpeql4y1etk2auhbk9668ry
2026-09-06T10:59:54+00:00	dgx-spark-04	True	0	cmtpeql4y1etk2auhbk9668ry
2026-09-06T10:59:56+00:00	dgx-spark-04	True	0	cmtpeql4y1etk2auhbk9668ry
2026-09-06T10:59:58+00:00	dgx-spark-04	True	0	cmtpeql4y1etk2auhbk9668ry
2026-09-06T11:00:00+00:00	dgx-spark-04	True	0	cmtpeql4y1etk2auhbk9668ry
2026-09-06T11:00:02+00:00	dgx-spark-04	True	0	cmtpeql4y1etk2auhbk9668ry
2026-09-06T11:00:04+00:00	dgx-spark-04	True	0	cmtpeql4y1etk2auhbk9668ry
2026-09-06T11:00:06+00:00	dgx-spark-04	True	0	cmtpeql4y1etk2auhbk9668ry
2026-09-06T11:00:09+00:00	dgx-spark-04	True	0	cmtpeql4y1etk2auhbk9668ry
2026-09-06T11:00:11+00:00	dgx-spark-04	True	0	cmtpeql4y1etk2auhbk9668ry
2026-09-06T11:00:13+00:00	dgx-spark-04	True	0	cmtpeql4y1etk2auhbk9668ry
2026-09-06T11:00:15+00:00	dgx-spark-04	True	0	cmtpeql4y1etk2auhbk9668ry
2026-09-06T11:00:17+00:00	dgx-spark-04	True	0	cmtpeql4y1etk2auhbk9668ry
2026-09-06T11:00:19+00:00	dgx-spark-04	True	0	cmtpeql4y1etk2auhbk9668ry
2026-09-06T11:00:21+00:00	dgx-spark-04	True	0	cmtpeql4y1etk2auhbk9668ry
2026-09-06T11:00:23+00:00	dgx-spark-04	True	0	cmtpeql4y1etk2auhbk9668ry
2026-09-06T11:00:25+00:00	dgx-spark-04	True	0	cmtpeql4y1etk2auhbk9668ry
2026-09-06T11:00:27+00:00	dgx-spark-04	True	0	cmtpeql4y1etk2auhbk9668ry
2026-09-06T11:00:29+00:00	dgx-spark-04	True	0	cmtpeql4y1etk2auhbk9668ry
2026-09-06T11:00:32+00:00	dgx-spark-04	True	0	cmtpeql4y1etk2auhbk9668ry
2026-09-06T11:00:34+00:00	dgx-spark-04	True	0	cmtpeql4y1etk2auhbk9668ry
2026-09-06T11:00:36+00:00	dgx-spark-04	True	0	cmtpeql4y1etk2auhbk9668ry
2026-09-06T11:00:38+00:00	dgx-spark-04	True	0	cmtpeql4y1etk2auhbk9668ry
2026-09-06T11:00:40+00:00	dgx-spark-04	True	0	cmtpeql4y1etk2auhbk9668ry
2026-09-06T11:00:42+00:00	dgx-spark-04	True	0	cmtpeql4y1etk2auhbk9668ry
2026-09-06T11:00:44+00:00	dgx-spark-04	True	0	cmtpeql4y1etk2auhbk9668ry
2026-09-06T11:00:46+00:00	dgx-spark-04	True	0	cmtpeql4y1etk2auhbk9668ry
2026-09-06T11:00:48+00:00	dgx-spark-04	True	0	cmtpeql4y1etk2auhbk9668ry
2026-09-06T11:00:50+00:00	dgx-spark-04	True	0	cmtpeql4y1etk2auhbk9668ry
2026-09-06T11:00:53+00:00	dgx-spark-04	True	0	cmtpeql4y1etk2auhbk9668ry
2026-09-06T11:00:55+00:00	dgx-spark-04	True	0	cmtpeql4y1etk2auhbk9668ry
2026-09-06T11:00:57+00:00	dgx-spark-04	True	0	cmtpeql4y1etk2auhbk9668ry
2026-09-06T11:00:59+00:00	dgx-spark-04	True	0	cmtpeql4y1etk2auhbk9668ry
2026-09-06T11:01:01+00:00	dgx-spark-04	True	0	cmtpeql4y1etk2auhbk9668ry
2026-09-06T11:01:03+00:00	dgx-spark-04	True	0	cmtpeql4y1etk2auhbk9668ry
2026-09-06T11:01:05+00:00	dgx-spark-04	True	0	cmtpeql4y1etk2auhbk9668ry
2026-09-06T11:01:07+00:00	dgx-spark-04	True	0	cmtpeql4y1etk2auhbk9668ry
2026-09-06T11:01:09+00:00	dgx-spark-04	True	0	cmtpeql4y1etk2auhbk9668ry
2026-09-06T11:01:11+00:00	dgx-spark-04	True	0	cmtpeql4y1etk2auhbk9668ry
2026-09-06T11:01:14+00:00	dgx-spark-04	True	0	cmtpeql4y1etk2auhbk9668ry
2026-09-06T11:01:16+00:00	dgx-spark-04	True	0	cmtpeql4y1etk2auhbk9668ry
2026-09-06T11:01:18+00:00	dgx-spark-04	True	0	cmtpeql4y1etk2auhbk9668ry
2026-09-06T11:01:20+00:00	dgx-spark-04	True	0	cmtpeql4y1etk2auhbk9668ry
2026-09-06T11:01:22+00:00	dgx-spark-04	True	0	cmtpeql4y1etk2auhbk9668ry
2026-09-06T11:01:24+00:00	dgx-spark-04	True	0	cmtpeql4y1etk2auhbk9668ry
2026-09-06T11:01:26+00:00	dgx-spark-04	True	0	cmtpeql4y1etk2auhbk9668ry
2026-09-06T11:01:28+00:00	dgx-spark-04	True	0	cmtpeql4y1etk2auhbk9668ry
2026-09-06T11:01:30+00:00	dgx-spark-04	True	0	cmtpeql4y1etk2auhbk9668ry
2026-09-06T11:01:32+00:00	dgx-spark-04	True	0	cmtpeql4y1etk2auhbk9668ry
2026-09-06T11:01:35+00:00	dgx-spark-04	True	0	cmtpeql4y1etk2auhbk9668ry
2026-09-06T11:01:37+00:00	dgx-spark-04	True	0	cmtpeql4y1etk2auhbk9668ry
2026-09-06T11:01:39+00:00	dgx-spark-04	True	0	cmtpeql4y1etk2auhbk9668ry
2026-09-06T11:01:41+00:00	dgx-spark-04	True	0	cmtpeql4y1etk2auhbk9668ry
2026-09-06T11:01:43+00:00	dgx-spark-04	True	0	cmtpeql4y1etk2auhbk9668ry
2026-09-06T11:01:45+00:00	dgx-spark-04	True	0	cmtpeql4y1etk2auhbk9668ry
2026-09-06T11:01:47+00:00	dgx-spark-04	True	0	cmtpeql4y1etk2auhbk9668ry
2026-09-06T11:01:49+00:00	dgx-spark-04	True	0	cmtpeql4y1etk2auhbk9668ry
2026-09-06T11:01:51+00:00	dgx-spark-04	True	0	cmtpeql4y1etk2auhbk9668ry
2026-09-06T11:01:53+00:00	dgx-spark-04	True	0	cmtpeql4y1etk2auhbk9668ry
2026-09-06T11:01:55+00:00	dgx-spark-04	True	0	cmtpeql4y1etk2auhbk9668ry
2026-09-06T11:01:58+00:00	dgx-spark-04	True	0	cmtpeql4y1etk2auhbk9668ry
2026-09-06T11:02:00+00:00	dgx-spark-04	True	0	cmtpeql4y1etk2auhbk9668ry
2026-09-06T11:02:02+00:00	dgx-spark-04	True	0	cmtpeql4y1etk2auhbk9668ry
2026-09-06T11:02:04+00:00	dgx-spark-04	True	0	cmtpeql4y1etk2auhbk9668ry
2026-09-06T11:02:06+00:00	dgx-spark-04	True	0	cmtpeql4y1etk2auhbk9668ry
2026-09-06T11:02:08+00:00	dgx-spark-04	True	0	cmtpeql4y1etk2auhbk9668ry
2026-09-06T11:02:10+00:00	dgx-spark-04	True	0	cmtpeql4y1etk2auhbk9668ry
2026-09-06T11:02:12+00:00	dgx-spark-04	True	0	cmtpeql4y1etk2auhbk9668ry
2026-09-06T11:02:14+00:00	dgx-spark-04	True	0	cmtpeql4y1etk2auhbk9668ry
2026-09-06T11:02:16+00:00	dgx-spark-04	True	0	cmtpeql4y1etk2auhbk9668ry
2026-09-06T11:02:19+00:00	dgx-spark-04	True	0	cmtpeql4y1etk2auhbk9668ry
2026-09-06T11:02:21+00:00	dgx-spark-04	True	0	cmtpeql4y1etk2auhbk9668ry
2026-09-06T11:02:23+00:00	dgx-spark-04	True	0	cmtpeql4y1etk2auhbk9668ry
2026-09-06T11:02:25+00:00	dgx-spark-04	True	0	cmtpeql4y1etk2auhbk9668ry
2026-09-06T11:02:27+00:00	dgx-spark-04	True	0	cmtpeql4y1etk2auhbk9668ry
2026-09-06T11:02:29+00:00	dgx-spark-04	True	0	cmtpeql4y1etk2auhbk9668ry
2026-09-06T11:02:31+00:00	dgx-spark-04	True	0	cmtpeql4y1etk2auhbk9668ry
2026-09-06T11:02:33+00:00	dgx-spark-04	True	0	cmtpeql4y1etk2auhbk9668ry
2026-09-06T11:02:35+00:00	dgx-spark-04	True	0	cmtpeql4y1etk2auhbk9668ry
2026-09-06T11:02:37+00:00	dgx-spark-04	True	0	cmtpeql4y1etk2auhbk9668ry
2026-09-06T11:02:40+00:00	dgx-spark-04	True	0	cmtpeql4y1etk2auhbk9668ry
2026-09-06T11:02:42+00:00	dgx-spark-04	True	0	cmtpeql4y1etk2auhbk9668ry
2026-09-06T11:02:44+00:00	dgx-spark-04	True	0	cmtpeql4y1etk2auhbk9668ry
2026-09-06T11:02:46+00:00	dgx-spark-04	True	0	cmtpeql4y1etk2auhbk9668ry
2026-09-06T11:02:48+00:00	dgx-spark-04	True	0	cmtpeql4y1etk2auhbk9668ry
2026-09-06T11:02:50+00:00	dgx-spark-04	True	0	cmtpeql4y1etk2auhbk9668ry
2026-09-06T11:02:52+00:00	dgx-spark-04	True	0	cmtpeql4y1etk2auhbk9668ry
2026-09-06T11:02:54+00:00	dgx-spark-04	True	0	cmtpeql4y1etk2auhbk9668ry
2026-09-06T11:02:56+00:00	dgx-spark-04	True	0	cmtpeql4y1etk2auhbk9668ry
2026-09-06T11:02:58+00:00	dgx-spark-04	True	0	cmtpeql4y1etk2auhbk9668ry
2026-09-06T11:03:00+00:00	dgx-spark-04	True	0	cmtpeql4y1etk2auhbk9668ry
2026-09-06T11:03:03+00:00	dgx-spark-04	True	0	cmtpeql4y1etk2auhbk9668ry
2026-09-06T11:03:05+00:00	dgx-spark-04	True	0	cmtpeql4y1etk2auhbk9668ry
2026-09-06T11:03:07+00:00	dgx-spark-04	True	0	cmtpeql4y1etk2auhbk9668ry
2026-09-06T11:03:09+00:00	dgx-spark-04	True	0	cmtpeql4y1etk2auhbk9668ry
2026-09-06T11:03:11+00:00	dgx-spark-04	True	0	cmtpeql4y1etk2auhbk9668ry
2026-09-06T11:03:13+00:00	dgx-spark-04	True	0	cmtpeql4y1etk2auhbk9668ry
2026-09-06T11:03:15+00:00	dgx-spark-04	True	0	cmtpeql4y1etk2auhbk9668ry
2026-09-06T11:03:17+00:00	dgx-spark-04	True	0	cmtpeql4y1etk2auhbk9668ry
2026-09-06T11:03:19+00:00	dgx-spark-04	True	0	cmtpeql4y1etk2auhbk9668ry
2026-09-06T11:03:21+00:00	dgx-spark-04	True	0	cmtpeql4y1etk2auhbk9668ry
2026-09-06T11:03:24+00:00	dgx-spark-04	True	0	cmtpeql4y1etk2auhbk9668ry
2026-09-06T11:03:26+00:00	dgx-spark-04	True	0	cmtpeql4y1etk2auhbk9668ry
2026-09-06T11:03:28+00:00	dgx-spark-04	True	0	cmtpeql4y1etk2auhbk9668ry
2026-09-06T11:03:30+00:00	dgx-spark-04	True	0	cmtpeql4y1etk2auhbk9668ry
2026-09-06T11:03:32+00:00	dgx-spark-04	True	0	cmtpeql4y1etk2auhbk9668ry
2026-09-06T11:03:34+00:00	dgx-spark-04	True	0	cmtpeql4y1etk2auhbk9668ry
2026-09-06T11:03:36+00:00	dgx-spark-04	True	0	cmtpeql4y1etk2auhbk9668ry
2026-09-06T11:03:38+00:00	dgx-spark-04	True	0	cmtpeql4y1etk2auhbk9668ry
2026-09-06T11:03:40+00:00	dgx-spark-04	True	0	cmtpeql4y1etk2auhbk9668ry
2026-09-06T11:03:42+00:00	dgx-spark-04	True	0	cmtpeql4y1etk2auhbk9668ry
2026-09-06T11:03:45+00:00	dgx-spark-04	True	0	cmtpeql4y1etk2auhbk9668ry
2026-09-06T11:03:47+00:00	dgx-spark-04	True	0	cmtpeql4y1etk2auhbk9668ry
2026-09-06T11:03:49+00:00	dgx-spark-04	True	0	cmtpeql4y1etk2auhbk9668ry
2026-09-06T11:03:51+00:00	dgx-spark-04	True	0	cmtpeql4y1etk2auhbk9668ry
2026-09-06T11:03:53+00:00	dgx-spark-04	True	0	cmtpeql4y1etk2auhbk9668ry
2026-09-06T11:03:55+00:00	dgx-spark-04	True	0	cmtpeql4y1etk2auhbk9668ry
2026-09-06T11:03:57+00:00	dgx-spark-04	True	0	cmtpeql4y1etk2auhbk9668ry
2026-09-06T11:03:59+00:00	dgx-spark-04	True	0	cmtpeql4y1etk2auhbk9668ry
2026-09-06T11:04:01+00:00	dgx-spark-04	True	0	cmtpeql4y1etk2auhbk9668ry
2026-09-06T11:04:03+00:00	dgx-spark-04	True	0	cmtpeql4y1etk2auhbk9668ry
2026-09-06T11:04:06+00:00	dgx-spark-04	True	0	cmtpeql4y1etk2auhbk9668ry
2026-09-06T11:04:08+00:00	dgx-spark-04	True	0	cmtpeql4y1etk2auhbk9668ry
2026-09-06T11:04:10+00:00	dgx-spark-04	True	0	cmtpeql4y1etk2auhbk9668ry
2026-09-06T11:04:12+00:00	dgx-spark-04	True	0	cmtpeql4y1etk2auhbk9668ry
2026-09-06T11:04:14+00:00	dgx-spark-04	True	0	cmtpeql4y1etk2auhbk9668ry
2026-09-06T11:04:16+00:00	dgx-spark-04	True	0	cmtpeql4y1etk2auhbk9668ry
2026-09-06T11:04:18+00:00	dgx-spark-04	True	0	cmtpeql4y1etk2auhbk9668ry
2026-09-06T11:04:20+00:00	dgx-spark-04	True	0	cmtpeql4y1etk2auhbk9668ry
2026-09-06T11:04:22+00:00	dgx-spark-04	True	0	cmtpeql4y1etk2auhbk9668ry
2026-09-06T11:04:24+00:00	dgx-spark-04	True	0	cmtpeql4y1etk2auhbk9668ry
2026-09-06T11:04:26+00:00	dgx-spark-04	True	0	cmtpeql4y1etk2auhbk9668ry
2026-09-06T11:04:29+00:00	dgx-spark-04	True	0	cmtpeql4y1etk2auhbk9668ry
2026-09-06T11:04:31+00:00	dgx-spark-04	True	0	cmtpeql4y1etk2auhbk9668ry
2026-09-06T11:04:33+00:00	dgx-spark-04	True	0	cmtpeql4y1etk2auhbk9668ry
2026-09-06T11:04:35+00:00	dgx-spark-04	True	0	cmtpeql4y1etk2auhbk9668ry
2026-09-06T11:04:37+00:00	dgx-spark-04	True	0	cmtpeql4y1etk2auhbk9668ry
2026-09-06T11:04:39+00:00	dgx-spark-04	True	0	cmtpeql4y1etk2auhbk9668ry
2026-09-06T11:04:41+00:00	dgx-spark-04	True	0	cmtpeql4y1etk2auhbk9668ry
2026-09-06T11:04:43+00:00	dgx-spark-04	True	0	cmtpeql4y1etk2auhbk9668ry
2026-09-06T11:04:45+00:00	dgx-spark-04	True	0	cmtpeql4y1etk2auhbk9668ry
2026-09-06T11:04:47+00:00	dgx-spark-04	True	0	cmtpeql4y1etk2auhbk9668ry
2026-09-06T11:04:50+00:00	dgx-spark-04	True	0	cmtpeql4y1etk2auhbk9668ry
2026-09-06T11:04:52+00:00	dgx-spark-04	True	0	cmtpeql4y1etk2auhbk9668ry
2026-09-06T11:04:54+00:00	dgx-spark-04	True	0	cmtpeql4y1etk2auhbk9668ry
2026-09-06T11:04:56+00:00	dgx-spark-04	True	0	cmtpeql4y1etk2auhbk9668ry
2026-09-06T11:04:58+00:00	dgx-spark-04	True	0	cmtpeql4y1etk2auhbk9668ry
2026-09-06T11:05:00+00:00	dgx-spark-04	True	0	cmtpeql4y1etk2auhbk9668ry
2026-09-06T11:05:02+00:00	dgx-spark-04	True	0	cmtpeql4y1etk2auhbk9668ry
2026-09-06T11:05:04+00:00	dgx-spark-04	True	0	cmtpeql4y1etk2auhbk9668ry
2026-09-06T11:05:06+00:00	dgx-spark-04	True	0	cmtpeql4y1etk2auhbk9668ry
2026-09-06T11:05:08+00:00	dgx-spark-04	True	0	cmtpeql4y1etk2auhbk9668ry
2026-09-06T11:05:11+00:00	dgx-spark-04	True	0	cmtpeql4y1etk2auhbk9668ry
2026-09-06T11:05:13+00:00	dgx-spark-04	True	0	cmtpeql4y1etk2auhbk9668ry
2026-09-06T11:05:15+00:00	dgx-spark-04	True	0	cmtpeql4y1etk2auhbk9668ry
2026-09-06T11:05:17+00:00	dgx-spark-04	True	0	cmtpeql4y1etk2auhbk9668ry
2026-09-06T11:05:19+00:00	dgx-spark-04	True	0	cmtpeql4y1etk2auhbk9668ry
2026-09-06T11:05:21+00:00	dgx-spark-04	True	0	cmtpeql4y1etk2auhbk9668ry
2026-09-06T11:05:23+00:00	dgx-spark-04	True	0	cmtpeql4y1etk2auhbk9668ry
2026-09-06T11:05:25+00:00	dgx-spark-04	True	0	cmtpeql4y1etk2auhbk9668ry
2026-09-06T11:05:27+00:00	dgx-spark-04	True	0	cmtpeql4y1etk2auhbk9668ry
2026-09-06T11:05:29+00:00	dgx-spark-04	True	0	cmtpeql4y1etk2auhbk9668ry
2026-09-06T11:05:31+00:00	dgx-spark-04	True	0	cmtpeql4y1etk2auhbk9668ry
2026-09-06T11:05:34+00:00	dgx-spark-04	True	0	cmtpeql4y1etk2auhbk9668ry
2026-09-06T11:05:36+00:00	dgx-spark-04	True	0	cmtpeql4y1etk2auhbk9668ry
2026-09-06T11:05:38+00:00	dgx-spark-04	True	0	cmtpeql4y1etk2auhbk9668ry
2026-09-06T11:05:40+00:00	dgx-spark-04	True	0	cmtpeql4y1etk2auhbk9668ry
2026-09-06T11:05:42+00:00	dgx-spark-04	True	0	cmtpeql4y1etk2auhbk9668ry
2026-09-06T11:05:44+00:00	dgx-spark-04	True	0	cmtpeql4y1etk2auhbk9668ry
2026-09-06T11:05:46+00:00	dgx-spark-04	True	0	cmtpeql4y1etk2auhbk9668ry
2026-09-06T11:05:48+00:00	dgx-spark-04	True	0	cmtpeql4y1etk2auhbk9668ry
2026-09-06T11:05:50+00:00	dgx-spark-04	True	0	cmtpeql4y1etk2auhbk9668ry
2026-09-06T11:05:52+00:00	dgx-spark-04	True	0	cmtpeql4y1etk2auhbk9668ry
2026-09-06T11:05:55+00:00	dgx-spark-04	True	0	cmtpeql4y1etk2auhbk9668ry
2026-09-06T11:05:57+00:00	dgx-spark-04	True	0	cmtpeql4y1etk2auhbk9668ry
2026-09-06T11:05:59+00:00	dgx-spark-04	True	0	cmtpeql4y1etk2auhbk9668ry
2026-09-06T11:06:01+00:00	dgx-spark-04	True	0	cmtpeql4y1etk2auhbk9668ry
2026-09-06T11:06:03+00:00	dgx-spark-04	True	0	cmtpeql4y1etk2auhbk9668ry
2026-09-06T11:06:05+00:00	dgx-spark-04	True	0	cmtpeql4y1etk2auhbk9668ry
2026-09-06T11:06:07+00:00	dgx-spark-04	True	0	cmtpeql4y1etk2auhbk9668ry
2026-09-06T11:06:09+00:00	dgx-spark-04	True	0	cmtpeql4y1etk2auhbk9668ry
2026-09-06T11:06:11+00:00	dgx-spark-04	True	0	cmtpeql4y1etk2auhbk9668ry
2026-09-06T11:06:13+00:00	dgx-spark-04	True	0	cmtpeql4y1etk2auhbk9668ry
2026-09-06T11:06:16+00:00	dgx-spark-04	True	0	cmtpeql4y1etk2auhbk9668ry
2026-09-06T11:06:18+00:00	dgx-spark-04	True	0	cmtpeql4y1etk2auhbk9668ry
2026-09-06T11:06:20+00:00	dgx-spark-04	True	0	cmtpeql4y1etk2auhbk9668ry
2026-09-06T11:06:22+00:00	dgx-spark-04	True	0	cmtpeql4y1etk2auhbk9668ry
2026-09-06T11:06:24+00:00	dgx-spark-04	True	0	cmtpeql4y1etk2auhbk9668ry
2026-09-06T11:06:26+00:00	dgx-spark-04	True	0	cmtpeql4y1etk2auhbk9668ry
2026-09-06T11:06:28+00:00	dgx-spark-04	True	0	cmtpeql4y1etk2auhbk9668ry
2026-09-06T11:06:30+00:00	dgx-spark-04	True	0	cmtpeql4y1etk2auhbk9668ry
2026-09-06T11:06:32+00:00	dgx-spark-04	True	0	cmtpeql4y1etk2auhbk9668ry
2026-09-06T11:06:34+00:00	dgx-spark-04	True	0	cmtpeql4y1etk2auhbk9668ry
2026-09-06T11:06:37+00:00	dgx-spark-04	True	0	cmtpeql4y1etk2auhbk9668ry
2026-09-06T11:06:39+00:00	dgx-spark-04	True	0	cmtpeql4y1etk2auhbk9668ry
2026-09-06T11:06:41+00:00	dgx-spark-04	True	0	cmtpeql4y1etk2auhbk9668ry
2026-09-06T11:06:43+00:00	dgx-spark-04	True	0	cmtpeql4y1etk2auhbk9668ry
2026-09-06T11:06:45+00:00	dgx-spark-04	True	0	cmtpeql4y1etk2auhbk9668ry
2026-09-06T11:06:47+00:00	dgx-spark-04	True	0	cmtpeql4y1etk2auhbk9668ry
2026-09-06T11:06:49+00:00	dgx-spark-04	True	0	cmtpeql4y1etk2auhbk9668ry
2026-09-06T11:06:51+00:00	dgx-spark-04	True	0	cmtpeql4y1etk2auhbk9668ry
2026-09-06T11:06:53+00:00	dgx-spark-04	True	0	cmtpeql4y1etk2auhbk9668ry
2026-09-06T11:06:55+00:00	dgx-spark-04	True	0	cmtpeql4y1etk2auhbk9668ry
2026-09-06T11:06:57+00:00	dgx-spark-04	True	0	cmtpeql4y1etk2auhbk9668ry
2026-09-06T11:07:00+00:00	dgx-spark-04	True	0	cmtpeql4y1etk2auhbk9668ry
2026-09-06T11:07:02+00:00	dgx-spark-04	True	0	cmtpeql4y1etk2auhbk9668ry
2026-09-06T11:07:04+00:00	dgx-spark-04	True	0	cmtpeql4y1etk2auhbk9668ry
2026-09-06T11:07:06+00:00	dgx-spark-04	True	0	cmtpeql4y1etk2auhbk9668ry
2026-09-06T11:07:08+00:00	dgx-spark-04	True	0	cmtpeql4y1etk2auhbk9668ry
2026-09-06T11:07:10+00:00	dgx-spark-04	True	0	cmtpeql4y1etk2auhbk9668ry
2026-09-06T11:07:12+00:00	dgx-spark-04	True	0	cmtpeql4y1etk2auhbk9668ry
2026-09-06T11:07:14+00:00	dgx-spark-04	True	0	cmtpeql4y1etk2auhbk9668ry
2026-09-06T11:07:16+00:00	dgx-spark-04	True	0	cmtpeql4y1etk2auhbk9668ry
2026-09-06T11:07:18+00:00	dgx-spark-04	True	0	cmtpeql4y1etk2auhbk9668ry
2026-09-06T11:07:21+00:00	dgx-spark-04	True	0	cmtpeql4y1etk2auhbk9668ry
2026-09-06T11:07:23+00:00	dgx-spark-04	True	0	cmtpeql4y1etk2auhbk9668ry
2026-09-06T11:07:25+00:00	dgx-spark-04	True	0	cmtpeql4y1etk2auhbk9668ry
2026-09-06T11:07:27+00:00	dgx-spark-04	True	0	cmtpeql4y1etk2auhbk9668ry
2026-09-06T11:07:29+00:00	dgx-spark-04	True	0	cmtpeql4y1etk2auhbk9668ry
2026-09-06T11:07:31+00:00	dgx-spark-04	True	0	cmtpeql4y1etk2auhbk9668ry
2026-09-06T11:07:33+00:00	dgx-spark-04	True	0	cmtpeql4y1etk2auhbk9668ry
2026-09-06T11:07:35+00:00	dgx-spark-04	True	0	cmtpeql4y1etk2auhbk9668ry
2026-09-06T11:07:37+00:00	dgx-spark-04	True	0	cmtpeql4y1etk2auhbk9668ry
2026-09-06T11:07:39+00:00	dgx-spark-04	True	0	cmtpeql4y1etk2auhbk9668ry
2026-09-06T11:07:42+00:00	dgx-spark-04	True	0	cmtpeql4y1etk2auhbk9668ry
2026-09-06T11:07:44+00:00	dgx-spark-04	True	0	cmtpeql4y1etk2auhbk9668ry
2026-09-06T11:07:46+00:00	dgx-spark-04	True	0	cmtpeql4y1etk2auhbk9668ry
2026-09-06T11:07:48+00:00	dgx-spark-04	True	0	cmtpeql4y1etk2auhbk9668ry
2026-09-06T11:07:50+00:00	dgx-spark-04	True	0	cmtpeql4y1etk2auhbk9668ry
2026-09-06T11:07:52+00:00	dgx-spark-04	True	0	cmtpeql4y1etk2auhbk9668ry
2026-09-06T11:07:54+00:00	dgx-spark-04	True	0	cmtpeql4y1etk2auhbk9668ry
2026-09-06T11:07:56+00:00	dgx-spark-04	True	0	cmtpeql4y1etk2auhbk9668ry
2026-09-06T11:07:58+00:00	dgx-spark-04	True	0	cmtpeql4y1etk2auhbk9668ry
2026-09-06T11:08:00+00:00	dgx-spark-04	True	0	cmtpeql4y1etk2auhbk9668ry
2026-09-06T11:08:02+00:00	dgx-spark-04	True	0	cmtpeql4y1etk2auhbk9668ry
2026-09-06T11:08:05+00:00	dgx-spark-04	True	0	cmtpeql4y1etk2auhbk9668ry
2026-09-06T11:08:07+00:00	dgx-spark-04	True	0	cmtpeql4y1etk2auhbk9668ry
2026-09-06T11:08:09+00:00	dgx-spark-04	True	0	cmtpeql4y1etk2auhbk9668ry
2026-09-06T11:08:11+00:00	dgx-spark-04	True	0	cmtpeql4y1etk2auhbk9668ry
2026-09-06T11:08:13+00:00	dgx-spark-04	True	0	cmtpeql4y1etk2auhbk9668ry
2026-09-06T11:08:15+00:00	dgx-spark-04	True	0	cmtpeql4y1etk2auhbk9668ry
2026-09-06T11:08:17+00:00	dgx-spark-04	True	0	cmtpeql4y1etk2auhbk9668ry
2026-09-06T11:08:19+00:00	dgx-spark-04	True	0	cmtpeql4y1etk2auhbk9668ry
2026-09-06T11:08:21+00:00	dgx-spark-04	True	0	cmtpeql4y1etk2auhbk9668ry
2026-09-06T11:08:23+00:00	dgx-spark-04	True	0	cmtpeql4y1etk2auhbk9668ry
2026-09-06T11:08:26+00:00	dgx-spark-04	True	0	cmtpeql4y1etk2auhbk9668ry
2026-09-06T11:08:28+00:00	dgx-spark-04	True	0	cmtpeql4y1etk2auhbk9668ry
2026-09-06T11:08:30+00:00	dgx-spark-04	True	0	cmtpeql4y1etk2auhbk9668ry
2026-09-06T11:08:32+00:00	dgx-spark-04	True	0	cmtpeql4y1etk2auhbk9668ry
2026-09-06T11:08:34+00:00	dgx-spark-04	True	0	cmtpeql4y1etk2auhbk9668ry
2026-09-06T11:08:36+00:00	dgx-spark-04	True	0	cmtpeql4y1etk2auhbk9668ry
2026-09-06T11:08:38+00:00	dgx-spark-04	True	0	cmtpeql4y1etk2auhbk9668ry
2026-09-06T11:08:40+00:00	dgx-spark-04	True	0	cmtpeql4y1etk2auhbk9668ry
2026-09-06T11:08:42+00:00	dgx-spark-04	True	0	cmtpeql4y1etk2auhbk9668ry
2026-09-06T11:08:44+00:00	dgx-spark-04	True	0	cmtpeql4y1etk2auhbk9668ry
2026-09-06T11:08:47+00:00	dgx-spark-04	True	0	cmtpeql4y1etk2auhbk9668ry
2026-09-06T11:08:49+00:00	dgx-spark-04	True	0	cmtpeql4y1etk2auhbk9668ry
2026-09-06T11:08:51+00:00	dgx-spark-04	True	0	cmtpeql4y1etk2auhbk9668ry
2026-09-06T11:08:53+00:00	dgx-spark-04	True	0	cmtpeql4y1etk2auhbk9668ry
2026-09-06T11:08:55+00:00	dgx-spark-04	True	0	cmtpeql4y1etk2auhbk9668ry
2026-09-06T11:08:57+00:00	dgx-spark-04	True	0	cmtpeql4y1etk2auhbk9668ry
2026-09-06T11:08:59+00:00	dgx-spark-04	True	0	cmtpeql4y1etk2auhbk9668ry
2026-09-06T11:09:01+00:00	dgx-spark-04	True	0	cmtpeql4y1etk2auhbk9668ry
2026-09-06T11:09:03+00:00	dgx-spark-04	True	0	cmtpeql4y1etk2auhbk9668ry
2026-09-06T11:09:05+00:00	dgx-spark-04	True	0	cmtpeql4y1etk2auhbk9668ry
2026-09-06T11:09:07+00:00	dgx-spark-04	True	0	cmtpeql4y1etk2auhbk9668ry
2026-09-06T11:09:10+00:00	dgx-spark-04	True	0	cmtpeql4y1etk2auhbk9668ry
2026-09-06T11:09:12+00:00	dgx-spark-04	True	0	cmtpeql4y1etk2auhbk9668ry
2026-09-06T11:09:14+00:00	dgx-spark-04	True	0	cmtpeql4y1etk2auhbk9668ry
2026-09-06T11:09:16+00:00	dgx-spark-04	True	0	cmtpeql4y1etk2auhbk9668ry
2026-09-06T11:09:18+00:00	dgx-spark-04	True	0	cmtpeql4y1etk2auhbk9668ry
2026-09-06T11:09:20+00:00	dgx-spark-04	True	0	cmtpeql4y1etk2auhbk9668ry
2026-09-06T11:09:22+00:00	dgx-spark-04	True	0	cmtpeql4y1etk2auhbk9668ry
2026-09-06T11:09:24+00:00	dgx-spark-04	True	0	cmtpeql4y1etk2auhbk9668ry
2026-09-06T11:09:26+00:00	dgx-spark-04	True	0	cmtpeql4y1etk2auhbk9668ry
2026-09-06T11:09:28+00:00	dgx-spark-04	True	0	cmtpeql4y1etk2auhbk9668ry
2026-09-06T11:09:31+00:00	dgx-spark-04	True	0	cmtpeql4y1etk2auhbk9668ry
2026-09-06T11:09:33+00:00	dgx-spark-04	True	0	cmtpeql4y1etk2auhbk9668ry
2026-09-06T11:09:35+00:00	dgx-spark-04	True	0	cmtpeql4y1etk2auhbk9668ry
2026-09-06T11:09:37+00:00	dgx-spark-04	True	0	cmtpeql4y1etk2auhbk9668ry
2026-09-06T11:09:39+00:00	dgx-spark-04	True	0	cmtpeql4y1etk2auhbk9668ry
2026-09-06T11:09:41+00:00	dgx-spark-04	True	0	cmtpeql4y1etk2auhbk9668ry
2026-09-06T11:09:43+00:00	dgx-spark-04	True	0	cmtpeql4y1etk2auhbk9668ry
2026-09-06T11:09:45+00:00	dgx-spark-04	True	0	cmtpeql4y1etk2auhbk9668ry
2026-09-06T11:09:47+00:00	dgx-spark-04	True	0	cmtpeql4y1etk2auhbk9668ry
2026-09-06T11:09:49+00:00	dgx-spark-04	True	0	cmtpeql4y1etk2auhbk9668ry
2026-09-06T11:09:52+00:00	dgx-spark-04	True	0	cmtpeql4y1etk2auhbk9668ry
2026-09-06T11:09:54+00:00	dgx-spark-04	True	0	cmtpeql4y1etk2auhbk9668ry
2026-09-06T11:09:56+00:00	dgx-spark-04	True	0	cmtpeql4y1etk2auhbk9668ry
2026-09-06T11:09:58+00:00	dgx-spark-04	True	0	cmtpeql4y1etk2auhbk9668ry
2026-09-06T11:10:00+00:00	dgx-spark-04	True	0	cmtpeql4y1etk2auhbk9668ry
2026-09-06T11:10:02+00:00	dgx-spark-04	True	0	cmtpeql4y1etk2auhbk9668ry
2026-09-06T11:10:04+00:00	dgx-spark-04	True	0	cmtpeql4y1etk2auhbk9668ry
2026-09-06T11:10:06+00:00	dgx-spark-04	True	0	cmtpeql4y1etk2auhbk9668ry
2026-09-06T11:10:08+00:00	dgx-spark-04	True	0	cmtpeql4y1etk2auhbk9668ry
2026-09-06T11:10:10+00:00	dgx-spark-04	True	0	cmtpeql4y1etk2auhbk9668ry
2026-09-06T11:10:13+00:00	dgx-spark-04	True	0	cmtpeql4y1etk2auhbk9668ry
2026-09-06T11:10:15+00:00	dgx-spark-04	True	0	cmtpeql4y1etk2auhbk9668ry
2026-09-06T11:10:17+00:00	dgx-spark-04	True	0	cmtpeql4y1etk2auhbk9668ry
2026-09-06T11:10:19+00:00	dgx-spark-04	True	0	cmtpeql4y1etk2auhbk9668ry
2026-09-06T11:10:21+00:00	dgx-spark-04	True	0	cmtpeql4y1etk2auhbk9668ry
2026-09-06T11:10:23+00:00	dgx-spark-04	True	0	cmtpeql4y1etk2auhbk9668ry
2026-09-06T11:10:25+00:00	dgx-spark-04	True	0	cmtpeql4y1etk2auhbk9668ry
2026-09-06T11:10:27+00:00	dgx-spark-04	True	0	cmtpeql4y1etk2auhbk9668ry
2026-09-06T11:10:29+00:00	dgx-spark-04	True	0	cmtpeql4y1etk2auhbk9668ry
2026-09-06T11:10:31+00:00	dgx-spark-04	True	0	cmtpeql4y1etk2auhbk9668ry
2026-09-06T11:10:33+00:00	dgx-spark-04	True	0	cmtpeql4y1etk2auhbk9668ry
2026-09-06T11:10:36+00:00	dgx-spark-04	True	0	cmtpeql4y1etk2auhbk9668ry
2026-09-06T11:10:38+00:00	dgx-spark-04	True	0	cmtpeql4y1etk2auhbk9668ry
2026-09-06T11:10:40+00:00	dgx-spark-04	True	0	cmtpeql4y1etk2auhbk9668ry
2026-09-06T11:10:42+00:00	dgx-spark-04	True	0	cmtpeql4y1etk2auhbk9668ry
2026-09-06T11:10:44+00:00	dgx-spark-04	True	0	cmtpeql4y1etk2auhbk9668ry
2026-09-06T11:10:46+00:00	dgx-spark-04	True	0	cmtpeql4y1etk2auhbk9668ry
2026-09-06T11:10:48+00:00	dgx-spark-04	True	0	cmtpeql4y1etk2auhbk9668ry
2026-09-06T11:10:50+00:00	dgx-spark-04	True	0	cmtpeql4y1etk2auhbk9668ry
2026-09-06T11:10:52+00:00	dgx-spark-04	True	0	cmtpeql4y1etk2auhbk9668ry
2026-09-06T11:10:54+00:00	dgx-spark-04	True	0	cmtpeql4y1etk2auhbk9668ry
2026-09-06T11:10:57+00:00	dgx-spark-04	True	0	cmtpeql4y1etk2auhbk9668ry
2026-09-06T11:10:59+00:00	dgx-spark-04	True	0	cmtpeql4y1etk2auhbk9668ry
2026-09-06T11:11:01+00:00	dgx-spark-04	True	0	cmtpeql4y1etk2auhbk9668ry
2026-09-06T11:11:03+00:00	dgx-spark-04	True	0	cmtpeql4y1etk2auhbk9668ry
2026-09-06T11:11:05+00:00	dgx-spark-04	True	0	cmtpeql4y1etk2auhbk9668ry
2026-09-06T11:11:07+00:00	dgx-spark-04	True	0	cmtpeql4y1etk2auhbk9668ry
2026-09-06T11:11:09+00:00	dgx-spark-04	True	0	cmtpeql4y1etk2auhbk9668ry
2026-09-06T11:11:11+00:00	dgx-spark-04	True	0	cmtpeql4y1etk2auhbk9668ry
2026-09-06T11:11:13+00:00	dgx-spark-04	True	0	cmtpeql4y1etk2auhbk9668ry
2026-09-06T11:11:15+00:00	dgx-spark-04	True	0	cmtpeql4y1etk2auhbk9668ry
2026-09-06T11:11:18+00:00	dgx-spark-04	True	0	cmtpeql4y1etk2auhbk9668ry
2026-09-06T11:11:20+00:00	dgx-spark-04	True	0	cmtpeql4y1etk2auhbk9668ry
2026-09-06T11:11:22+00:00	dgx-spark-04	True	0	cmtpeql4y1etk2auhbk9668ry
2026-09-06T11:11:24+00:00	dgx-spark-04	True	0	cmtpeql4y1etk2auhbk9668ry
2026-09-06T11:11:26+00:00	dgx-spark-04	True	0	cmtpeql4y1etk2auhbk9668ry
2026-09-06T11:11:28+00:00	dgx-spark-04	True	0	cmtpeql4y1etk2auhbk9668ry
2026-09-06T11:11:30+00:00	dgx-spark-04	True	0	cmtpeql4y1etk2auhbk9668ry
2026-09-06T11:11:32+00:00	dgx-spark-04	True	0	cmtpeql4y1etk2auhbk9668ry
2026-09-06T11:11:34+00:00	dgx-spark-04	True	0	cmtpeql4y1etk2auhbk9668ry
2026-09-06T11:11:36+00:00	dgx-spark-04	True	0	cmtpeql4y1etk2auhbk9668ry
2026-09-06T11:11:38+00:00	dgx-spark-04	True	0	cmtpeql4y1etk2auhbk9668ry
2026-09-06T11:11:41+00:00	dgx-spark-04	True	0	cmtpeql4y1etk2auhbk9668ry
2026-09-06T11:11:43+00:00	dgx-spark-04	True	0	cmtpeql4y1etk2auhbk9668ry
2026-09-06T11:11:45+00:00	dgx-spark-04	True	0	cmtpeql4y1etk2auhbk9668ry
2026-09-06T11:11:47+00:00	dgx-spark-04	True	0	cmtpeql4y1etk2auhbk9668ry
2026-09-06T11:11:49+00:00	dgx-spark-04	True	0	cmtpeql4y1etk2auhbk9668ry
2026-09-06T11:11:51+00:00	dgx-spark-04	True	0	cmtpeql4y1etk2auhbk9668ry
2026-09-06T11:11:53+00:00	dgx-spark-04	True	0	cmtpeql4y1etk2auhbk9668ry
2026-09-06T11:11:55+00:00	dgx-spark-04	True	0	cmtpeql4y1etk2auhbk9668ry
2026-09-06T11:11:57+00:00	dgx-spark-04	True	0	cmtpeql4y1etk2auhbk9668ry
2026-09-06T11:11:59+00:00	dgx-spark-04	True	0	cmtpeql4y1etk2auhbk9668ry
2026-09-06T11:12:02+00:00	dgx-spark-04	True	0	cmtpeql4y1etk2auhbk9668ry
2026-09-06T11:12:04+00:00	dgx-spark-04	True	0	cmtpeql4y1etk2auhbk9668ry
2026-09-06T11:12:06+00:00	dgx-spark-04	True	0	cmtpeql4y1etk2auhbk9668ry
2026-09-06T11:12:08+00:00	dgx-spark-04	True	0	cmtpeql4y1etk2auhbk9668ry
2026-09-06T11:12:10+00:00	dgx-spark-04	True	0	cmtpeql4y1etk2auhbk9668ry
2026-09-06T11:12:12+00:00	dgx-spark-04	True	0	cmtpeql4y1etk2auhbk9668ry
2026-09-06T11:12:14+00:00	dgx-spark-04	True	0	cmtpeql4y1etk2auhbk9668ry
2026-09-06T11:12:16+00:00	dgx-spark-04	True	0	cmtpeql4y1etk2auhbk9668ry
2026-09-06T11:12:18+00:00	dgx-spark-04	True	0	cmtpeql4y1etk2auhbk9668ry
2026-09-06T11:12:20+00:00	dgx-spark-04	True	0	cmtpeql4y1etk2auhbk9668ry
2026-09-06T11:12:23+00:00	dgx-spark-04	True	0	cmtpeql4y1etk2auhbk9668ry
2026-09-06T11:12:25+00:00	dgx-spark-04	True	0	cmtpeql4y1etk2auhbk9668ry
2026-09-06T11:12:27+00:00	dgx-spark-04	True	0	cmtpeql4y1etk2auhbk9668ry
2026-09-06T11:12:29+00:00	dgx-spark-04	True	0	cmtpeql4y1etk2auhbk9668ry
2026-09-06T11:12:31+00:00	dgx-spark-04	True	0	cmtpeql4y1etk2auhbk9668ry
2026-09-06T11:12:33+00:00	dgx-spark-04	True	0	cmtpeql4y1etk2auhbk9668ry
2026-09-06T11:12:35+00:00	dgx-spark-04	True	0	cmtpeql4y1etk2auhbk9668ry
2026-09-06T11:12:37+00:00	dgx-spark-04	True	0	cmtpeql4y1etk2auhbk9668ry
2026-09-06T11:12:39+00:00	dgx-spark-04	True	0	cmtpeql4y1etk2auhbk9668ry
2026-09-06T11:12:41+00:00	dgx-spark-04	True	0	cmtpeql4y1etk2auhbk9668ry
2026-09-06T11:12:44+00:00	dgx-spark-04	True	0	cmtpeql4y1etk2auhbk9668ry
2026-09-06T11:12:46+00:00	dgx-spark-04	True	0	cmtpeql4y1etk2auhbk9668ry
2026-09-06T11:12:48+00:00	dgx-spark-04	True	0	cmtpeql4y1etk2auhbk9668ry
2026-09-06T11:12:50+00:00	dgx-spark-04	True	0	cmtpeql4y1etk2auhbk9668ry
2026-09-06T11:12:52+00:00	dgx-spark-04	True	0	cmtpeql4y1etk2auhbk9668ry
2026-09-06T11:12:54+00:00	dgx-spark-04	True	0	cmtpeql4y1etk2auhbk9668ry
2026-09-06T11:12:56+00:00	dgx-spark-04	True	0	cmtpeql4y1etk2auhbk9668ry
2026-09-06T11:12:58+00:00	dgx-spark-04	True	0	cmtpeql4y1etk2auhbk9668ry
2026-09-06T11:13:00+00:00	dgx-spark-04	True	0	cmtpeql4y1etk2auhbk9668ry
2026-09-06T11:13:02+00:00	dgx-spark-04	True	0	cmtpeql4y1etk2auhbk9668ry
2026-09-06T11:13:04+00:00	dgx-spark-04	True	0	cmtpeql4y1etk2auhbk9668ry
2026-09-06T11:13:07+00:00	dgx-spark-04	True	0	cmtpeql4y1etk2auhbk9668ry
2026-09-06T11:13:09+00:00	dgx-spark-04	True	0	cmtpeql4y1etk2auhbk9668ry
2026-09-06T11:13:11+00:00	dgx-spark-04	True	0	cmtpeql4y1etk2auhbk9668ry
2026-09-06T11:13:13+00:00	dgx-spark-04	True	0	cmtpeql4y1etk2auhbk9668ry
2026-09-06T11:13:15+00:00	dgx-spark-04	True	0	cmtpeql4y1etk2auhbk9668ry
2026-09-06T11:13:17+00:00	dgx-spark-04	True	0	cmtpeql4y1etk2auhbk9668ry
2026-09-06T11:13:19+00:00	dgx-spark-04	True	0	cmtpeql4y1etk2auhbk9668ry
2026-09-06T11:13:21+00:00	dgx-spark-04	True	0	cmtpeql4y1etk2auhbk9668ry
2026-09-06T11:13:23+00:00	dgx-spark-04	True	0	cmtpeql4y1etk2auhbk9668ry
2026-09-06T11:13:25+00:00	dgx-spark-04	True	0	cmtpeql4y1etk2auhbk9668ry
2026-09-06T11:13:28+00:00	dgx-spark-04	True	0	cmtpeql4y1etk2auhbk9668ry
2026-09-06T11:13:30+00:00	dgx-spark-04	True	0	cmtpeql4y1etk2auhbk9668ry
2026-09-06T11:13:32+00:00	dgx-spark-04	True	0	cmtpeql4y1etk2auhbk9668ry
2026-09-06T11:13:34+00:00	dgx-spark-04	True	0	cmtpeql4y1etk2auhbk9668ry
2026-09-06T11:13:36+00:00	dgx-spark-04	True	0	cmtpeql4y1etk2auhbk9668ry
2026-09-06T11:13:38+00:00	dgx-spark-04	True	0	cmtpeql4y1etk2auhbk9668ry
2026-09-06T11:13:40+00:00	dgx-spark-04	True	0	cmtpeql4y1etk2auhbk9668ry
2026-09-06T11:13:42+00:00	dgx-spark-04	True	0	cmtpeql4y1etk2auhbk9668ry
2026-09-06T11:13:44+00:00	dgx-spark-04	True	0	cmtpeql4y1etk2auhbk9668ry
2026-09-06T11:13:46+00:00	dgx-spark-04	True	0	cmtpeql4y1etk2auhbk9668ry
2026-09-06T11:13:49+00:00	dgx-spark-04	True	0	cmtpeql4y1etk2auhbk9668ry
2026-09-06T11:13:51+00:00	dgx-spark-04	True	0	cmtpeql4y1etk2auhbk9668ry
2026-09-06T11:13:53+00:00	dgx-spark-04	True	0	cmtpeql4y1etk2auhbk9668ry
2026-09-06T11:13:55+00:00	dgx-spark-04	True	0	cmtpeql4y1etk2auhbk9668ry
2026-09-06T11:13:57+00:00	dgx-spark-04	True	0	cmtpeql4y1etk2auhbk9668ry
2026-09-06T11:13:59+00:00	dgx-spark-04	True	0	cmtpeql4y1etk2auhbk9668ry
2026-09-06T11:14:01+00:00	dgx-spark-04	True	0	cmtpeql4y1etk2auhbk9668ry
2026-09-06T11:14:03+00:00	dgx-spark-04	True	0	cmtpeql4y1etk2auhbk9668ry
2026-09-06T11:14:05+00:00	dgx-spark-04	True	0	cmtpeql4y1etk2auhbk9668ry
2026-09-06T11:14:07+00:00	dgx-spark-04	True	0	cmtpeql4y1etk2auhbk9668ry
2026-09-06T11:14:09+00:00	dgx-spark-04	True	0	cmtpeql4y1etk2auhbk9668ry
2026-09-06T11:14:12+00:00	dgx-spark-04	True	0	cmtpeql4y1etk2auhbk9668ry
2026-09-06T11:14:14+00:00	dgx-spark-04	True	0	cmtpeql4y1etk2auhbk9668ry
2026-09-06T11:14:16+00:00	dgx-spark-04	True	0	cmtpeql4y1etk2auhbk9668ry
2026-09-06T11:14:18+00:00	dgx-spark-04	True	0	cmtpeql4y1etk2auhbk9668ry
2026-09-06T11:14:20+00:00	dgx-spark-04	True	0	cmtpeql4y1etk2auhbk9668ry
2026-09-06T11:14:22+00:00	dgx-spark-04	True	0	cmtpeql4y1etk2auhbk9668ry
2026-09-06T11:14:24+00:00	dgx-spark-04	True	0	cmtpeql4y1etk2auhbk9668ry
2026-09-06T11:14:26+00:00	dgx-spark-04	True	0	cmtpeql4y1etk2auhbk9668ry
2026-09-06T11:14:28+00:00	dgx-spark-04	True	0	cmtpeql4y1etk2auhbk9668ry
2026-09-06T11:14:30+00:00	dgx-spark-04	True	0	cmtpeql4y1etk2auhbk9668ry
2026-09-06T11:14:33+00:00	dgx-spark-04	True	0	cmtpeql4y1etk2auhbk9668ry
2026-09-06T11:14:35+00:00	dgx-spark-04	True	0	cmtpeql4y1etk2auhbk9668ry
2026-09-06T11:14:37+00:00	dgx-spark-04	True	0	cmtpeql4y1etk2auhbk9668ry
2026-09-06T11:14:39+00:00	dgx-spark-04	True	0	cmtpeql4y1etk2auhbk9668ry
2026-09-06T11:14:41+00:00	dgx-spark-04	True	0	cmtpeql4y1etk2auhbk9668ry
2026-09-06T11:14:43+00:00	dgx-spark-04	True	0	cmtpeql4y1etk2auhbk9668ry
2026-09-06T11:14:45+00:00	dgx-spark-04	True	0	cmtpeql4y1etk2auhbk9668ry
2026-09-06T11:14:47+00:00	dgx-spark-04	True	0	cmtpeql4y1etk2auhbk9668ry
2026-09-06T11:14:49+00:00	dgx-spark-04	True	0	cmtpeql4y1etk2auhbk9668ry
2026-09-06T11:14:51+00:00	dgx-spark-04	True	0	cmtpeql4y1etk2auhbk9668ry
2026-09-06T11:14:54+00:00	dgx-spark-04	True	0	cmtpeql4y1etk2auhbk9668ry
2026-09-06T11:14:56+00:00	dgx-spark-04	True	0	cmtpeql4y1etk2auhbk9668ry
2026-09-06T11:14:58+00:00	dgx-spark-04	True	0	cmtpeql4y1etk2auhbk9668ry
2026-09-06T11:15:00+00:00	dgx-spark-04	True	0	cmtpeql4y1etk2auhbk9668ry
2026-09-06T11:15:02+00:00	dgx-spark-04	True	0	cmtpeql4y1etk2auhbk9668ry
2026-09-06T11:15:04+00:00	dgx-spark-04	True	0	cmtpeql4y1etk2auhbk9668ry
2026-09-06T11:15:06+00:00	dgx-spark-04	True	0	cmtpeql4y1etk2auhbk9668ry
2026-09-06T11:15:08+00:00	dgx-spark-04	True	0	cmtpeql4y1etk2auhbk9668ry
2026-09-06T11:15:10+00:00	dgx-spark-04	True	0	cmtpeql4y1etk2auhbk9668ry
2026-09-06T11:15:12+00:00	dgx-spark-04	True	0	cmtpeql4y1etk2auhbk9668ry
2026-09-06T11:15:14+00:00	dgx-spark-04	True	0	cmtpeql4y1etk2auhbk9668ry
2026-09-06T11:15:17+00:00	dgx-spark-04	True	0	cmtpeql4y1etk2auhbk9668ry
2026-09-06T11:15:19+00:00	dgx-spark-04	True	0	cmtpeql4y1etk2auhbk9668ry
2026-09-06T11:15:21+00:00	dgx-spark-04	True	0	cmtpeql4y1etk2auhbk9668ry
2026-09-06T11:15:23+00:00	dgx-spark-04	True	0	cmtpeql4y1etk2auhbk9668ry
2026-09-06T11:15:25+00:00	dgx-spark-04	True	0	cmtpeql4y1etk2auhbk9668ry
2026-09-06T11:15:27+00:00	dgx-spark-04	True	0	cmtpeql4y1etk2auhbk9668ry
2026-09-06T11:15:29+00:00	dgx-spark-04	True	0	cmtpeql4y1etk2auhbk9668ry
2026-09-06T11:15:31+00:00	dgx-spark-04	True	0	cmtpeql4y1etk2auhbk9668ry
2026-09-06T11:15:33+00:00	dgx-spark-04	True	0	cmtpeql4y1etk2auhbk9668ry
2026-09-06T11:15:35+00:00	dgx-spark-04	True	0	cmtpeql4y1etk2auhbk9668ry
2026-09-06T11:15:38+00:00	dgx-spark-04	True	0	cmtpeql4y1etk2auhbk9668ry
2026-09-06T11:15:40+00:00	dgx-spark-04	True	0	cmtpeql4y1etk2auhbk9668ry
2026-09-06T11:15:42+00:00	dgx-spark-04	True	0	cmtpeql4y1etk2auhbk9668ry
2026-09-06T11:15:44+00:00	dgx-spark-04	True	0	cmtpeql4y1etk2auhbk9668ry
2026-09-06T11:15:46+00:00	dgx-spark-04	True	0	cmtpeql4y1etk2auhbk9668ry
2026-09-06T11:15:48+00:00	dgx-spark-04	True	0	cmtpeql4y1etk2auhbk9668ry
2026-09-06T11:15:50+00:00	dgx-spark-04	True	0	cmtpeql4y1etk2auhbk9668ry
2026-09-06T11:15:52+00:00	dgx-spark-04	True	0	cmtpeql4y1etk2auhbk9668ry
2026-09-06T11:15:54+00:00	dgx-spark-04	True	0	cmtpeql4y1etk2auhbk9668ry
2026-09-06T11:15:56+00:00	dgx-spark-04	True	0	cmtpeql4y1etk2auhbk9668ry
2026-09-06T11:15:59+00:00	dgx-spark-04	True	0	cmtpeql4y1etk2auhbk9668ry
2026-09-06T11:16:01+00:00	dgx-spark-04	True	0	cmtpeql4y1etk2auhbk9668ry
2026-09-06T11:16:03+00:00	dgx-spark-04	True	0	cmtpeql4y1etk2auhbk9668ry
2026-09-06T11:16:05+00:00	dgx-spark-04	True	0	cmtpeql4y1etk2auhbk9668ry
2026-09-06T11:16:07+00:00	dgx-spark-04	True	0	cmtpeql4y1etk2auhbk9668ry
2026-09-06T11:16:09+00:00	dgx-spark-04	True	0	cmtpeql4y1etk2auhbk9668ry
2026-09-06T11:16:11+00:00	dgx-spark-04	True	0	cmtpeql4y1etk2auhbk9668ry
2026-09-06T11:16:13+00:00	dgx-spark-04	True	0	cmtpeql4y1etk2auhbk9668ry
2026-09-06T11:16:15+00:00	dgx-spark-04	True	0	cmtpeql4y1etk2auhbk9668ry
2026-09-06T11:16:17+00:00	dgx-spark-04	True	0	cmtpeql4y1etk2auhbk9668ry
2026-09-06T11:16:20+00:00	dgx-spark-04	True	0	cmtpeql4y1etk2auhbk9668ry
2026-09-06T11:16:22+00:00	dgx-spark-04	True	0	cmtpeql4y1etk2auhbk9668ry
2026-09-06T11:16:24+00:00	dgx-spark-04	True	0	cmtpeql4y1etk2auhbk9668ry
2026-09-06T11:16:26+00:00	dgx-spark-04	True	0	cmtpeql4y1etk2auhbk9668ry
2026-09-06T11:16:28+00:00	dgx-spark-04	True	0	cmtpeql4y1etk2auhbk9668ry
2026-09-06T11:16:30+00:00	dgx-spark-04	True	0	cmtpeql4y1etk2auhbk9668ry
2026-09-06T11:16:32+00:00	dgx-spark-04	True	0	cmtpeql4y1etk2auhbk9668ry
2026-09-06T11:16:34+00:00	dgx-spark-04	True	0	cmtpeql4y1etk2auhbk9668ry
2026-09-06T11:16:36+00:00	dgx-spark-04	True	0	cmtpeql4y1etk2auhbk9668ry
2026-09-06T11:16:38+00:00	dgx-spark-04	True	0	cmtpeql4y1etk2auhbk9668ry
2026-09-06T11:16:40+00:00	dgx-spark-04	True	0	cmtpeql4y1etk2auhbk9668ry
2026-09-06T11:16:43+00:00	dgx-spark-04	True	0	cmtpeql4y1etk2auhbk9668ry
2026-09-06T11:16:45+00:00	dgx-spark-04	True	0	cmtpeql4y1etk2auhbk9668ry
2026-09-06T11:16:47+00:00	dgx-spark-04	True	0	cmtpeql4y1etk2auhbk9668ry
2026-09-06T11:16:49+00:00	dgx-spark-04	True	0	cmtpeql4y1etk2auhbk9668ry
2026-09-06T11:16:51+00:00	dgx-spark-04	True	0	cmtpeql4y1etk2auhbk9668ry
2026-09-06T11:16:53+00:00	dgx-spark-04	True	0	cmtpeql4y1etk2auhbk9668ry
2026-09-06T11:16:55+00:00	dgx-spark-04	True	0	cmtpeql4y1etk2auhbk9668ry
2026-09-06T11:16:57+00:00	dgx-spark-04	True	0	cmtpeql4y1etk2auhbk9668ry
2026-09-06T11:16:59+00:00	dgx-spark-04	True	0	cmtpeql4y1etk2auhbk9668ry
2026-09-06T11:17:01+00:00	dgx-spark-04	True	0	cmtpeql4y1etk2auhbk9668ry
2026-09-06T11:17:04+00:00	dgx-spark-04	True	0	cmtpeql4y1etk2auhbk9668ry
2026-09-06T11:17:06+00:00	dgx-spark-04	True	0	cmtpeql4y1etk2auhbk9668ry
2026-09-06T11:17:08+00:00	dgx-spark-04	True	0	cmtpeql4y1etk2auhbk9668ry
2026-09-06T11:17:10+00:00	dgx-spark-04	True	0	cmtpeql4y1etk2auhbk9668ry
2026-09-06T11:17:12+00:00	dgx-spark-04	True	0	cmtpeql4y1etk2auhbk9668ry
2026-09-06T11:17:14+00:00	dgx-spark-04	True	0	cmtpeql4y1etk2auhbk9668ry
2026-09-06T11:17:16+00:00	dgx-spark-04	True	0	cmtpeql4y1etk2auhbk9668ry
2026-09-06T11:17:18+00:00	dgx-spark-04	True	0	cmtpeql4y1etk2auhbk9668ry
2026-09-06T11:17:20+00:00	dgx-spark-04	True	0	cmtpeql4y1etk2auhbk9668ry
2026-09-06T11:17:22+00:00	dgx-spark-04	True	0	cmtpeql4y1etk2auhbk9668ry
2026-09-06T11:17:25+00:00	dgx-spark-04	True	0	cmtpeql4y1etk2auhbk9668ry
2026-09-06T11:17:27+00:00	dgx-spark-04	True	0	cmtpeql4y1etk2auhbk9668ry
2026-09-06T11:17:29+00:00	dgx-spark-04	True	0	cmtpeql4y1etk2auhbk9668ry
2026-09-06T11:17:31+00:00	dgx-spark-04	True	0	cmtpeql4y1etk2auhbk9668ry
2026-09-06T11:17:33+00:00	dgx-spark-04	True	0	cmtpeql4y1etk2auhbk9668ry
2026-09-06T11:17:35+00:00	dgx-spark-04	True	0	cmtpeql4y1etk2auhbk9668ry
2026-09-06T11:17:37+00:00	dgx-spark-04	True	0	cmtpeql4y1etk2auhbk9668ry
2026-09-06T11:17:39+00:00	dgx-spark-04	True	0	cmtpeql4y1etk2auhbk9668ry
2026-09-06T11:17:41+00:00	dgx-spark-04	True	0	cmtpeql4y1etk2auhbk9668ry
2026-09-06T11:17:43+00:00	dgx-spark-04	True	0	cmtpeql4y1etk2auhbk9668ry
2026-09-06T11:17:45+00:00	dgx-spark-04	True	0	cmtpeql4y1etk2auhbk9668ry
2026-09-06T11:17:48+00:00	dgx-spark-04	True	0	cmtpeql4y1etk2auhbk9668ry
2026-09-06T11:17:50+00:00	dgx-spark-04	True	0	cmtpeql4y1etk2auhbk9668ry
2026-09-06T11:17:52+00:00	dgx-spark-04	True	0	cmtpeql4y1etk2auhbk9668ry
2026-09-06T11:17:54+00:00	dgx-spark-04	True	0	cmtpeql4y1etk2auhbk9668ry
2026-09-06T11:17:56+00:00	dgx-spark-04	True	0	cmtpeql4y1etk2auhbk9668ry
2026-09-06T11:17:58+00:00	dgx-spark-04	True	0	cmtpeql4y1etk2auhbk9668ry
2026-09-06T11:18:00+00:00	dgx-spark-04	True	0	cmtpeql4y1etk2auhbk9668ry
2026-09-06T11:18:02+00:00	dgx-spark-04	True	0	cmtpeql4y1etk2auhbk9668ry
2026-09-06T11:18:04+00:00	dgx-spark-04	True	0	cmtpeql4y1etk2auhbk9668ry
2026-09-06T11:18:06+00:00	dgx-spark-04	True	0	cmtpeql4y1etk2auhbk9668ry
2026-09-06T11:18:09+00:00	dgx-spark-04	True	0	cmtpeql4y1etk2auhbk9668ry
2026-09-06T11:18:11+00:00	dgx-spark-04	True	0	cmtpeql4y1etk2auhbk9668ry
2026-09-06T11:18:13+00:00	dgx-spark-04	True	0	cmtpeql4y1etk2auhbk9668ry
2026-09-06T11:18:15+00:00	dgx-spark-04	True	0	cmtpeql4y1etk2auhbk9668ry
2026-09-06T11:18:17+00:00	dgx-spark-04	True	0	cmtpeql4y1etk2auhbk9668ry
2026-09-06T11:18:19+00:00	dgx-spark-04	True	0	cmtpeql4y1etk2auhbk9668ry
2026-09-06T11:18:21+00:00	dgx-spark-04	True	0	cmtpeql4y1etk2auhbk9668ry
2026-09-06T11:18:23+00:00	dgx-spark-04	True	0	cmtpeql4y1etk2auhbk9668ry
2026-09-06T11:18:25+00:00	dgx-spark-04	True	0	cmtpeql4y1etk2auhbk9668ry
2026-09-06T11:18:27+00:00	dgx-spark-04	True	0	cmtpeql4y1etk2auhbk9668ry
2026-09-06T11:18:30+00:00	dgx-spark-04	True	0	cmtpeql4y1etk2auhbk9668ry
2026-09-06T11:18:32+00:00	dgx-spark-04	True	0	cmtpeql4y1etk2auhbk9668ry
2026-09-06T11:18:34+00:00	dgx-spark-04	True	0	cmtpeql4y1etk2auhbk9668ry
2026-09-06T11:18:36+00:00	dgx-spark-04	True	0	cmtpeql4y1etk2auhbk9668ry
2026-09-06T11:18:38+00:00	dgx-spark-04	True	0	cmtpeql4y1etk2auhbk9668ry
2026-09-06T11:18:40+00:00	dgx-spark-04	True	0	cmtpeql4y1etk2auhbk9668ry
2026-09-06T11:18:42+00:00	dgx-spark-04	True	0	cmtpeql4y1etk2auhbk9668ry
2026-09-06T11:18:44+00:00	dgx-spark-04	True	0	cmtpeql4y1etk2auhbk9668ry
2026-09-06T11:18:46+00:00	dgx-spark-04	True	0	cmtpeql4y1etk2auhbk9668ry
2026-09-06T11:18:48+00:00	dgx-spark-04	True	0	cmtpeql4y1etk2auhbk9668ry
2026-09-06T11:18:51+00:00	dgx-spark-04	True	0	cmtpeql4y1etk2auhbk9668ry
2026-09-06T11:18:53+00:00	dgx-spark-04	True	0	cmtpeql4y1etk2auhbk9668ry
2026-09-06T11:18:55+00:00	dgx-spark-04	True	0	cmtpeql4y1etk2auhbk9668ry
2026-09-06T11:18:57+00:00	dgx-spark-04	True	0	cmtpeql4y1etk2auhbk9668ry
2026-09-06T11:18:59+00:00	dgx-spark-04	True	0	cmtpeql4y1etk2auhbk9668ry
2026-09-06T11:19:01+00:00	dgx-spark-04	True	0	cmtpeql4y1etk2auhbk9668ry
2026-09-06T11:19:03+00:00	dgx-spark-04	True	0	cmtpeql4y1etk2auhbk9668ry
2026-09-06T11:19:05+00:00	dgx-spark-04	True	0	cmtpeql4y1etk2auhbk9668ry
2026-09-06T11:19:07+00:00	dgx-spark-04	True	0	cmtpeql4y1etk2auhbk9668ry
2026-09-06T11:19:09+00:00	dgx-spark-04	True	0	cmtpeql4y1etk2auhbk9668ry
2026-09-06T11:19:11+00:00	dgx-spark-04	True	0	cmtpeql4y1etk2auhbk9668ry
2026-09-06T11:19:14+00:00	dgx-spark-04	True	0	cmtpeql4y1etk2auhbk9668ry
2026-09-06T11:19:16+00:00	dgx-spark-04	True	0	cmtpeql4y1etk2auhbk9668ry
2026-09-06T11:19:18+00:00	dgx-spark-04	True	0	cmtpeql4y1etk2auhbk9668ry
2026-09-06T11:19:20+00:00	dgx-spark-04	True	0	cmtpeql4y1etk2auhbk9668ry
2026-09-06T11:19:22+00:00	dgx-spark-04	True	0	cmtpeql4y1etk2auhbk9668ry
2026-09-06T11:19:24+00:00	dgx-spark-04	True	0	cmtpeql4y1etk2auhbk9668ry
2026-09-06T11:19:26+00:00	dgx-spark-04	True	0	cmtpeql4y1etk2auhbk9668ry
2026-09-06T11:19:28+00:00	dgx-spark-04	True	0	cmtpeql4y1etk2auhbk9668ry
2026-09-06T11:19:30+00:00	dgx-spark-04	True	0	cmtpeql4y1etk2auhbk9668ry
2026-09-06T11:19:32+00:00	dgx-spark-04	True	0	cmtpeql4y1etk2auhbk9668ry
2026-09-06T11:19:35+00:00	dgx-spark-04	True	0	cmtpeql4y1etk2auhbk9668ry
2026-09-06T11:19:37+00:00	dgx-spark-04	True	0	cmtpeql4y1etk2auhbk9668ry
2026-09-06T11:19:39+00:00	dgx-spark-04	True	0	cmtpeql4y1etk2auhbk9668ry
2026-09-06T11:19:41+00:00	dgx-spark-04	True	0	cmtpeql4y1etk2auhbk9668ry
2026-09-06T11:19:43+00:00	dgx-spark-04	True	0	cmtpeql4y1etk2auhbk9668ry
2026-09-06T11:19:45+00:00	dgx-spark-04	True	0	cmtpeql4y1etk2auhbk9668ry
2026-09-06T11:19:47+00:00	dgx-spark-04	True	0	cmtpeql4y1etk2auhbk9668ry
2026-09-06T11:19:49+00:00	dgx-spark-04	True	0	cmtpeql4y1etk2auhbk9668ry
2026-09-06T11:19:51+00:00	dgx-spark-04	True	0	cmtpeql4y1etk2auhbk9668ry
2026-09-06T11:19:53+00:00	dgx-spark-04	True	0	cmtpeql4y1etk2auhbk9668ry
2026-09-06T11:19:56+00:00	dgx-spark-04	True	0	cmtpeql4y1etk2auhbk9668ry
2026-09-06T11:19:58+00:00	dgx-spark-04	True	0	cmtpeql4y1etk2auhbk9668ry
2026-09-06T11:20:00+00:00	dgx-spark-04	True	0	cmtpeql4y1etk2auhbk9668ry
2026-09-06T11:20:02+00:00	dgx-spark-04	True	0	cmtpeql4y1etk2auhbk9668ry
2026-09-06T11:20:04+00:00	dgx-spark-04	True	0	cmtpeql4y1etk2auhbk9668ry
2026-09-06T11:20:06+00:00	dgx-spark-04	True	0	cmtpeql4y1etk2auhbk9668ry
2026-09-06T11:20:08+00:00	dgx-spark-04	True	0	cmtpeql4y1etk2auhbk9668ry
2026-09-06T11:20:10+00:00	dgx-spark-04	True	0	cmtpeql4y1etk2auhbk9668ry
2026-09-06T11:20:12+00:00	dgx-spark-04	True	0	cmtpeql4y1etk2auhbk9668ry
2026-09-06T11:20:14+00:00	dgx-spark-04	True	0	cmtpeql4y1etk2auhbk9668ry
2026-09-06T11:20:16+00:00	dgx-spark-04	True	0	cmtpeql4y1etk2auhbk9668ry
2026-09-06T11:20:19+00:00	dgx-spark-04	True	0	cmtpeql4y1etk2auhbk9668ry
2026-09-06T11:20:21+00:00	dgx-spark-04	True	0	cmtpeql4y1etk2auhbk9668ry
2026-09-06T11:20:23+00:00	dgx-spark-04	True	0	cmtpeql4y1etk2auhbk9668ry
2026-09-06T11:20:25+00:00	dgx-spark-04	True	0	cmtpeql4y1etk2auhbk9668ry
2026-09-06T11:20:27+00:00	dgx-spark-04	True	0	cmtpeql4y1etk2auhbk9668ry
2026-09-06T11:20:29+00:00	dgx-spark-04	True	0	cmtpeql4y1etk2auhbk9668ry
2026-09-06T11:20:31+00:00	dgx-spark-04	True	0	cmtpeql4y1etk2auhbk9668ry
2026-09-06T11:20:33+00:00	dgx-spark-04	True	0	cmtpeql4y1etk2auhbk9668ry
2026-09-06T11:20:35+00:00	dgx-spark-04	True	0	cmtpeql4y1etk2auhbk9668ry
2026-09-06T11:20:37+00:00	dgx-spark-04	True	0	cmtpeql4y1etk2auhbk9668ry
2026-09-06T11:20:40+00:00	dgx-spark-04	True	0	cmtpeql4y1etk2auhbk9668ry
2026-09-06T11:20:42+00:00	dgx-spark-04	True	0	cmtpeql4y1etk2auhbk9668ry
2026-09-06T11:20:44+00:00	dgx-spark-04	True	0	cmtpeql4y1etk2auhbk9668ry
2026-09-06T11:20:46+00:00	dgx-spark-04	True	0	cmtpeql4y1etk2auhbk9668ry
2026-09-06T11:20:48+00:00	dgx-spark-04	True	0	cmtpeql4y1etk2auhbk9668ry
2026-09-06T11:20:50+00:00	dgx-spark-04	True	0	cmtpeql4y1etk2auhbk9668ry
2026-09-06T11:20:52+00:00	dgx-spark-04	True	0	cmtpeql4y1etk2auhbk9668ry
2026-09-06T11:20:54+00:00	dgx-spark-04	True	0	cmtpeql4y1etk2auhbk9668ry
2026-09-06T11:20:56+00:00	dgx-spark-04	True	0	cmtpeql4y1etk2auhbk9668ry
2026-09-06T11:20:58+00:00	dgx-spark-04	True	0	cmtpeql4y1etk2auhbk9668ry
2026-09-06T11:21:01+00:00	dgx-spark-04	True	0	cmtpeql4y1etk2auhbk9668ry
2026-09-06T11:21:03+00:00	dgx-spark-04	True	0	cmtpeql4y1etk2auhbk9668ry
2026-09-06T11:21:05+00:00	dgx-spark-04	True	0	cmtpeql4y1etk2auhbk9668ry
2026-09-06T11:21:07+00:00	dgx-spark-04	True	0	cmtpeql4y1etk2auhbk9668ry
2026-09-06T11:21:09+00:00	dgx-spark-04	True	0	cmtpeql4y1etk2auhbk9668ry
2026-09-06T11:21:11+00:00	dgx-spark-04	True	0	cmtpeql4y1etk2auhbk9668ry
2026-09-06T11:21:13+00:00	dgx-spark-04	True	0	cmtpeql4y1etk2auhbk9668ry
2026-09-06T11:21:15+00:00	dgx-spark-04	True	0	cmtpeql4y1etk2auhbk9668ry
2026-09-06T11:21:17+00:00	dgx-spark-04	True	0	cmtpeql4y1etk2auhbk9668ry
2026-09-06T11:21:19+00:00	dgx-spark-04	True	0	cmtpeql4y1etk2auhbk9668ry
2026-09-06T11:21:22+00:00	dgx-spark-04	True	0	cmtpeql4y1etk2auhbk9668ry
2026-09-06T11:21:24+00:00	dgx-spark-04	True	0	cmtpeql4y1etk2auhbk9668ry
2026-09-06T11:21:26+00:00	dgx-spark-04	True	0	cmtpeql4y1etk2auhbk9668ry
2026-09-06T11:21:28+00:00	dgx-spark-04	True	0	cmtpeql4y1etk2auhbk9668ry
2026-09-06T11:21:30+00:00	dgx-spark-04	True	0	cmtpeql4y1etk2auhbk9668ry
2026-09-06T11:21:32+00:00	dgx-spark-04	True	0	cmtpeql4y1etk2auhbk9668ry
2026-09-06T11:21:34+00:00	dgx-spark-04	True	0	cmtpeql4y1etk2auhbk9668ry
2026-09-06T11:21:36+00:00	dgx-spark-04	True	0	cmtpeql4y1etk2auhbk9668ry
2026-09-06T11:21:38+00:00	dgx-spark-04	True	0	cmtpeql4y1etk2auhbk9668ry
2026-09-06T11:21:40+00:00	dgx-spark-04	True	0	cmtpeql4y1etk2auhbk9668ry
2026-09-06T11:21:42+00:00	dgx-spark-04	True	0	cmtpeql4y1etk2auhbk9668ry
2026-09-06T11:21:45+00:00	dgx-spark-04	True	0	cmtpeql4y1etk2auhbk9668ry
2026-09-06T11:21:47+00:00	dgx-spark-04	True	0	cmtpeql4y1etk2auhbk9668ry
2026-09-06T11:21:49+00:00	dgx-spark-04	True	0	cmtpeql4y1etk2auhbk9668ry
2026-09-06T11:21:51+00:00	dgx-spark-04	True	0	cmtpeql4y1etk2auhbk9668ry
2026-09-06T11:21:53+00:00	dgx-spark-04	True	0	cmtpeql4y1etk2auhbk9668ry
2026-09-06T11:21:55+00:00	dgx-spark-04	True	0	cmtpeql4y1etk2auhbk9668ry
2026-09-06T11:21:57+00:00	dgx-spark-04	True	0	cmtpeql4y1etk2auhbk9668ry
2026-09-06T11:21:59+00:00	dgx-spark-04	True	0	cmtpeql4y1etk2auhbk9668ry
2026-09-06T11:22:01+00:00	dgx-spark-04	True	0	cmtpeql4y1etk2auhbk9668ry
2026-09-06T11:22:03+00:00	dgx-spark-04	True	0	cmtpeql4y1etk2auhbk9668ry
2026-09-06T11:22:06+00:00	dgx-spark-04	True	0	cmtpeql4y1etk2auhbk9668ry
2026-09-06T11:22:08+00:00	dgx-spark-04	True	0	cmtpeql4y1etk2auhbk9668ry
2026-09-06T11:22:10+00:00	dgx-spark-04	True	0	cmtpeql4y1etk2auhbk9668ry
2026-09-06T11:22:12+00:00	dgx-spark-04	True	0	cmtpeql4y1etk2auhbk9668ry
2026-09-06T11:22:14+00:00	dgx-spark-04	True	0	cmtpeql4y1etk2auhbk9668ry
2026-09-06T11:22:16+00:00	dgx-spark-04	True	0	cmtpeql4y1etk2auhbk9668ry
2026-09-06T11:22:18+00:00	dgx-spark-04	True	0	cmtpeql4y1etk2auhbk9668ry
2026-09-06T11:22:20+00:00	dgx-spark-04	True	0	cmtpeql4y1etk2auhbk9668ry
2026-09-06T11:22:22+00:00	dgx-spark-04	True	0	cmtpeql4y1etk2auhbk9668ry
2026-09-06T11:22:24+00:00	dgx-spark-04	True	0	cmtpeql4y1etk2auhbk9668ry
2026-09-06T11:22:27+00:00	dgx-spark-04	True	0	cmtpeql4y1etk2auhbk9668ry
2026-09-06T11:22:29+00:00	dgx-spark-04	True	0	cmtpeql4y1etk2auhbk9668ry
2026-09-06T11:22:31+00:00	dgx-spark-04	True	0	cmtpeql4y1etk2auhbk9668ry
2026-09-06T11:22:33+00:00	dgx-spark-04	True	0	cmtpeql4y1etk2auhbk9668ry
2026-09-06T11:22:35+00:00	dgx-spark-04	True	0	cmtpeql4y1etk2auhbk9668ry
2026-09-06T11:22:37+00:00	dgx-spark-04	True	0	cmtpeql4y1etk2auhbk9668ry
2026-09-06T11:22:39+00:00	dgx-spark-04	True	0	cmtpeql4y1etk2auhbk9668ry
2026-09-06T11:22:41+00:00	dgx-spark-04	True	0	cmtpeql4y1etk2auhbk9668ry
2026-09-06T11:22:43+00:00	dgx-spark-04	True	0	cmtpeql4y1etk2auhbk9668ry
2026-09-06T11:22:45+00:00	dgx-spark-04	True	0	cmtpeql4y1etk2auhbk9668ry
2026-09-06T11:22:47+00:00	dgx-spark-04	True	0	cmtpeql4y1etk2auhbk9668ry
2026-09-06T11:22:50+00:00	dgx-spark-04	True	0	cmtpeql4y1etk2auhbk9668ry
2026-09-06T11:22:52+00:00	dgx-spark-04	True	0	cmtpeql4y1etk2auhbk9668ry
2026-09-06T11:22:54+00:00	dgx-spark-04	True	0	cmtpeql4y1etk2auhbk9668ry
2026-09-06T11:22:56+00:00	dgx-spark-04	True	0	cmtpeql4y1etk2auhbk9668ry
2026-09-06T11:22:58+00:00	dgx-spark-04	True	0	cmtpeql4y1etk2auhbk9668ry
2026-09-06T11:23:00+00:00	dgx-spark-04	True	0	cmtpeql4y1etk2auhbk9668ry
2026-09-06T11:23:02+00:00	dgx-spark-04	True	0	cmtpeql4y1etk2auhbk9668ry
2026-09-06T11:23:04+00:00	dgx-spark-04	True	0	cmtpeql4y1etk2auhbk9668ry
2026-09-06T11:23:06+00:00	dgx-spark-04	True	0	cmtpeql4y1etk2auhbk9668ry
2026-09-06T11:23:08+00:00	dgx-spark-04	True	0	cmtpeql4y1etk2auhbk9668ry
2026-09-06T11:23:11+00:00	dgx-spark-04	True	0	cmtpeql4y1etk2auhbk9668ry
2026-09-06T11:23:13+00:00	dgx-spark-04	True	0	cmtpeql4y1etk2auhbk9668ry
2026-09-06T11:23:15+00:00	dgx-spark-04	True	0	cmtpeql4y1etk2auhbk9668ry
2026-09-06T11:23:17+00:00	dgx-spark-04	True	0	cmtpeql4y1etk2auhbk9668ry
2026-09-06T11:23:19+00:00	dgx-spark-04	True	0	cmtpeql4y1etk2auhbk9668ry
2026-09-06T11:23:21+00:00	dgx-spark-04	True	0	cmtpeql4y1etk2auhbk9668ry
2026-09-06T11:23:23+00:00	dgx-spark-04	True	0	cmtpeql4y1etk2auhbk9668ry
2026-09-06T11:23:25+00:00	dgx-spark-04	True	0	cmtpeql4y1etk2auhbk9668ry
2026-09-06T11:23:27+00:00	dgx-spark-04	True	0	cmtpeql4y1etk2auhbk9668ry
2026-09-06T11:23:29+00:00	dgx-spark-04	True	0	cmtpeql4y1etk2auhbk9668ry
2026-09-06T11:23:32+00:00	dgx-spark-04	True	0	cmtpeql4y1etk2auhbk9668ry
2026-09-06T11:23:34+00:00	dgx-spark-04	True	0	cmtpeql4y1etk2auhbk9668ry
2026-09-06T11:23:36+00:00	dgx-spark-04	True	0	cmtpeql4y1etk2auhbk9668ry
2026-09-06T11:23:38+00:00	dgx-spark-04	True	0	cmtpeql4y1etk2auhbk9668ry
2026-09-06T11:23:40+00:00	dgx-spark-04	True	0	cmtpeql4y1etk2auhbk9668ry
2026-09-06T11:23:42+00:00	dgx-spark-04	True	0	cmtpeql4y1etk2auhbk9668ry
2026-09-06T11:23:44+00:00	dgx-spark-04	True	0	cmtpeql4y1etk2auhbk9668ry
2026-09-06T11:23:46+00:00	dgx-spark-04	True	0	cmtpeql4y1etk2auhbk9668ry
2026-09-06T11:23:48+00:00	dgx-spark-04	True	0	cmtpeql4y1etk2auhbk9668ry
2026-09-06T11:23:50+00:00	dgx-spark-04	True	0	cmtpeql4y1etk2auhbk9668ry
2026-09-06T11:23:52+00:00	dgx-spark-04	True	0	cmtpeql4y1etk2auhbk9668ry
2026-09-06T11:23:55+00:00	dgx-spark-04	True	0	cmtpeql4y1etk2auhbk9668ry
2026-09-06T11:23:57+00:00	dgx-spark-04	True	0	cmtpeql4y1etk2auhbk9668ry
2026-09-06T11:23:59+00:00	dgx-spark-04	True	0	cmtpeql4y1etk2auhbk9668ry
2026-09-06T11:24:01+00:00	dgx-spark-04	True	0	cmtpeql4y1etk2auhbk9668ry
2026-09-06T11:24:03+00:00	dgx-spark-04	True	0	cmtpeql4y1etk2auhbk9668ry
2026-09-06T11:24:05+00:00	dgx-spark-04	True	0	cmtpeql4y1etk2auhbk9668ry
2026-09-06T11:24:07+00:00	dgx-spark-04	True	0	cmtpeql4y1etk2auhbk9668ry
2026-09-06T11:24:09+00:00	dgx-spark-04	True	0	cmtpeql4y1etk2auhbk9668ry
2026-09-06T11:24:11+00:00	dgx-spark-04	True	0	cmtpeql4y1etk2auhbk9668ry
2026-09-06T11:24:13+00:00	dgx-spark-04	True	0	cmtpeql4y1etk2auhbk9668ry
2026-09-06T11:24:16+00:00	dgx-spark-04	True	0	cmtpeql4y1etk2auhbk9668ry
2026-09-06T11:24:18+00:00	dgx-spark-04	True	0	cmtpeql4y1etk2auhbk9668ry
2026-09-06T11:24:20+00:00	dgx-spark-04	True	0	cmtpeql4y1etk2auhbk9668ry
2026-09-06T11:24:22+00:00	dgx-spark-04	True	0	cmtpeql4y1etk2auhbk9668ry
2026-09-06T11:24:24+00:00	dgx-spark-04	True	0	cmtpeql4y1etk2auhbk9668ry
2026-09-06T11:24:26+00:00	dgx-spark-04	True	0	cmtpeql4y1etk2auhbk9668ry
2026-09-06T11:24:28+00:00	dgx-spark-04	True	0	cmtpeql4y1etk2auhbk9668ry
2026-09-06T11:24:30+00:00	dgx-spark-04	True	0	cmtpeql4y1etk2auhbk9668ry
2026-09-06T11:24:32+00:00	dgx-spark-04	True	0	cmtpeql4y1etk2auhbk9668ry
2026-09-06T11:24:34+00:00	dgx-spark-04	True	0	cmtpeql4y1etk2auhbk9668ry
2026-09-06T11:24:37+00:00	dgx-spark-04	True	0	cmtpeql4y1etk2auhbk9668ry
2026-09-06T11:24:39+00:00	dgx-spark-04	True	0	cmtpeql4y1etk2auhbk9668ry
2026-09-06T11:24:41+00:00	dgx-spark-04	True	0	cmtpeql4y1etk2auhbk9668ry
2026-09-06T11:24:43+00:00	dgx-spark-04	True	0	cmtpeql4y1etk2auhbk9668ry
2026-09-06T11:24:45+00:00	dgx-spark-04	True	0	cmtpeql4y1etk2auhbk9668ry
2026-09-06T11:24:47+00:00	dgx-spark-04	True	0	cmtpeql4y1etk2auhbk9668ry
2026-09-06T11:24:49+00:00	dgx-spark-04	True	0	cmtpeql4y1etk2auhbk9668ry
2026-09-06T11:24:51+00:00	dgx-spark-04	True	0	cmtpeql4y1etk2auhbk9668ry
2026-09-06T11:24:53+00:00	dgx-spark-04	True	0	cmtpeql4y1etk2auhbk9668ry
2026-09-06T11:24:55+00:00	dgx-spark-04	True	0	cmtpeql4y1etk2auhbk9668ry
2026-09-06T11:24:58+00:00	dgx-spark-04	True	0	cmtpeql4y1etk2auhbk9668ry
2026-09-06T11:25:00+00:00	dgx-spark-04	True	0	cmtpeql4y1etk2auhbk9668ry
2026-09-06T11:25:02+00:00	dgx-spark-04	True	0	cmtpeql4y1etk2auhbk9668ry
2026-09-06T11:25:04+00:00	dgx-spark-04	True	0	cmtpeql4y1etk2auhbk9668ry
2026-09-06T11:25:06+00:00	dgx-spark-04	True	0	cmtpeql4y1etk2auhbk9668ry
2026-09-06T11:25:08+00:00	dgx-spark-04	True	0	cmtpeql4y1etk2auhbk9668ry
2026-09-06T11:25:10+00:00	dgx-spark-04	True	0	cmtpeql4y1etk2auhbk9668ry
2026-09-06T11:25:12+00:00	dgx-spark-04	True	0	cmtpeql4y1etk2auhbk9668ry
2026-09-06T11:25:14+00:00	dgx-spark-04	True	0	cmtpeql4y1etk2auhbk9668ry
2026-09-06T11:25:16+00:00	dgx-spark-04	True	0	cmtpeql4y1etk2auhbk9668ry
2026-09-06T11:25:18+00:00	dgx-spark-04	True	0	cmtpeql4y1etk2auhbk9668ry
2026-09-06T11:25:21+00:00	dgx-spark-04	True	0	cmtpeql4y1etk2auhbk9668ry
2026-09-06T11:25:23+00:00	dgx-spark-04	True	0	cmtpeql4y1etk2auhbk9668ry
2026-09-06T11:25:25+00:00	dgx-spark-04	True	0	cmtpeql4y1etk2auhbk9668ry
2026-09-06T11:25:27+00:00	dgx-spark-04	True	0	cmtpeql4y1etk2auhbk9668ry
2026-09-06T11:25:29+00:00	dgx-spark-04	True	0	cmtpeql4y1etk2auhbk9668ry
2026-09-06T11:25:31+00:00	dgx-spark-04	True	0	cmtpeql4y1etk2auhbk9668ry
2026-09-06T11:25:33+00:00	dgx-spark-04	True	0	cmtpeql4y1etk2auhbk9668ry
2026-09-06T11:25:35+00:00	dgx-spark-04	True	0	cmtpeql4y1etk2auhbk9668ry
2026-09-06T11:25:37+00:00	dgx-spark-04	True	0	cmtpeql4y1etk2auhbk9668ry
2026-09-06T11:25:39+00:00	dgx-spark-04	True	0	cmtpeql4y1etk2auhbk9668ry
2026-09-06T11:25:42+00:00	dgx-spark-04	True	0	cmtpeql4y1etk2auhbk9668ry
2026-09-06T11:25:44+00:00	dgx-spark-04	True	0	cmtpeql4y1etk2auhbk9668ry
2026-09-06T11:25:46+00:00	dgx-spark-04	True	0	cmtpeql4y1etk2auhbk9668ry
2026-09-06T11:25:48+00:00	dgx-spark-04	True	0	cmtpeql4y1etk2auhbk9668ry
2026-09-06T11:25:50+00:00	dgx-spark-04	True	0	cmtpeql4y1etk2auhbk9668ry
2026-09-06T11:25:52+00:00	dgx-spark-04	True	0	cmtpeql4y1etk2auhbk9668ry
2026-09-06T11:25:54+00:00	dgx-spark-04	True	0	cmtpeql4y1etk2auhbk9668ry
2026-09-06T11:25:56+00:00	dgx-spark-04	True	0	cmtpeql4y1etk2auhbk9668ry
2026-09-06T11:25:58+00:00	dgx-spark-04	True	0	cmtpeql4y1etk2auhbk9668ry
2026-09-06T11:26:00+00:00	dgx-spark-04	True	0	cmtpeql4y1etk2auhbk9668ry
2026-09-06T11:26:03+00:00	dgx-spark-04	True	0	cmtpeql4y1etk2auhbk9668ry
2026-09-06T11:26:05+00:00	dgx-spark-04	True	0	cmtpeql4y1etk2auhbk9668ry
2026-09-06T11:26:07+00:00	dgx-spark-04	True	0	cmtpeql4y1etk2auhbk9668ry
2026-09-06T11:26:09+00:00	dgx-spark-04	True	0	cmtpeql4y1etk2auhbk9668ry
2026-09-06T11:26:11+00:00	dgx-spark-04	True	0	cmtpeql4y1etk2auhbk9668ry
2026-09-06T11:26:13+00:00	dgx-spark-04	True	0	cmtpeql4y1etk2auhbk9668ry
2026-09-06T11:26:15+00:00	dgx-spark-04	True	0	cmtpeql4y1etk2auhbk9668ry
2026-09-06T11:26:17+00:00	dgx-spark-04	True	0	cmtpeql4y1etk2auhbk9668ry
2026-09-06T11:26:19+00:00	dgx-spark-04	True	0	cmtpeql4y1etk2auhbk9668ry
2026-09-06T11:26:21+00:00	dgx-spark-04	True	0	cmtpeql4y1etk2auhbk9668ry
2026-09-06T11:26:23+00:00	dgx-spark-04	True	0	cmtpeql4y1etk2auhbk9668ry
2026-09-06T11:26:26+00:00	dgx-spark-04	True	0	cmtpeql4y1etk2auhbk9668ry
2026-09-06T11:26:28+00:00	dgx-spark-04	True	0	cmtpeql4y1etk2auhbk9668ry
2026-09-06T11:26:30+00:00	dgx-spark-04	True	0	cmtpeql4y1etk2auhbk9668ry
2026-09-06T11:26:32+00:00	dgx-spark-04	True	0	cmtpeql4y1etk2auhbk9668ry
2026-09-06T11:26:34+00:00	dgx-spark-04	True	0	cmtpeql4y1etk2auhbk9668ry
2026-09-06T11:26:36+00:00	dgx-spark-04	True	0	cmtpeql4y1etk2auhbk9668ry
2026-09-06T11:26:38+00:00	dgx-spark-04	True	0	cmtpeql4y1etk2auhbk9668ry
2026-09-06T11:26:40+00:00	dgx-spark-04	True	0	cmtpeql4y1etk2auhbk9668ry
2026-09-06T11:26:42+00:00	dgx-spark-04	True	0	cmtpeql4y1etk2auhbk9668ry
2026-09-06T11:26:44+00:00	dgx-spark-04	True	0	cmtpeql4y1etk2auhbk9668ry
2026-09-06T11:26:47+00:00	dgx-spark-04	True	0	cmtpeql4y1etk2auhbk9668ry
2026-09-06T11:26:49+00:00	dgx-spark-04	True	0	cmtpeql4y1etk2auhbk9668ry
2026-09-06T11:26:51+00:00	dgx-spark-04	True	0	cmtpeql4y1etk2auhbk9668ry
2026-09-06T11:26:53+00:00	dgx-spark-04	True	0	cmtpeql4y1etk2auhbk9668ry
2026-09-06T11:26:55+00:00	dgx-spark-04	True	0	cmtpeql4y1etk2auhbk9668ry
2026-09-06T11:26:57+00:00	dgx-spark-04	True	0	cmtpeql4y1etk2auhbk9668ry
2026-09-06T11:26:59+00:00	dgx-spark-04	True	0	cmtpeql4y1etk2auhbk9668ry
2026-09-06T11:27:01+00:00	dgx-spark-04	True	0	cmtpeql4y1etk2auhbk9668ry
2026-09-06T11:27:03+00:00	dgx-spark-04	True	0	cmtpeql4y1etk2auhbk9668ry
2026-09-06T11:27:05+00:00	dgx-spark-04	True	0	cmtpeql4y1etk2auhbk9668ry
2026-09-06T11:27:08+00:00	dgx-spark-04	True	0	cmtpeql4y1etk2auhbk9668ry
2026-09-06T11:27:10+00:00	dgx-spark-04	True	0	cmtpeql4y1etk2auhbk9668ry
2026-09-06T11:27:12+00:00	dgx-spark-04	True	0	cmtpeql4y1etk2auhbk9668ry
2026-09-06T11:27:14+00:00	dgx-spark-04	True	0	cmtpeql4y1etk2auhbk9668ry
2026-09-06T11:27:16+00:00	dgx-spark-04	True	0	cmtpeql4y1etk2auhbk9668ry
2026-09-06T11:27:18+00:00	dgx-spark-04	True	0	cmtpeql4y1etk2auhbk9668ry
2026-09-06T11:27:20+00:00	dgx-spark-04	True	0	cmtpeql4y1etk2auhbk9668ry
2026-09-06T11:27:22+00:00	dgx-spark-04	True	0	cmtpeql4y1etk2auhbk9668ry
2026-09-06T11:27:24+00:00	dgx-spark-04	True	0	cmtpeql4y1etk2auhbk9668ry
2026-09-06T11:27:26+00:00	dgx-spark-04	True	0	cmtpeql4y1etk2auhbk9668ry
2026-09-06T11:27:28+00:00	dgx-spark-04	True	0	cmtpeql4y1etk2auhbk9668ry
2026-09-06T11:27:31+00:00	dgx-spark-04	True	0	cmtpeql4y1etk2auhbk9668ry
2026-09-06T11:27:33+00:00	dgx-spark-04	True	0	cmtpeql4y1etk2auhbk9668ry
2026-09-06T11:27:35+00:00	dgx-spark-04	True	0	cmtpeql4y1etk2auhbk9668ry
2026-09-06T11:27:37+00:00	dgx-spark-04	True	0	cmtpeql4y1etk2auhbk9668ry
2026-09-06T11:27:39+00:00	dgx-spark-04	True	0	cmtpeql4y1etk2auhbk9668ry
2026-09-06T11:27:41+00:00	dgx-spark-04	True	0	cmtpeql4y1etk2auhbk9668ry
2026-09-06T11:27:43+00:00	dgx-spark-04	True	0	cmtpeql4y1etk2auhbk9668ry
2026-09-06T11:27:45+00:00	dgx-spark-04	True	0	cmtpeql4y1etk2auhbk9668ry
2026-09-06T11:27:47+00:00	dgx-spark-04	True	0	cmtpeql4y1etk2auhbk9668ry
2026-09-06T11:27:49+00:00	dgx-spark-04	True	0	cmtpeql4y1etk2auhbk9668ry
2026-09-06T11:27:52+00:00	dgx-spark-04	True	0	cmtpeql4y1etk2auhbk9668ry
2026-09-06T11:27:54+00:00	dgx-spark-04	True	0	cmtpeql4y1etk2auhbk9668ry
2026-09-06T11:27:56+00:00	dgx-spark-04	True	0	cmtpeql4y1etk2auhbk9668ry
2026-09-06T11:27:58+00:00	dgx-spark-04	True	0	cmtpeql4y1etk2auhbk9668ry
2026-09-06T11:28:00+00:00	dgx-spark-04	True	0	cmtpeql4y1etk2auhbk9668ry
2026-09-06T11:28:02+00:00	dgx-spark-04	True	0	cmtpeql4y1etk2auhbk9668ry
2026-09-06T11:28:04+00:00	dgx-spark-04	True	0	cmtpeql4y1etk2auhbk9668ry
2026-09-06T11:28:06+00:00	dgx-spark-04	True	0	cmtpeql4y1etk2auhbk9668ry
2026-09-06T11:28:08+00:00	dgx-spark-04	True	0	cmtpeql4y1etk2auhbk9668ry
2026-09-06T11:28:10+00:00	dgx-spark-04	True	0	cmtpeql4y1etk2auhbk9668ry
2026-09-06T11:28:13+00:00	dgx-spark-04	True	0	cmtpeql4y1etk2auhbk9668ry
2026-09-06T11:28:15+00:00	dgx-spark-04	True	0	cmtpeql4y1etk2auhbk9668ry
2026-09-06T11:28:17+00:00	dgx-spark-04	True	0	cmtpeql4y1etk2auhbk9668ry
2026-09-06T11:28:19+00:00	dgx-spark-04	True	0	cmtpeql4y1etk2auhbk9668ry
2026-09-06T11:28:21+00:00	dgx-spark-04	True	0	cmtpeql4y1etk2auhbk9668ry
2026-09-06T11:28:23+00:00	dgx-spark-04	True	0	cmtpeql4y1etk2auhbk9668ry
2026-09-06T11:28:25+00:00	dgx-spark-04	True	0	cmtpeql4y1etk2auhbk9668ry
2026-09-06T11:28:27+00:00	dgx-spark-04	True	0	cmtpeql4y1etk2auhbk9668ry
2026-09-06T11:28:29+00:00	dgx-spark-04	True	0	cmtpeql4y1etk2auhbk9668ry
2026-09-06T11:28:31+00:00	dgx-spark-04	True	0	cmtpeql4y1etk2auhbk9668ry
2026-09-06T11:28:34+00:00	dgx-spark-04	True	0	cmtpeql4y1etk2auhbk9668ry
2026-09-06T11:28:36+00:00	dgx-spark-04	True	0	cmtpeql4y1etk2auhbk9668ry
2026-09-06T11:28:38+00:00	dgx-spark-04	True	0	cmtpeql4y1etk2auhbk9668ry
2026-09-06T11:28:40+00:00	dgx-spark-04	True	0	cmtpeql4y1etk2auhbk9668ry
2026-09-06T11:28:42+00:00	dgx-spark-04	True	0	cmtpeql4y1etk2auhbk9668ry
2026-09-06T11:28:44+00:00	dgx-spark-04	True	0	cmtpeql4y1etk2auhbk9668ry
2026-09-06T11:28:46+00:00	dgx-spark-04	True	0	cmtpeql4y1etk2auhbk9668ry
2026-09-06T11:28:48+00:00	dgx-spark-04	True	0	cmtpeql4y1etk2auhbk9668ry
2026-09-06T11:28:50+00:00	dgx-spark-04	True	0	cmtpeql4y1etk2auhbk9668ry
2026-09-06T11:28:52+00:00	dgx-spark-04	True	0	cmtpeql4y1etk2auhbk9668ry
2026-09-06T11:28:54+00:00	dgx-spark-04	True	0	cmtpeql4y1etk2auhbk9668ry
2026-09-06T11:28:57+00:00	dgx-spark-04	True	0	cmtpeql4y1etk2auhbk9668ry
2026-09-06T11:28:59+00:00	dgx-spark-04	True	0	cmtpeql4y1etk2auhbk9668ry
2026-09-06T11:29:01+00:00	dgx-spark-04	True	0	cmtpeql4y1etk2auhbk9668ry
2026-09-06T11:29:03+00:00	dgx-spark-04	True	0	cmtpeql4y1etk2auhbk9668ry
2026-09-06T11:29:05+00:00	dgx-spark-04	True	0	cmtpeql4y1etk2auhbk9668ry
2026-09-06T11:29:07+00:00	dgx-spark-04	True	0	cmtpeql4y1etk2auhbk9668ry
2026-09-06T11:29:09+00:00	dgx-spark-04	True	0	cmtpeql4y1etk2auhbk9668ry
2026-09-06T11:29:11+00:00	dgx-spark-04	True	0	cmtpeql4y1etk2auhbk9668ry
2026-09-06T11:29:13+00:00	dgx-spark-04	True	0	cmtpeql4y1etk2auhbk9668ry
2026-09-06T11:29:15+00:00	dgx-spark-04	True	0	cmtpeql4y1etk2auhbk9668ry
2026-09-06T11:29:18+00:00	dgx-spark-04	True	0	cmtpeql4y1etk2auhbk9668ry
2026-09-06T11:29:20+00:00	dgx-spark-04	True	0	cmtpeql4y1etk2auhbk9668ry
2026-09-06T11:29:22+00:00	dgx-spark-04	True	0	cmtpeql4y1etk2auhbk9668ry
2026-09-06T11:29:24+00:00	dgx-spark-04	True	0	cmtpeql4y1etk2auhbk9668ry
2026-09-06T11:29:26+00:00	dgx-spark-04	True	0	cmtpeql4y1etk2auhbk9668ry
2026-09-06T11:29:28+00:00	dgx-spark-04	True	0	cmtpeql4y1etk2auhbk9668ry
2026-09-06T11:29:30+00:00	dgx-spark-04	True	0	cmtpeql4y1etk2auhbk9668ry
2026-09-06T11:29:32+00:00	dgx-spark-04	True	0	cmtpeql4y1etk2auhbk9668ry
2026-09-06T11:29:34+00:00	dgx-spark-04	True	0	cmtpeql4y1etk2auhbk9668ry
2026-09-06T11:29:36+00:00	dgx-spark-04	True	0	cmtpeql4y1etk2auhbk9668ry
2026-09-06T11:29:39+00:00	dgx-spark-04	True	0	cmtpeql4y1etk2auhbk9668ry
2026-09-06T11:29:41+00:00	dgx-spark-04	True	0	cmtpeql4y1etk2auhbk9668ry
2026-09-06T11:29:43+00:00	dgx-spark-04	True	0	cmtpeql4y1etk2auhbk9668ry
2026-09-06T11:29:45+00:00	dgx-spark-04	True	0	cmtpeql4y1etk2auhbk9668ry
2026-09-06T11:29:47+00:00	dgx-spark-04	True	0	cmtpeql4y1etk2auhbk9668ry
2026-09-06T11:29:49+00:00	dgx-spark-04	True	0	cmtpeql4y1etk2auhbk9668ry
2026-09-06T11:29:51+00:00	dgx-spark-04	True	0	cmtpeql4y1etk2auhbk9668ry
2026-09-06T11:29:53+00:00	dgx-spark-04	True	0	cmtpeql4y1etk2auhbk9668ry
2026-09-06T11:29:55+00:00	dgx-spark-04	True	0	cmtpeql4y1etk2auhbk9668ry
2026-09-06T11:29:57+00:00	dgx-spark-04	True	0	cmtpeql4y1etk2auhbk9668ry
2026-09-06T11:29:59+00:00	dgx-spark-04	True	0	cmtpeql4y1etk2auhbk9668ry
2026-09-06T11:30:02+00:00	dgx-spark-04	True	0	cmtpeql4y1etk2auhbk9668ry
2026-09-06T11:30:04+00:00	dgx-spark-04	True	0	cmtpeql4y1etk2auhbk9668ry
2026-09-06T11:30:06+00:00	dgx-spark-04	True	0	cmtpeql4y1etk2auhbk9668ry
2026-09-06T11:30:08+00:00	dgx-spark-04	True	0	cmtpeql4y1etk2auhbk9668ry
2026-09-06T11:30:10+00:00	dgx-spark-04	True	0	cmtpeql4y1etk2auhbk9668ry
2026-09-06T11:30:12+00:00	dgx-spark-04	True	0	cmtpeql4y1etk2auhbk9668ry
2026-09-06T11:30:14+00:00	dgx-spark-04	True	0	cmtpeql4y1etk2auhbk9668ry
2026-09-06T11:30:16+00:00	dgx-spark-04	True	0	cmtpeql4y1etk2auhbk9668ry
2026-09-06T11:30:18+00:00	dgx-spark-04	True	0	cmtpeql4y1etk2auhbk9668ry
2026-09-06T11:30:20+00:00	dgx-spark-04	True	0	cmtpeql4y1etk2auhbk9668ry
2026-09-06T11:30:23+00:00	dgx-spark-04	True	0	cmtpeql4y1etk2auhbk9668ry
2026-09-06T11:30:25+00:00	dgx-spark-04	True	0	cmtpeql4y1etk2auhbk9668ry
2026-09-06T11:30:27+00:00	dgx-spark-04	True	0	cmtpeql4y1etk2auhbk9668ry
2026-09-06T11:30:29+00:00	dgx-spark-04	True	0	cmtpeql4y1etk2auhbk9668ry
2026-09-06T11:30:31+00:00	dgx-spark-04	True	0	cmtpeql4y1etk2auhbk9668ry
2026-09-06T11:30:33+00:00	dgx-spark-04	True	0	cmtpeql4y1etk2auhbk9668ry
2026-09-06T11:30:35+00:00	dgx-spark-04	True	0	cmtpeql4y1etk2auhbk9668ry
2026-09-06T11:30:37+00:00	dgx-spark-04	True	0	cmtpeql4y1etk2auhbk9668ry
2026-09-06T11:30:39+00:00	dgx-spark-04	True	0	cmtpeql4y1etk2auhbk9668ry
2026-09-06T11:30:41+00:00	dgx-spark-04	True	0	cmtpeql4y1etk2auhbk9668ry
2026-09-06T11:30:44+00:00	dgx-spark-04	True	0	cmtpeql4y1etk2auhbk9668ry
2026-09-06T11:30:46+00:00	dgx-spark-04	True	0	cmtpeql4y1etk2auhbk9668ry
2026-09-06T11:30:48+00:00	dgx-spark-04	True	0	cmtpeql4y1etk2auhbk9668ry
2026-09-06T11:30:50+00:00	dgx-spark-04	True	0	cmtpeql4y1etk2auhbk9668ry
2026-09-06T11:30:52+00:00	dgx-spark-04	True	0	cmtpeql4y1etk2auhbk9668ry
2026-09-06T11:30:54+00:00	dgx-spark-04	True	0	cmtpeql4y1etk2auhbk9668ry
2026-09-06T11:30:56+00:00	dgx-spark-04	True	0	cmtpeql4y1etk2auhbk9668ry
2026-09-06T11:30:58+00:00	dgx-spark-04	True	0	cmtpeql4y1etk2auhbk9668ry
2026-09-06T11:31:00+00:00	dgx-spark-04	True	0	cmtpeql4y1etk2auhbk9668ry
2026-09-06T11:31:02+00:00	dgx-spark-04	True	0	cmtpeql4y1etk2auhbk9668ry
2026-09-06T11:31:05+00:00	dgx-spark-04	True	0	cmtpeql4y1etk2auhbk9668ry
2026-09-06T11:31:07+00:00	dgx-spark-04	True	0	cmtpeql4y1etk2auhbk9668ry
2026-09-06T11:31:09+00:00	dgx-spark-04	True	0	cmtpeql4y1etk2auhbk9668ry
2026-09-06T11:31:11+00:00	dgx-spark-04	True	0	cmtpeql4y1etk2auhbk9668ry
2026-09-06T11:31:13+00:00	dgx-spark-04	True	0	cmtpeql4y1etk2auhbk9668ry
2026-09-06T11:31:15+00:00	dgx-spark-04	True	0	cmtpeql4y1etk2auhbk9668ry
2026-09-06T11:31:17+00:00	dgx-spark-04	True	0	cmtpeql4y1etk2auhbk9668ry
2026-09-06T11:31:19+00:00	dgx-spark-04	True	0	cmtpeql4y1etk2auhbk9668ry
2026-09-06T11:31:21+00:00	dgx-spark-04	True	0	cmtpeql4y1etk2auhbk9668ry
2026-09-06T11:31:23+00:00	dgx-spark-04	True	0	cmtpeql4y1etk2auhbk9668ry
2026-09-06T11:31:25+00:00	dgx-spark-04	True	0	cmtpeql4y1etk2auhbk9668ry
2026-09-06T11:31:28+00:00	dgx-spark-04	True	0	cmtpeql4y1etk2auhbk9668ry
2026-09-06T11:31:30+00:00	dgx-spark-04	True	0	cmtpeql4y1etk2auhbk9668ry
2026-09-06T11:31:32+00:00	dgx-spark-04	True	0	cmtpeql4y1etk2auhbk9668ry
2026-09-06T11:31:34+00:00	dgx-spark-04	True	0	cmtpeql4y1etk2auhbk9668ry
2026-09-06T11:31:36+00:00	dgx-spark-04	True	0	cmtpeql4y1etk2auhbk9668ry
2026-09-06T11:31:38+00:00	dgx-spark-04	True	0	cmtpeql4y1etk2auhbk9668ry
2026-09-06T11:31:40+00:00	dgx-spark-04	True	0	cmtpeql4y1etk2auhbk9668ry
2026-09-06T11:31:42+00:00	dgx-spark-04	True	0	cmtpeql4y1etk2auhbk9668ry
2026-09-06T11:31:44+00:00	dgx-spark-04	True	0	cmtpeql4y1etk2auhbk9668ry
2026-09-06T11:31:46+00:00	dgx-spark-04	True	0	cmtpeql4y1etk2auhbk9668ry
2026-09-06T11:31:49+00:00	dgx-spark-04	True	0	cmtpeql4y1etk2auhbk9668ry
2026-09-06T11:31:51+00:00	dgx-spark-04	True	0	cmtpeql4y1etk2auhbk9668ry
2026-09-06T11:31:53+00:00	dgx-spark-04	True	0	cmtpeql4y1etk2auhbk9668ry
2026-09-06T11:31:55+00:00	dgx-spark-04	True	0	cmtpeql4y1etk2auhbk9668ry
2026-09-06T11:31:57+00:00	dgx-spark-04	True	0	cmtpeql4y1etk2auhbk9668ry
2026-09-06T11:31:59+00:00	dgx-spark-04	True	0	cmtpeql4y1etk2auhbk9668ry
2026-09-06T11:32:01+00:00	dgx-spark-04	True	0	cmtpeql4y1etk2auhbk9668ry
2026-09-06T11:32:03+00:00	dgx-spark-04	True	0	cmtpeql4y1etk2auhbk9668ry
2026-09-06T11:32:05+00:00	dgx-spark-04	True	0	cmtpeql4y1etk2auhbk9668ry
2026-09-06T11:32:07+00:00	dgx-spark-04	True	0	cmtpeql4y1etk2auhbk9668ry
2026-09-06T11:32:10+00:00	dgx-spark-04	True	0	cmtpeql4y1etk2auhbk9668ry
2026-09-06T11:32:12+00:00	dgx-spark-04	True	0	cmtpeql4y1etk2auhbk9668ry
2026-09-06T11:32:14+00:00	dgx-spark-04	True	0	cmtpeql4y1etk2auhbk9668ry
2026-09-06T11:32:16+00:00	dgx-spark-04	True	0	cmtpeql4y1etk2auhbk9668ry
2026-09-06T11:32:18+00:00	dgx-spark-04	True	0	cmtpeql4y1etk2auhbk9668ry
2026-09-06T11:32:20+00:00	dgx-spark-04	True	0	cmtpeql4y1etk2auhbk9668ry
2026-09-06T11:32:22+00:00	dgx-spark-04	True	0	cmtpeql4y1etk2auhbk9668ry
2026-09-06T11:32:24+00:00	dgx-spark-04	True	0	cmtpeql4y1etk2auhbk9668ry
2026-09-06T11:32:26+00:00	dgx-spark-04	True	0	cmtpeql4y1etk2auhbk9668ry
2026-09-06T11:32:28+00:00	dgx-spark-04	True	0	cmtpeql4y1etk2auhbk9668ry
2026-09-06T11:32:30+00:00	dgx-spark-04	True	0	cmtpeql4y1etk2auhbk9668ry
2026-09-06T11:32:33+00:00	dgx-spark-04	True	0	cmtpeql4y1etk2auhbk9668ry
2026-09-06T11:32:35+00:00	dgx-spark-04	True	0	cmtpeql4y1etk2auhbk9668ry
2026-09-06T11:32:37+00:00	dgx-spark-04	True	0	cmtpeql4y1etk2auhbk9668ry
2026-09-06T11:32:39+00:00	dgx-spark-04	True	0	cmtpeql4y1etk2auhbk9668ry
2026-09-06T11:32:41+00:00	dgx-spark-04	True	0	cmtpeql4y1etk2auhbk9668ry
2026-09-06T11:32:43+00:00	dgx-spark-04	True	0	cmtpeql4y1etk2auhbk9668ry
2026-09-06T11:32:45+00:00	dgx-spark-04	True	0	cmtpeql4y1etk2auhbk9668ry
2026-09-06T11:32:47+00:00	dgx-spark-04	True	0	cmtpeql4y1etk2auhbk9668ry
2026-09-06T11:32:49+00:00	dgx-spark-04	True	0	cmtpeql4y1etk2auhbk9668ry
2026-09-06T11:32:51+00:00	dgx-spark-04	True	0	cmtpeql4y1etk2auhbk9668ry
2026-09-06T11:32:54+00:00	dgx-spark-04	True	0	cmtpeql4y1etk2auhbk9668ry
2026-09-06T11:32:56+00:00	dgx-spark-04	True	0	cmtpeql4y1etk2auhbk9668ry
2026-09-06T11:32:58+00:00	dgx-spark-04	True	0	cmtpeql4y1etk2auhbk9668ry
2026-09-06T11:33:00+00:00	dgx-spark-04	True	0	cmtpeql4y1etk2auhbk9668ry
2026-09-06T11:33:02+00:00	dgx-spark-04	True	0	cmtpeql4y1etk2auhbk9668ry
2026-09-06T11:33:04+00:00	dgx-spark-04	True	0	cmtpeql4y1etk2auhbk9668ry
2026-09-06T11:33:06+00:00	dgx-spark-04	True	0	cmtpeql4y1etk2auhbk9668ry
2026-09-06T11:33:08+00:00	dgx-spark-04	True	0	cmtpeql4y1etk2auhbk9668ry
2026-09-06T11:33:10+00:00	dgx-spark-04	True	0	cmtpeql4y1etk2auhbk9668ry
2026-09-06T11:33:12+00:00	dgx-spark-04	True	0	cmtpeql4y1etk2auhbk9668ry
2026-09-06T11:33:15+00:00	dgx-spark-04	True	0	cmtpeql4y1etk2auhbk9668ry
2026-09-06T11:33:17+00:00	dgx-spark-04	True	0	cmtpeql4y1etk2auhbk9668ry
2026-09-06T11:33:19+00:00	dgx-spark-04	True	0	cmtpeql4y1etk2auhbk9668ry
2026-09-06T11:33:21+00:00	dgx-spark-04	True	0	cmtpeql4y1etk2auhbk9668ry
2026-09-06T11:33:23+00:00	dgx-spark-04	True	0	cmtpeql4y1etk2auhbk9668ry
2026-09-06T11:33:25+00:00	dgx-spark-04	True	0	cmtpeql4y1etk2auhbk9668ry
2026-09-06T11:33:27+00:00	dgx-spark-04	True	0	cmtpeql4y1etk2auhbk9668ry
2026-09-06T11:33:29+00:00	dgx-spark-04	True	0	cmtpeql4y1etk2auhbk9668ry
2026-09-06T11:33:31+00:00	dgx-spark-04	True	0	cmtpeql4y1etk2auhbk9668ry
2026-09-06T11:33:33+00:00	dgx-spark-04	True	0	cmtpeql4y1etk2auhbk9668ry
2026-09-06T11:33:35+00:00	dgx-spark-04	True	0	cmtpeql4y1etk2auhbk9668ry
2026-09-06T11:33:38+00:00	dgx-spark-04	True	0	cmtpeql4y1etk2auhbk9668ry
2026-09-06T11:33:40+00:00	dgx-spark-04	True	0	cmtpeql4y1etk2auhbk9668ry
2026-09-06T11:33:42+00:00	dgx-spark-04	True	0	cmtpeql4y1etk2auhbk9668ry
2026-09-06T11:33:44+00:00	dgx-spark-04	True	0	cmtpeql4y1etk2auhbk9668ry
2026-09-06T11:33:46+00:00	dgx-spark-04	True	0	cmtpeql4y1etk2auhbk9668ry
2026-09-06T11:33:48+00:00	dgx-spark-04	True	0	cmtpeql4y1etk2auhbk9668ry
2026-09-06T11:33:50+00:00	dgx-spark-04	True	0	cmtpeql4y1etk2auhbk9668ry
2026-09-06T11:33:52+00:00	dgx-spark-04	True	0	cmtpeql4y1etk2auhbk9668ry
2026-09-06T11:33:54+00:00	dgx-spark-04	True	0	cmtpeql4y1etk2auhbk9668ry
2026-09-06T11:33:56+00:00	dgx-spark-04	True	0	cmtpeql4y1etk2auhbk9668ry
2026-09-06T11:33:59+00:00	dgx-spark-04	True	0	cmtpeql4y1etk2auhbk9668ry
2026-09-06T11:34:01+00:00	dgx-spark-04	True	0	cmtpeql4y1etk2auhbk9668ry
2026-09-06T11:34:03+00:00	dgx-spark-04	True	0	cmtpeql4y1etk2auhbk9668ry
2026-09-06T11:34:05+00:00	dgx-spark-04	True	0	cmtpeql4y1etk2auhbk9668ry
2026-09-06T11:34:07+00:00	dgx-spark-04	True	0	cmtpeql4y1etk2auhbk9668ry
2026-09-06T11:34:09+00:00	dgx-spark-04	True	0	cmtpeql4y1etk2auhbk9668ry
2026-09-06T11:34:11+00:00	dgx-spark-04	True	0	cmtpeql4y1etk2auhbk9668ry
2026-09-06T11:34:13+00:00	dgx-spark-04	True	0	cmtpeql4y1etk2auhbk9668ry
2026-09-06T11:34:15+00:00	dgx-spark-04	True	0	cmtpeql4y1etk2auhbk9668ry
2026-09-06T11:34:17+00:00	dgx-spark-04	True	0	cmtpeql4y1etk2auhbk9668ry
2026-09-06T11:34:20+00:00	dgx-spark-04	True	0	cmtpeql4y1etk2auhbk9668ry
2026-09-06T11:34:22+00:00	dgx-spark-04	True	0	cmtpeql4y1etk2auhbk9668ry
2026-09-06T11:34:24+00:00	dgx-spark-04	True	0	cmtpeql4y1etk2auhbk9668ry
2026-09-06T11:34:26+00:00	dgx-spark-04	True	0	cmtpeql4y1etk2auhbk9668ry
2026-09-06T11:34:28+00:00	dgx-spark-04	True	0	cmtpeql4y1etk2auhbk9668ry
2026-09-06T11:34:30+00:00	dgx-spark-04	True	0	cmtpeql4y1etk2auhbk9668ry
2026-09-06T11:34:32+00:00	dgx-spark-04	True	0	cmtpeql4y1etk2auhbk9668ry
2026-09-06T11:34:34+00:00	dgx-spark-04	True	0	cmtpeql4y1etk2auhbk9668ry
2026-09-06T11:34:36+00:00	dgx-spark-04	True	0	cmtpeql4y1etk2auhbk9668ry
2026-09-06T11:34:38+00:00	dgx-spark-04	True	0	cmtpeql4y1etk2auhbk9668ry
2026-09-06T11:34:41+00:00	dgx-spark-04	True	0	cmtpeql4y1etk2auhbk9668ry
2026-09-06T11:34:43+00:00	dgx-spark-04	True	0	cmtpeql4y1etk2auhbk9668ry
2026-09-06T11:34:45+00:00	dgx-spark-04	True	0	cmtpeql4y1etk2auhbk9668ry
2026-09-06T11:34:47+00:00	dgx-spark-04	True	0	cmtpeql4y1etk2auhbk9668ry
2026-09-06T11:34:49+00:00	dgx-spark-04	True	0	cmtpeql4y1etk2auhbk9668ry
2026-09-06T11:34:51+00:00	dgx-spark-04	True	0	cmtpeql4y1etk2auhbk9668ry
2026-09-06T11:34:53+00:00	dgx-spark-04	True	0	cmtpeql4y1etk2auhbk9668ry
2026-09-06T11:34:55+00:00	dgx-spark-04	True	0	cmtpeql4y1etk2auhbk9668ry
2026-09-06T11:34:57+00:00	dgx-spark-04	True	0	cmtpeql4y1etk2auhbk9668ry
2026-09-06T11:34:59+00:00	dgx-spark-04	True	0	cmtpeql4y1etk2auhbk9668ry
2026-09-06T11:35:01+00:00	dgx-spark-04	True	0	cmtpeql4y1etk2auhbk9668ry
2026-09-06T11:35:04+00:00	dgx-spark-04	True	0	cmtpeql4y1etk2auhbk9668ry
2026-09-06T11:35:06+00:00	dgx-spark-04	True	0	cmtpeql4y1etk2auhbk9668ry
2026-09-06T11:35:08+00:00	dgx-spark-04	True	0	cmtpeql4y1etk2auhbk9668ry
2026-09-06T11:35:10+00:00	dgx-spark-04	True	0	cmtpeql4y1etk2auhbk9668ry
2026-09-06T11:35:12+00:00	dgx-spark-04	True	0	cmtpeql4y1etk2auhbk9668ry
2026-09-06T11:35:14+00:00	dgx-spark-04	True	0	cmtpeql4y1etk2auhbk9668ry
2026-09-06T11:35:16+00:00	dgx-spark-04	True	0	cmtpeql4y1etk2auhbk9668ry
2026-09-06T11:35:18+00:00	dgx-spark-04	True	0	cmtpeql4y1etk2auhbk9668ry
2026-09-06T11:35:20+00:00	dgx-spark-04	True	0	cmtpeql4y1etk2auhbk9668ry
2026-09-06T11:35:22+00:00	dgx-spark-04	True	0	cmtpeql4y1etk2auhbk9668ry
2026-09-06T11:35:25+00:00	dgx-spark-04	True	0	cmtpeql4y1etk2auhbk9668ry
2026-09-06T11:35:27+00:00	dgx-spark-04	True	0	cmtpeql4y1etk2auhbk9668ry
2026-09-06T11:35:29+00:00	dgx-spark-04	True	0	cmtpeql4y1etk2auhbk9668ry
2026-09-06T11:35:31+00:00	dgx-spark-04	True	0	cmtpeql4y1etk2auhbk9668ry
2026-09-06T11:35:33+00:00	dgx-spark-04	True	0	cmtpeql4y1etk2auhbk9668ry
2026-09-06T11:35:35+00:00	dgx-spark-04	True	0	cmtpeql4y1etk2auhbk9668ry
2026-09-06T11:35:37+00:00	dgx-spark-04	True	0	cmtpeql4y1etk2auhbk9668ry
2026-09-06T11:35:39+00:00	dgx-spark-04	True	0	cmtpeql4y1etk2auhbk9668ry
2026-09-06T11:35:41+00:00	dgx-spark-04	True	0	cmtpeql4y1etk2auhbk9668ry
2026-09-06T11:35:43+00:00	dgx-spark-04	True	0	cmtpeql4y1etk2auhbk9668ry
2026-09-06T11:35:46+00:00	dgx-spark-04	True	0	cmtpeql4y1etk2auhbk9668ry
2026-09-06T11:35:48+00:00	dgx-spark-04	True	0	cmtpeql4y1etk2auhbk9668ry
2026-09-06T11:35:50+00:00	dgx-spark-04	True	0	cmtpeql4y1etk2auhbk9668ry
2026-09-06T11:35:52+00:00	dgx-spark-04	True	0	cmtpeql4y1etk2auhbk9668ry
2026-09-06T11:35:54+00:00	dgx-spark-04	True	0	cmtpeql4y1etk2auhbk9668ry
2026-09-06T11:35:56+00:00	dgx-spark-04	True	0	cmtpeql4y1etk2auhbk9668ry
2026-09-06T11:35:58+00:00	dgx-spark-04	True	0	cmtpeql4y1etk2auhbk9668ry
2026-09-06T11:36:00+00:00	dgx-spark-04	True	0	cmtpeql4y1etk2auhbk9668ry
2026-09-06T11:36:02+00:00	dgx-spark-04	True	0	cmtpeql4y1etk2auhbk9668ry
2026-09-06T11:36:04+00:00	dgx-spark-04	True	0	cmtpeql4y1etk2auhbk9668ry
2026-09-06T11:36:07+00:00	dgx-spark-04	True	0	cmtpeql4y1etk2auhbk9668ry
2026-09-06T11:36:09+00:00	dgx-spark-04	True	0	cmtpeql4y1etk2auhbk9668ry
2026-09-06T11:36:11+00:00	dgx-spark-04	True	0	cmtpeql4y1etk2auhbk9668ry
2026-09-06T11:36:13+00:00	dgx-spark-04	True	0	cmtpeql4y1etk2auhbk9668ry
2026-09-06T11:36:15+00:00	dgx-spark-04	True	0	cmtpeql4y1etk2auhbk9668ry
2026-09-06T11:36:17+00:00	dgx-spark-04	True	0	cmtpeql4y1etk2auhbk9668ry
2026-09-06T11:36:19+00:00	dgx-spark-04	True	0	cmtpeql4y1etk2auhbk9668ry
2026-09-06T11:36:21+00:00	dgx-spark-04	True	0	cmtpeql4y1etk2auhbk9668ry
2026-09-06T11:36:23+00:00	dgx-spark-04	True	0	cmtpeql4y1etk2auhbk9668ry
2026-09-06T11:36:25+00:00	dgx-spark-04	True	0	cmtpeql4y1etk2auhbk9668ry
2026-09-06T11:36:27+00:00	dgx-spark-04	True	0	cmtpeql4y1etk2auhbk9668ry
2026-09-06T11:36:30+00:00	dgx-spark-04	True	0	cmtpeql4y1etk2auhbk9668ry
2026-09-06T11:36:32+00:00	dgx-spark-04	True	0	cmtpeql4y1etk2auhbk9668ry
2026-09-06T11:36:34+00:00	dgx-spark-04	True	0	cmtpeql4y1etk2auhbk9668ry
2026-09-06T11:36:36+00:00	dgx-spark-04	True	0	cmtpeql4y1etk2auhbk9668ry
2026-09-06T11:36:38+00:00	dgx-spark-04	True	0	cmtpeql4y1etk2auhbk9668ry
2026-09-06T11:36:40+00:00	dgx-spark-04	True	0	cmtpeql4y1etk2auhbk9668ry
2026-09-06T11:36:42+00:00	dgx-spark-04	True	0	cmtpeql4y1etk2auhbk9668ry
2026-09-06T11:36:44+00:00	dgx-spark-04	True	0	cmtpeql4y1etk2auhbk9668ry
2026-09-06T11:36:46+00:00	dgx-spark-04	True	0	cmtpeql4y1etk2auhbk9668ry
2026-09-06T11:36:48+00:00	dgx-spark-04	True	0	cmtpeql4y1etk2auhbk9668ry
2026-09-06T11:36:51+00:00	dgx-spark-04	True	0	cmtpeql4y1etk2auhbk9668ry
2026-09-06T11:36:53+00:00	dgx-spark-04	True	0	cmtpeql4y1etk2auhbk9668ry
2026-09-06T11:36:55+00:00	dgx-spark-04	True	0	cmtpeql4y1etk2auhbk9668ry
2026-09-06T11:36:57+00:00	dgx-spark-04	True	0	cmtpeql4y1etk2auhbk9668ry
2026-09-06T11:36:59+00:00	dgx-spark-04	True	0	cmtpeql4y1etk2auhbk9668ry
2026-09-06T11:37:01+00:00	dgx-spark-04	True	0	cmtpeql4y1etk2auhbk9668ry
2026-09-06T11:37:03+00:00	dgx-spark-04	True	0	cmtpeql4y1etk2auhbk9668ry
2026-09-06T11:37:05+00:00	dgx-spark-04	True	0	cmtpeql4y1etk2auhbk9668ry
2026-09-06T11:37:07+00:00	dgx-spark-04	True	0	cmtpeql4y1etk2auhbk9668ry
2026-09-06T11:37:09+00:00	dgx-spark-04	True	0	cmtpeql4y1etk2auhbk9668ry
2026-09-06T11:37:12+00:00	dgx-spark-04	True	0	cmtpeql4y1etk2auhbk9668ry
2026-09-06T11:37:14+00:00	dgx-spark-04	True	0	cmtpeql4y1etk2auhbk9668ry
2026-09-06T11:37:16+00:00	dgx-spark-04	True	0	cmtpeql4y1etk2auhbk9668ry
2026-09-06T11:37:18+00:00	dgx-spark-04	True	0	cmtpeql4y1etk2auhbk9668ry
2026-09-06T11:37:20+00:00	dgx-spark-04	True	0	cmtpeql4y1etk2auhbk9668ry
2026-09-06T11:37:22+00:00	dgx-spark-04	True	0	cmtpeql4y1etk2auhbk9668ry
2026-09-06T11:37:24+00:00	dgx-spark-04	True	0	cmtpeql4y1etk2auhbk9668ry
2026-09-06T11:37:26+00:00	dgx-spark-04	True	0	cmtpeql4y1etk2auhbk9668ry
2026-09-06T11:37:28+00:00	dgx-spark-04	True	0	cmtpeql4y1etk2auhbk9668ry
2026-09-06T11:37:30+00:00	dgx-spark-04	True	0	cmtpeql4y1etk2auhbk9668ry
2026-09-06T11:37:32+00:00	dgx-spark-04	True	0	cmtpeql4y1etk2auhbk9668ry
2026-09-06T11:37:35+00:00	dgx-spark-04	True	0	cmtpeql4y1etk2auhbk9668ry
2026-09-06T11:37:37+00:00	dgx-spark-04	True	0	cmtpeql4y1etk2auhbk9668ry
2026-09-06T11:37:39+00:00	dgx-spark-04	True	0	cmtpeql4y1etk2auhbk9668ry
2026-09-06T11:37:41+00:00	dgx-spark-04	True	0	cmtpeql4y1etk2auhbk9668ry
2026-09-06T11:37:43+00:00	dgx-spark-04	True	0	cmtpeql4y1etk2auhbk9668ry
2026-09-06T11:37:45+00:00	dgx-spark-04	True	0	cmtpeql4y1etk2auhbk9668ry
2026-09-06T11:37:47+00:00	dgx-spark-04	True	0	cmtpeql4y1etk2auhbk9668ry
2026-09-06T11:37:49+00:00	dgx-spark-04	True	0	cmtpeql4y1etk2auhbk9668ry
2026-09-06T11:37:51+00:00	dgx-spark-04	True	0	cmtpeql4y1etk2auhbk9668ry
2026-09-06T11:37:53+00:00	dgx-spark-04	True	0	cmtpeql4y1etk2auhbk9668ry
2026-09-06T11:37:56+00:00	dgx-spark-04	True	0	cmtpeql4y1etk2auhbk9668ry
2026-09-06T11:37:58+00:00	dgx-spark-04	True	0	cmtpeql4y1etk2auhbk9668ry
2026-09-06T11:38:00+00:00	dgx-spark-04	True	0	cmtpeql4y1etk2auhbk9668ry
2026-09-06T11:38:02+00:00	dgx-spark-04	True	0	cmtpeql4y1etk2auhbk9668ry
2026-09-06T11:38:04+00:00	dgx-spark-04	True	0	cmtpeql4y1etk2auhbk9668ry
2026-09-06T11:38:06+00:00	dgx-spark-04	True	0	cmtpeql4y1etk2auhbk9668ry
2026-09-06T11:38:08+00:00	dgx-spark-04	True	0	cmtpeql4y1etk2auhbk9668ry
2026-09-06T11:38:10+00:00	dgx-spark-04	True	0	cmtpeql4y1etk2auhbk9668ry
2026-09-06T11:38:12+00:00	dgx-spark-04	True	0	cmtpeql4y1etk2auhbk9668ry
2026-09-06T11:38:14+00:00	dgx-spark-04	True	0	cmtpeql4y1etk2auhbk9668ry
2026-09-06T11:38:17+00:00	dgx-spark-04	True	0	cmtpeql4y1etk2auhbk9668ry
2026-09-06T11:38:19+00:00	dgx-spark-04	True	0	cmtpeql4y1etk2auhbk9668ry
2026-09-06T11:38:21+00:00	dgx-spark-04	True	0	cmtpeql4y1etk2auhbk9668ry
2026-09-06T11:38:23+00:00	dgx-spark-04	True	0	cmtpeql4y1etk2auhbk9668ry
2026-09-06T11:38:25+00:00	dgx-spark-04	True	0	cmtpeql4y1etk2auhbk9668ry
2026-09-06T11:38:27+00:00	dgx-spark-04	True	0	cmtpeql4y1etk2auhbk9668ry
2026-09-06T11:38:29+00:00	dgx-spark-04	True	0	cmtpeql4y1etk2auhbk9668ry
2026-09-06T11:38:31+00:00	dgx-spark-04	True	0	cmtpeql4y1etk2auhbk9668ry
2026-09-06T11:38:33+00:00	dgx-spark-04	True	0	cmtpeql4y1etk2auhbk9668ry
2026-09-06T11:38:35+00:00	dgx-spark-04	True	0	cmtpeql4y1etk2auhbk9668ry
2026-09-06T11:38:37+00:00	dgx-spark-04	True	0	cmtpeql4y1etk2auhbk9668ry
2026-09-06T11:38:40+00:00	dgx-spark-04	True	0	cmtpeql4y1etk2auhbk9668ry
2026-09-06T11:38:42+00:00	dgx-spark-04	True	0	cmtpeql4y1etk2auhbk9668ry
2026-09-06T11:38:44+00:00	dgx-spark-04	True	0	cmtpeql4y1etk2auhbk9668ry
2026-09-06T11:38:46+00:00	dgx-spark-04	True	0	cmtpeql4y1etk2auhbk9668ry
2026-09-06T11:38:48+00:00	dgx-spark-04	True	0	cmtpeql4y1etk2auhbk9668ry
2026-09-06T11:38:50+00:00	dgx-spark-04	True	0	cmtpeql4y1etk2auhbk9668ry
2026-09-06T11:38:52+00:00	dgx-spark-04	True	0	cmtpeql4y1etk2auhbk9668ry
2026-09-06T11:38:54+00:00	dgx-spark-04	True	0	cmtpeql4y1etk2auhbk9668ry
2026-09-06T11:38:56+00:00	dgx-spark-04	True	0	cmtpeql4y1etk2auhbk9668ry
2026-09-06T11:38:58+00:00	dgx-spark-04	True	0	cmtpeql4y1etk2auhbk9668ry
2026-09-06T11:39:01+00:00	dgx-spark-04	True	0	cmtpeql4y1etk2auhbk9668ry
2026-09-06T11:39:03+00:00	dgx-spark-04	True	0	cmtpeql4y1etk2auhbk9668ry
2026-09-06T11:39:05+00:00	dgx-spark-04	True	0	cmtpeql4y1etk2auhbk9668ry
2026-09-06T11:39:07+00:00	dgx-spark-04	True	0	cmtpeql4y1etk2auhbk9668ry
2026-09-06T11:39:09+00:00	dgx-spark-04	True	0	cmtpeql4y1etk2auhbk9668ry
2026-09-06T11:39:11+00:00	dgx-spark-04	True	0	cmtpeql4y1etk2auhbk9668ry
2026-09-06T11:39:13+00:00	dgx-spark-04	True	0	cmtpeql4y1etk2auhbk9668ry
2026-09-06T11:39:15+00:00	dgx-spark-04	True	0	cmtpeql4y1etk2auhbk9668ry
2026-09-06T11:39:17+00:00	dgx-spark-04	True	0	cmtpeql4y1etk2auhbk9668ry
2026-09-06T11:39:19+00:00	dgx-spark-04	True	0	cmtpeql4y1etk2auhbk9668ry
2026-09-06T11:39:22+00:00	dgx-spark-04	True	0	cmtpeql4y1etk2auhbk9668ry
2026-09-06T11:39:24+00:00	dgx-spark-04	True	0	cmtpeql4y1etk2auhbk9668ry
2026-09-06T11:39:26+00:00	dgx-spark-04	True	0	cmtpeql4y1etk2auhbk9668ry
2026-09-06T11:39:28+00:00	dgx-spark-04	True	0	cmtpeql4y1etk2auhbk9668ry
2026-09-06T11:39:30+00:00	dgx-spark-04	True	0	cmtpeql4y1etk2auhbk9668ry
2026-09-06T11:39:32+00:00	dgx-spark-04	True	0	cmtpeql4y1etk2auhbk9668ry
2026-09-06T11:39:34+00:00	dgx-spark-04	True	0	cmtpeql4y1etk2auhbk9668ry
2026-09-06T11:39:36+00:00	dgx-spark-04	True	0	cmtpeql4y1etk2auhbk9668ry
2026-09-06T11:39:38+00:00	dgx-spark-04	True	0	cmtpeql4y1etk2auhbk9668ry
2026-09-06T11:39:40+00:00	dgx-spark-04	True	0	cmtpeql4y1etk2auhbk9668ry
2026-09-06T11:39:43+00:00	dgx-spark-04	True	0	cmtpeql4y1etk2auhbk9668ry
2026-09-06T11:39:45+00:00	dgx-spark-04	True	0	cmtpeql4y1etk2auhbk9668ry
2026-09-06T11:39:47+00:00	dgx-spark-04	True	0	cmtpeql4y1etk2auhbk9668ry
2026-09-06T11:39:49+00:00	dgx-spark-04	True	0	cmtpeql4y1etk2auhbk9668ry
2026-09-06T11:39:51+00:00	dgx-spark-04	True	0	cmtpeql4y1etk2auhbk9668ry
2026-09-06T11:39:53+00:00	dgx-spark-04	True	0	cmtpeql4y1etk2auhbk9668ry
2026-09-06T11:39:55+00:00	dgx-spark-04	True	0	cmtpeql4y1etk2auhbk9668ry
2026-09-06T11:39:57+00:00	dgx-spark-04	True	0	cmtpeql4y1etk2auhbk9668ry
2026-09-06T11:39:59+00:00	dgx-spark-04	True	0	cmtpeql4y1etk2auhbk9668ry
2026-09-06T11:40:01+00:00	dgx-spark-04	True	0	cmtpeql4y1etk2auhbk9668ry
2026-09-06T11:40:03+00:00	dgx-spark-04	True	0	cmtpeql4y1etk2auhbk9668ry
2026-09-06T11:40:06+00:00	dgx-spark-04	True	0	cmtpeql4y1etk2auhbk9668ry
2026-09-06T11:40:08+00:00	dgx-spark-04	True	0	cmtpeql4y1etk2auhbk9668ry
2026-09-06T11:40:10+00:00	dgx-spark-04	True	0	cmtpeql4y1etk2auhbk9668ry
2026-09-06T11:40:12+00:00	dgx-spark-04	True	0	cmtpeql4y1etk2auhbk9668ry
2026-09-06T11:40:14+00:00	dgx-spark-04	True	0	cmtpeql4y1etk2auhbk9668ry
2026-09-06T11:40:16+00:00	dgx-spark-04	True	0	cmtpeql4y1etk2auhbk9668ry
2026-09-06T11:40:18+00:00	dgx-spark-04	True	0	cmtpeql4y1etk2auhbk9668ry
2026-09-06T11:40:20+00:00	dgx-spark-04	True	0	cmtpeql4y1etk2auhbk9668ry
2026-09-06T11:40:22+00:00	dgx-spark-04	True	0	cmtpeql4y1etk2auhbk9668ry
2026-09-06T11:40:24+00:00	dgx-spark-04	True	0	cmtpeql4y1etk2auhbk9668ry
2026-09-06T11:40:27+00:00	dgx-spark-04	True	0	cmtpeql4y1etk2auhbk9668ry
2026-09-06T11:40:29+00:00	dgx-spark-04	True	0	cmtpeql4y1etk2auhbk9668ry
2026-09-06T11:40:31+00:00	dgx-spark-04	True	0	cmtpeql4y1etk2auhbk9668ry
2026-09-06T11:40:33+00:00	dgx-spark-04	True	0	cmtpeql4y1etk2auhbk9668ry
2026-09-06T11:40:35+00:00	dgx-spark-04	True	0	cmtpeql4y1etk2auhbk9668ry
2026-09-06T11:40:37+00:00	dgx-spark-04	True	0	cmtpeql4y1etk2auhbk9668ry
2026-09-06T11:40:39+00:00	dgx-spark-04	True	0	cmtpeql4y1etk2auhbk9668ry
2026-09-06T11:40:41+00:00	dgx-spark-04	True	0	cmtpeql4y1etk2auhbk9668ry
2026-09-06T11:40:43+00:00	dgx-spark-04	True	0	cmtpeql4y1etk2auhbk9668ry
2026-09-06T11:40:45+00:00	dgx-spark-04	True	0	cmtpeql4y1etk2auhbk9668ry
2026-09-06T11:40:48+00:00	dgx-spark-04	True	0	cmtpeql4y1etk2auhbk9668ry
2026-09-06T11:40:50+00:00	dgx-spark-04	True	0	cmtpeql4y1etk2auhbk9668ry
2026-09-06T11:40:52+00:00	dgx-spark-04	True	0	cmtpeql4y1etk2auhbk9668ry
2026-09-06T11:40:54+00:00	dgx-spark-04	True	0	cmtpeql4y1etk2auhbk9668ry
2026-09-06T11:40:56+00:00	dgx-spark-04	True	0	cmtpeql4y1etk2auhbk9668ry
2026-09-06T11:40:58+00:00	dgx-spark-04	True	0	cmtpeql4y1etk2auhbk9668ry
2026-09-06T11:41:00+00:00	dgx-spark-04	True	0	cmtpeql4y1etk2auhbk9668ry
2026-09-06T11:41:02+00:00	dgx-spark-04	True	0	cmtpeql4y1etk2auhbk9668ry
2026-09-06T11:41:04+00:00	dgx-spark-04	True	0	cmtpeql4y1etk2auhbk9668ry
2026-09-06T11:41:06+00:00	dgx-spark-04	True	0	cmtpeql4y1etk2auhbk9668ry
2026-09-06T11:41:08+00:00	dgx-spark-04	True	0	cmtpeql4y1etk2auhbk9668ry
2026-09-06T11:41:11+00:00	dgx-spark-04	True	0	cmtpeql4y1etk2auhbk9668ry
2026-09-06T11:41:13+00:00	dgx-spark-04	True	0	cmtpeql4y1etk2auhbk9668ry
2026-09-06T11:41:15+00:00	dgx-spark-04	True	0	cmtpeql4y1etk2auhbk9668ry
2026-09-06T11:41:17+00:00	dgx-spark-04	True	0	cmtpeql4y1etk2auhbk9668ry
2026-09-06T11:41:19+00:00	dgx-spark-04	True	0	cmtpeql4y1etk2auhbk9668ry
2026-09-06T11:41:21+00:00	dgx-spark-04	True	0	cmtpeql4y1etk2auhbk9668ry
2026-09-06T11:41:23+00:00	dgx-spark-04	True	0	cmtpeql4y1etk2auhbk9668ry
2026-09-06T11:41:25+00:00	dgx-spark-04	True	0	cmtpeql4y1etk2auhbk9668ry
2026-09-06T11:41:27+00:00	dgx-spark-04	True	0	cmtpeql4y1etk2auhbk9668ry
2026-09-06T11:41:29+00:00	dgx-spark-04	True	0	cmtpeql4y1etk2auhbk9668ry
2026-09-06T11:41:32+00:00	dgx-spark-04	True	0	cmtpeql4y1etk2auhbk9668ry
2026-09-06T11:41:34+00:00	dgx-spark-04	True	0	cmtpeql4y1etk2auhbk9668ry
2026-09-06T11:41:36+00:00	dgx-spark-04	True	0	cmtpeql4y1etk2auhbk9668ry
2026-09-06T11:41:38+00:00	dgx-spark-04	True	0	cmtpeql4y1etk2auhbk9668ry
2026-09-06T11:41:40+00:00	dgx-spark-04	True	0	cmtpeql4y1etk2auhbk9668ry
2026-09-06T11:41:42+00:00	dgx-spark-04	True	0	cmtpeql4y1etk2auhbk9668ry
2026-09-06T11:41:44+00:00	dgx-spark-04	True	0	cmtpeql4y1etk2auhbk9668ry
2026-09-06T11:41:46+00:00	dgx-spark-04	True	0	cmtpeql4y1etk2auhbk9668ry
2026-09-06T11:41:48+00:00	dgx-spark-04	True	0	cmtpeql4y1etk2auhbk9668ry
2026-09-06T11:41:50+00:00	dgx-spark-04	True	0	cmtpeql4y1etk2auhbk9668ry
2026-09-06T11:41:53+00:00	dgx-spark-04	True	0	cmtpeql4y1etk2auhbk9668ry
2026-09-06T11:41:55+00:00	dgx-spark-04	True	0	cmtpeql4y1etk2auhbk9668ry
2026-09-06T11:41:57+00:00	dgx-spark-04	True	0	cmtpeql4y1etk2auhbk9668ry
2026-09-06T11:41:59+00:00	dgx-spark-04	True	0	cmtpeql4y1etk2auhbk9668ry
2026-09-06T11:42:01+00:00	dgx-spark-04	True	0	cmtpeql4y1etk2auhbk9668ry
2026-09-06T11:42:03+00:00	dgx-spark-04	True	0	cmtpeql4y1etk2auhbk9668ry
2026-09-06T11:42:05+00:00	dgx-spark-04	True	0	cmtpeql4y1etk2auhbk9668ry
2026-09-06T11:42:07+00:00	dgx-spark-04	True	0	cmtpeql4y1etk2auhbk9668ry
2026-09-06T11:42:09+00:00	dgx-spark-04	True	0	cmtpeql4y1etk2auhbk9668ry
2026-09-06T11:42:11+00:00	dgx-spark-04	True	0	cmtpeql4y1etk2auhbk9668ry
2026-09-06T11:42:13+00:00	dgx-spark-04	True	0	cmtpeql4y1etk2auhbk9668ry
2026-09-06T11:42:16+00:00	dgx-spark-04	True	0	cmtpeql4y1etk2auhbk9668ry
2026-09-06T11:42:18+00:00	dgx-spark-04	True	0	cmtpeql4y1etk2auhbk9668ry
2026-09-06T11:42:20+00:00	dgx-spark-04	True	0	cmtpeql4y1etk2auhbk9668ry
2026-09-06T11:42:22+00:00	dgx-spark-04	True	0	cmtpeql4y1etk2auhbk9668ry
2026-09-06T11:42:24+00:00	dgx-spark-04	True	0	cmtpeql4y1etk2auhbk9668ry
2026-09-06T11:42:26+00:00	dgx-spark-04	True	0	cmtpeql4y1etk2auhbk9668ry
2026-09-06T11:42:28+00:00	dgx-spark-04	True	0	cmtpeql4y1etk2auhbk9668ry
2026-09-06T11:42:30+00:00	dgx-spark-04	True	0	cmtpeql4y1etk2auhbk9668ry
2026-09-06T11:42:32+00:00	dgx-spark-04	True	0	cmtpeql4y1etk2auhbk9668ry
2026-09-06T11:42:34+00:00	dgx-spark-04	True	0	cmtpeql4y1etk2auhbk9668ry
2026-09-06T11:42:37+00:00	dgx-spark-04	True	0	cmtpeql4y1etk2auhbk9668ry
2026-09-06T11:42:39+00:00	dgx-spark-04	True	0	cmtpeql4y1etk2auhbk9668ry
2026-09-06T11:42:41+00:00	dgx-spark-04	True	0	cmtpeql4y1etk2auhbk9668ry
2026-09-06T11:42:43+00:00	dgx-spark-04	True	0	cmtpeql4y1etk2auhbk9668ry
2026-09-06T11:42:45+00:00	dgx-spark-04	True	0	cmtpeql4y1etk2auhbk9668ry
2026-09-06T11:42:47+00:00	dgx-spark-04	True	0	cmtpeql4y1etk2auhbk9668ry
2026-09-06T11:42:49+00:00	dgx-spark-04	True	0	cmtpeql4y1etk2auhbk9668ry
2026-09-06T11:42:51+00:00	dgx-spark-04	True	0	cmtpeql4y1etk2auhbk9668ry
2026-09-06T11:42:53+00:00	dgx-spark-04	True	0	cmtpeql4y1etk2auhbk9668ry
2026-09-06T11:42:55+00:00	dgx-spark-04	True	0	cmtpeql4y1etk2auhbk9668ry
2026-09-06T11:42:58+00:00	dgx-spark-04	True	0	cmtpeql4y1etk2auhbk9668ry
2026-09-06T11:43:00+00:00	dgx-spark-04	True	0	cmtpeql4y1etk2auhbk9668ry
2026-09-06T11:43:02+00:00	dgx-spark-04	True	0	cmtpeql4y1etk2auhbk9668ry
2026-09-06T11:43:04+00:00	dgx-spark-04	True	0	cmtpeql4y1etk2auhbk9668ry
2026-09-06T11:43:06+00:00	dgx-spark-04	True	0	cmtpeql4y1etk2auhbk9668ry
2026-09-06T11:43:08+00:00	dgx-spark-04	True	0	cmtpeql4y1etk2auhbk9668ry
2026-09-06T11:43:10+00:00	dgx-spark-04	True	0	cmtpeql4y1etk2auhbk9668ry
2026-09-06T11:43:12+00:00	dgx-spark-04	True	0	cmtpeql4y1etk2auhbk9668ry
2026-09-06T11:43:14+00:00	dgx-spark-04	True	0	cmtpeql4y1etk2auhbk9668ry
2026-09-06T11:43:16+00:00	dgx-spark-04	True	0	cmtpeql4y1etk2auhbk9668ry
2026-09-06T11:43:19+00:00	dgx-spark-04	True	0	cmtpeql4y1etk2auhbk9668ry
2026-09-06T11:43:21+00:00	dgx-spark-04	True	0	cmtpeql4y1etk2auhbk9668ry
2026-09-06T11:43:23+00:00	dgx-spark-04	True	0	cmtpeql4y1etk2auhbk9668ry
2026-09-06T11:43:25+00:00	dgx-spark-04	True	0	cmtpeql4y1etk2auhbk9668ry
2026-09-06T11:43:27+00:00	dgx-spark-04	True	0	cmtpeql4y1etk2auhbk9668ry
2026-09-06T11:43:29+00:00	dgx-spark-04	True	0	cmtpeql4y1etk2auhbk9668ry
2026-09-06T11:43:31+00:00	dgx-spark-04	True	0	cmtpeql4y1etk2auhbk9668ry
2026-09-06T11:43:33+00:00	dgx-spark-04	True	0	cmtpeql4y1etk2auhbk9668ry
2026-09-06T11:43:35+00:00	dgx-spark-04	True	0	cmtpeql4y1etk2auhbk9668ry
2026-09-06T11:43:37+00:00	dgx-spark-04	True	0	cmtpeql4y1etk2auhbk9668ry
2026-09-06T11:43:39+00:00	dgx-spark-04	True	0	cmtpeql4y1etk2auhbk9668ry
2026-09-06T11:43:42+00:00	dgx-spark-04	True	0	cmtpeql4y1etk2auhbk9668ry
2026-09-06T11:43:44+00:00	dgx-spark-04	True	0	cmtpeql4y1etk2auhbk9668ry
2026-09-06T11:43:46+00:00	dgx-spark-04	True	0	cmtpeql4y1etk2auhbk9668ry
2026-09-06T11:43:48+00:00	dgx-spark-04	True	0	cmtpeql4y1etk2auhbk9668ry
2026-09-06T11:43:50+00:00	dgx-spark-04	True	0	cmtpeql4y1etk2auhbk9668ry
2026-09-06T11:43:52+00:00	dgx-spark-04	True	0	cmtpeql4y1etk2auhbk9668ry
2026-09-06T11:43:54+00:00	dgx-spark-04	True	0	cmtpeql4y1etk2auhbk9668ry
2026-09-06T11:43:56+00:00	dgx-spark-04	True	0	cmtpeql4y1etk2auhbk9668ry
2026-09-06T11:43:58+00:00	dgx-spark-04	True	0	cmtpeql4y1etk2auhbk9668ry
2026-09-06T11:44:00+00:00	dgx-spark-04	True	0	cmtpeql4y1etk2auhbk9668ry
2026-09-06T11:44:03+00:00	dgx-spark-04	True	0	cmtpeql4y1etk2auhbk9668ry
2026-09-06T11:44:05+00:00	dgx-spark-04	True	0	cmtpeql4y1etk2auhbk9668ry
2026-09-06T11:44:07+00:00	dgx-spark-04	True	0	cmtpeql4y1etk2auhbk9668ry
2026-09-06T11:44:09+00:00	dgx-spark-04	True	0	cmtpeql4y1etk2auhbk9668ry
2026-09-06T11:44:11+00:00	dgx-spark-04	True	0	cmtpeql4y1etk2auhbk9668ry
2026-09-06T11:44:13+00:00	dgx-spark-04	True	0	cmtpeql4y1etk2auhbk9668ry
2026-09-06T11:44:15+00:00	dgx-spark-04	True	0	cmtpeql4y1etk2auhbk9668ry
2026-09-06T11:44:17+00:00	dgx-spark-04	True	0	cmtpeql4y1etk2auhbk9668ry
2026-09-06T11:44:19+00:00	dgx-spark-04	True	0	cmtpeql4y1etk2auhbk9668ry
2026-09-06T11:44:21+00:00	dgx-spark-04	True	0	cmtpeql4y1etk2auhbk9668ry
2026-09-06T11:44:24+00:00	dgx-spark-04	True	0	cmtpeql4y1etk2auhbk9668ry
2026-09-06T11:44:26+00:00	dgx-spark-04	True	0	cmtpeql4y1etk2auhbk9668ry
2026-09-06T11:44:28+00:00	dgx-spark-04	True	0	cmtpeql4y1etk2auhbk9668ry
2026-09-06T11:44:30+00:00	dgx-spark-04	True	0	cmtpeql4y1etk2auhbk9668ry
2026-09-06T11:44:32+00:00	dgx-spark-04	True	0	cmtpeql4y1etk2auhbk9668ry
2026-09-06T11:44:34+00:00	dgx-spark-04	True	0	cmtpeql4y1etk2auhbk9668ry
2026-09-06T11:44:36+00:00	dgx-spark-04	True	0	cmtpeql4y1etk2auhbk9668ry
2026-09-06T11:44:38+00:00	dgx-spark-04	True	0	cmtpeql4y1etk2auhbk9668ry
2026-09-06T11:44:40+00:00	dgx-spark-04	True	0	cmtpeql4y1etk2auhbk9668ry
2026-09-06T11:44:42+00:00	dgx-spark-04	True	0	cmtpeql4y1etk2auhbk9668ry
2026-09-06T11:44:44+00:00	dgx-spark-04	True	0	cmtpeql4y1etk2auhbk9668ry
2026-09-06T11:44:47+00:00	dgx-spark-04	True	0	cmtpeql4y1etk2auhbk9668ry
2026-09-06T11:44:49+00:00	dgx-spark-04	True	0	cmtpeql4y1etk2auhbk9668ry
2026-09-06T11:44:51+00:00	dgx-spark-04	True	0	cmtpeql4y1etk2auhbk9668ry
2026-09-06T11:44:53+00:00	dgx-spark-04	True	0	cmtpeql4y1etk2auhbk9668ry
2026-09-06T11:44:55+00:00	dgx-spark-04	True	0	cmtpeql4y1etk2auhbk9668ry
2026-09-06T11:44:57+00:00	dgx-spark-04	True	0	cmtpeql4y1etk2auhbk9668ry
2026-09-06T11:44:59+00:00	dgx-spark-04	True	0	cmtpeql4y1etk2auhbk9668ry
2026-09-06T11:45:01+00:00	dgx-spark-04	True	0	cmtpeql4y1etk2auhbk9668ry
2026-09-06T11:45:03+00:00	dgx-spark-04	True	0	cmtpeql4y1etk2auhbk9668ry
2026-09-06T11:45:05+00:00	dgx-spark-04	True	0	cmtpeql4y1etk2auhbk9668ry
2026-09-06T11:45:08+00:00	dgx-spark-04	True	0	cmtpeql4y1etk2auhbk9668ry
2026-09-06T11:45:10+00:00	dgx-spark-04	True	0	cmtpeql4y1etk2auhbk9668ry
2026-09-06T11:45:12+00:00	dgx-spark-04	True	0	cmtpeql4y1etk2auhbk9668ry
2026-09-06T11:45:14+00:00	dgx-spark-04	True	0	cmtpeql4y1etk2auhbk9668ry
2026-09-06T11:45:16+00:00	dgx-spark-04	True	0	cmtpeql4y1etk2auhbk9668ry
2026-09-06T11:45:18+00:00	dgx-spark-04	True	0	cmtpeql4y1etk2auhbk9668ry
2026-09-06T11:45:20+00:00	dgx-spark-04	True	0	cmtpeql4y1etk2auhbk9668ry
2026-09-06T11:45:22+00:00	dgx-spark-04	True	0	cmtpeql4y1etk2auhbk9668ry
2026-09-06T11:45:24+00:00	dgx-spark-04	True	0	cmtpeql4y1etk2auhbk9668ry
2026-09-06T11:45:26+00:00	dgx-spark-04	True	0	cmtpeql4y1etk2auhbk9668ry
2026-09-06T11:45:29+00:00	dgx-spark-04	True	0	cmtpeql4y1etk2auhbk9668ry
2026-09-06T11:45:31+00:00	dgx-spark-04	True	0	cmtpeql4y1etk2auhbk9668ry
2026-09-06T11:45:33+00:00	dgx-spark-04	True	0	cmtpeql4y1etk2auhbk9668ry
2026-09-06T11:45:35+00:00	dgx-spark-04	True	0	cmtpeql4y1etk2auhbk9668ry
2026-09-06T11:45:37+00:00	dgx-spark-04	True	0	cmtpeql4y1etk2auhbk9668ry
2026-09-06T11:45:39+00:00	dgx-spark-04	True	0	cmtpeql4y1etk2auhbk9668ry
2026-09-06T11:45:41+00:00	dgx-spark-04	True	0	cmtpeql4y1etk2auhbk9668ry
2026-09-06T11:45:43+00:00	dgx-spark-04	True	0	cmtpeql4y1etk2auhbk9668ry
2026-09-06T11:45:45+00:00	dgx-spark-04	True	0	cmtpeql4y1etk2auhbk9668ry
2026-09-06T11:45:47+00:00	dgx-spark-04	True	0	cmtpeql4y1etk2auhbk9668ry
2026-09-06T11:45:50+00:00	dgx-spark-04	True	0	cmtpeql4y1etk2auhbk9668ry
2026-09-06T11:45:52+00:00	dgx-spark-04	True	0	cmtpeql4y1etk2auhbk9668ry
2026-09-06T11:45:54+00:00	dgx-spark-04	True	0	cmtpeql4y1etk2auhbk9668ry
2026-09-06T11:45:56+00:00	dgx-spark-04	True	0	cmtpeql4y1etk2auhbk9668ry
2026-09-06T11:45:58+00:00	dgx-spark-04	True	0	cmtpeql4y1etk2auhbk9668ry
2026-09-06T11:46:00+00:00	dgx-spark-04	True	0	cmtpeql4y1etk2auhbk9668ry
2026-09-06T11:46:02+00:00	dgx-spark-04	True	0	cmtpeql4y1etk2auhbk9668ry
2026-09-06T11:46:04+00:00	dgx-spark-04	True	0	cmtpeql4y1etk2auhbk9668ry
2026-09-06T11:46:06+00:00	dgx-spark-04	True	0	cmtpeql4y1etk2auhbk9668ry
2026-09-06T11:46:08+00:00	dgx-spark-04	True	0	cmtpeql4y1etk2auhbk9668ry
2026-09-06T11:46:10+00:00	dgx-spark-04	True	0	cmtpeql4y1etk2auhbk9668ry
2026-09-06T11:46:13+00:00	dgx-spark-04	True	0	cmtpeql4y1etk2auhbk9668ry
2026-09-06T11:46:15+00:00	dgx-spark-04	True	0	cmtpeql4y1etk2auhbk9668ry
2026-09-06T11:46:17+00:00	dgx-spark-04	True	0	cmtpeql4y1etk2auhbk9668ry
2026-09-06T11:46:19+00:00	dgx-spark-04	True	0	cmtpeql4y1etk2auhbk9668ry
2026-09-06T11:46:21+00:00	dgx-spark-04	True	0	cmtpeql4y1etk2auhbk9668ry
2026-09-06T11:46:23+00:00	dgx-spark-04	True	0	cmtpeql4y1etk2auhbk9668ry
2026-09-06T11:46:25+00:00	dgx-spark-04	True	0	cmtpeql4y1etk2auhbk9668ry
2026-09-06T11:46:27+00:00	dgx-spark-04	True	0	cmtpeql4y1etk2auhbk9668ry
2026-09-06T11:46:29+00:00	dgx-spark-04	True	0	cmtpeql4y1etk2auhbk9668ry
2026-09-06T11:46:31+00:00	dgx-spark-04	True	0	cmtpeql4y1etk2auhbk9668ry
2026-09-06T11:46:34+00:00	dgx-spark-04	True	0	cmtpeql4y1etk2auhbk9668ry
2026-09-06T11:46:36+00:00	dgx-spark-04	True	0	cmtpeql4y1etk2auhbk9668ry
2026-09-06T11:46:38+00:00	dgx-spark-04	True	0	cmtpeql4y1etk2auhbk9668ry
2026-09-06T11:46:40+00:00	dgx-spark-04	True	0	cmtpeql4y1etk2auhbk9668ry
2026-09-06T11:46:42+00:00	dgx-spark-04	True	0	cmtpeql4y1etk2auhbk9668ry
2026-09-06T11:46:44+00:00	dgx-spark-04	True	0	cmtpeql4y1etk2auhbk9668ry
2026-09-06T11:46:46+00:00	dgx-spark-04	True	0	cmtpeql4y1etk2auhbk9668ry
2026-09-06T11:46:48+00:00	dgx-spark-04	True	0	cmtpeql4y1etk2auhbk9668ry
2026-09-06T11:46:50+00:00	dgx-spark-04	True	0	cmtpeql4y1etk2auhbk9668ry
2026-09-06T11:46:52+00:00	dgx-spark-04	True	0	cmtpeql4y1etk2auhbk9668ry
2026-09-06T11:46:55+00:00	dgx-spark-04	True	0	cmtpeql4y1etk2auhbk9668ry
2026-09-06T11:46:57+00:00	dgx-spark-04	True	0	cmtpeql4y1etk2auhbk9668ry
2026-09-06T11:46:59+00:00	dgx-spark-04	True	0	cmtpeql4y1etk2auhbk9668ry
2026-09-06T11:47:01+00:00	dgx-spark-04	True	0	cmtpeql4y1etk2auhbk9668ry
2026-09-06T11:47:03+00:00	dgx-spark-04	True	0	cmtpeql4y1etk2auhbk9668ry
2026-09-06T11:47:05+00:00	dgx-spark-04	True	0	cmtpeql4y1etk2auhbk9668ry
2026-09-06T11:47:07+00:00	dgx-spark-04	True	0	cmtpeql4y1etk2auhbk9668ry
2026-09-06T11:47:09+00:00	dgx-spark-04	True	0	cmtpeql4y1etk2auhbk9668ry
2026-09-06T11:47:11+00:00	dgx-spark-04	True	0	cmtpeql4y1etk2auhbk9668ry
2026-09-06T11:47:13+00:00	dgx-spark-04	True	0	cmtpeql4y1etk2auhbk9668ry
2026-09-06T11:47:15+00:00	dgx-spark-04	True	0	cmtpeql4y1etk2auhbk9668ry
2026-09-06T11:47:18+00:00	dgx-spark-04	True	0	cmtpeql4y1etk2auhbk9668ry
2026-09-06T11:47:20+00:00	dgx-spark-04	True	0	cmtpeql4y1etk2auhbk9668ry
2026-09-06T11:47:22+00:00	dgx-spark-04	True	0	cmtpeql4y1etk2auhbk9668ry
2026-09-06T11:47:24+00:00	dgx-spark-04	True	0	cmtpeql4y1etk2auhbk9668ry
2026-09-06T11:47:26+00:00	dgx-spark-04	True	0	cmtpeql4y1etk2auhbk9668ry
2026-09-06T11:47:28+00:00	dgx-spark-04	True	0	cmtpeql4y1etk2auhbk9668ry
2026-09-06T11:47:30+00:00	dgx-spark-04	True	0	cmtpeql4y1etk2auhbk9668ry
2026-09-06T11:47:32+00:00	dgx-spark-04	True	0	cmtpeql4y1etk2auhbk9668ry
2026-09-06T11:47:34+00:00	dgx-spark-04	True	0	cmtpeql4y1etk2auhbk9668ry
2026-09-06T11:47:36+00:00	dgx-spark-04	True	0	cmtpeql4y1etk2auhbk9668ry
2026-09-06T11:47:39+00:00	dgx-spark-04	True	0	cmtpeql4y1etk2auhbk9668ry
2026-09-06T11:47:41+00:00	dgx-spark-04	True	0	cmtpeql4y1etk2auhbk9668ry
2026-09-06T11:47:43+00:00	dgx-spark-04	True	0	cmtpeql4y1etk2auhbk9668ry
2026-09-06T11:47:45+00:00	dgx-spark-04	True	0	cmtpeql4y1etk2auhbk9668ry
2026-09-06T11:47:47+00:00	dgx-spark-04	True	0	cmtpeql4y1etk2auhbk9668ry
2026-09-06T11:47:49+00:00	dgx-spark-04	True	0	cmtpeql4y1etk2auhbk9668ry
2026-09-06T11:47:51+00:00	dgx-spark-04	True	0	cmtpeql4y1etk2auhbk9668ry
2026-09-06T11:47:53+00:00	dgx-spark-04	True	0	cmtpeql4y1etk2auhbk9668ry
2026-09-06T11:47:55+00:00	dgx-spark-04	True	0	cmtpeql4y1etk2auhbk9668ry
2026-09-06T11:47:57+00:00	dgx-spark-04	True	0	cmtpeql4y1etk2auhbk9668ry
2026-09-06T11:48:00+00:00	dgx-spark-04	True	0	cmtpeql4y1etk2auhbk9668ry
2026-09-06T11:48:02+00:00	dgx-spark-04	True	0	cmtpeql4y1etk2auhbk9668ry
2026-09-06T11:48:04+00:00	dgx-spark-04	True	0	cmtpeql4y1etk2auhbk9668ry
2026-09-06T11:48:06+00:00	dgx-spark-04	True	0	cmtpeql4y1etk2auhbk9668ry
2026-09-06T11:48:08+00:00	dgx-spark-04	True	0	cmtpeql4y1etk2auhbk9668ry
2026-09-06T11:48:10+00:00	dgx-spark-04	True	0	cmtpeql4y1etk2auhbk9668ry
2026-09-06T11:48:12+00:00	dgx-spark-04	True	0	cmtpeql4y1etk2auhbk9668ry
2026-09-06T11:48:14+00:00	dgx-spark-04	True	0	cmtpeql4y1etk2auhbk9668ry
2026-09-06T11:48:16+00:00	dgx-spark-04	True	0	cmtpeql4y1etk2auhbk9668ry
2026-09-06T11:48:18+00:00	dgx-spark-04	True	0	cmtpeql4y1etk2auhbk9668ry
2026-09-06T11:48:20+00:00	dgx-spark-04	True	0	cmtpeql4y1etk2auhbk9668ry
2026-09-06T11:48:23+00:00	dgx-spark-04	True	0	cmtpeql4y1etk2auhbk9668ry
2026-09-06T11:48:25+00:00	dgx-spark-04	True	0	cmtpeql4y1etk2auhbk9668ry
2026-09-06T11:48:27+00:00	dgx-spark-04	True	0	cmtpeql4y1etk2auhbk9668ry
2026-09-06T11:48:29+00:00	dgx-spark-04	True	0	cmtpeql4y1etk2auhbk9668ry
2026-09-06T11:48:31+00:00	dgx-spark-04	True	0	cmtpeql4y1etk2auhbk9668ry
2026-09-06T11:48:33+00:00	dgx-spark-04	True	0	cmtpeql4y1etk2auhbk9668ry
2026-09-06T11:48:35+00:00	dgx-spark-04	True	0	cmtpeql4y1etk2auhbk9668ry
2026-09-06T11:48:37+00:00	dgx-spark-04	True	0	cmtpeql4y1etk2auhbk9668ry
2026-09-06T11:48:39+00:00	dgx-spark-04	True	0	cmtpeql4y1etk2auhbk9668ry
2026-09-06T11:48:41+00:00	dgx-spark-04	True	0	cmtpeql4y1etk2auhbk9668ry
2026-09-06T11:48:44+00:00	dgx-spark-04	True	0	cmtpeql4y1etk2auhbk9668ry
2026-09-06T11:48:46+00:00	dgx-spark-04	True	0	cmtpeql4y1etk2auhbk9668ry
2026-09-06T11:48:48+00:00	dgx-spark-04	True	0	cmtpeql4y1etk2auhbk9668ry
2026-09-06T11:48:50+00:00	dgx-spark-04	True	0	cmtpeql4y1etk2auhbk9668ry
2026-09-06T11:48:52+00:00	dgx-spark-04	True	0	cmtpeql4y1etk2auhbk9668ry
2026-09-06T11:48:54+00:00	dgx-spark-04	True	0	cmtpeql4y1etk2auhbk9668ry
2026-09-06T11:48:56+00:00	dgx-spark-04	True	0	cmtpeql4y1etk2auhbk9668ry
2026-09-06T11:48:58+00:00	dgx-spark-04	True	0	cmtpeql4y1etk2auhbk9668ry
2026-09-06T11:49:00+00:00	dgx-spark-04	True	0	cmtpeql4y1etk2auhbk9668ry
2026-09-06T11:49:02+00:00	dgx-spark-04	True	0	cmtpeql4y1etk2auhbk9668ry
2026-09-06T11:49:05+00:00	dgx-spark-04	True	0	cmtpeql4y1etk2auhbk9668ry
2026-09-06T11:49:07+00:00	dgx-spark-04	True	0	cmtpeql4y1etk2auhbk9668ry
2026-09-06T11:49:09+00:00	dgx-spark-04	True	0	cmtpeql4y1etk2auhbk9668ry
2026-09-06T11:49:11+00:00	dgx-spark-04	True	0	cmtpeql4y1etk2auhbk9668ry
2026-09-06T11:49:13+00:00	dgx-spark-04	True	0	cmtpeql4y1etk2auhbk9668ry
2026-09-06T11:49:15+00:00	dgx-spark-04	True	0	cmtpeql4y1etk2auhbk9668ry
2026-09-06T11:49:17+00:00	dgx-spark-04	True	0	cmtpeql4y1etk2auhbk9668ry
2026-09-06T11:49:19+00:00	dgx-spark-04	True	0	cmtpeql4y1etk2auhbk9668ry
2026-09-06T11:49:21+00:00	dgx-spark-04	True	0	cmtpeql4y1etk2auhbk9668ry
2026-09-06T11:49:23+00:00	dgx-spark-04	True	0	cmtpeql4y1etk2auhbk9668ry
2026-09-06T11:49:26+00:00	dgx-spark-04	True	0	cmtpeql4y1etk2auhbk9668ry
2026-09-06T11:49:28+00:00	dgx-spark-04	True	0	cmtpeql4y1etk2auhbk9668ry
2026-09-06T11:49:30+00:00	dgx-spark-04	True	0	cmtpeql4y1etk2auhbk9668ry
2026-09-06T11:49:32+00:00	dgx-spark-04	True	0	cmtpeql4y1etk2auhbk9668ry
2026-09-06T11:49:34+00:00	dgx-spark-04	True	0	cmtpeql4y1etk2auhbk9668ry
2026-09-06T11:49:36+00:00	dgx-spark-04	True	0	cmtpeql4y1etk2auhbk9668ry
2026-09-06T11:49:38+00:00	dgx-spark-04	True	0	cmtpeql4y1etk2auhbk9668ry
2026-09-06T11:49:40+00:00	dgx-spark-04	True	0	cmtpeql4y1etk2auhbk9668ry
2026-09-06T11:49:42+00:00	dgx-spark-04	True	0	cmtpeql4y1etk2auhbk9668ry
2026-09-06T11:49:44+00:00	dgx-spark-04	True	0	cmtpeql4y1etk2auhbk9668ry
2026-09-06T11:49:46+00:00	dgx-spark-04	True	0	cmtpeql4y1etk2auhbk9668ry
2026-09-06T11:49:49+00:00	dgx-spark-04	True	0	cmtpeql4y1etk2auhbk9668ry
2026-09-06T11:49:51+00:00	dgx-spark-04	True	0	cmtpeql4y1etk2auhbk9668ry
2026-09-06T11:49:53+00:00	dgx-spark-04	True	0	cmtpeql4y1etk2auhbk9668ry
2026-09-06T11:49:55+00:00	dgx-spark-04	True	0	cmtpeql4y1etk2auhbk9668ry
2026-09-06T11:49:57+00:00	dgx-spark-04	True	0	cmtpeql4y1etk2auhbk9668ry
2026-09-06T11:49:59+00:00	dgx-spark-04	True	0	cmtpeql4y1etk2auhbk9668ry
2026-09-06T11:50:01+00:00	dgx-spark-04	True	0	cmtpeql4y1etk2auhbk9668ry
2026-09-06T11:50:03+00:00	dgx-spark-04	True	0	cmtpeql4y1etk2auhbk9668ry
2026-09-06T11:50:05+00:00	dgx-spark-04	True	0	cmtpeql4y1etk2auhbk9668ry
2026-09-06T11:50:07+00:00	dgx-spark-04	True	0	cmtpeql4y1etk2auhbk9668ry
2026-09-06T11:50:10+00:00	dgx-spark-04	True	0	cmtpeql4y1etk2auhbk9668ry
2026-09-06T11:50:12+00:00	dgx-spark-04	True	0	cmtpeql4y1etk2auhbk9668ry
2026-09-06T11:50:14+00:00	dgx-spark-04	True	0	cmtpeql4y1etk2auhbk9668ry
2026-09-06T11:50:16+00:00	dgx-spark-04	True	0	cmtpeql4y1etk2auhbk9668ry
2026-09-06T11:50:18+00:00	dgx-spark-04	True	0	cmtpeql4y1etk2auhbk9668ry
2026-09-06T11:50:20+00:00	dgx-spark-04	True	0	cmtpeql4y1etk2auhbk9668ry
2026-09-06T11:50:22+00:00	dgx-spark-04	True	0	cmtpeql4y1etk2auhbk9668ry
2026-09-06T11:50:24+00:00	dgx-spark-04	True	0	cmtpeql4y1etk2auhbk9668ry
2026-09-06T11:50:26+00:00	dgx-spark-04	True	0	cmtpeql4y1etk2auhbk9668ry
2026-09-06T11:50:28+00:00	dgx-spark-04	True	0	cmtpeql4y1etk2auhbk9668ry
2026-09-06T11:50:31+00:00	dgx-spark-04	True	0	cmtpeql4y1etk2auhbk9668ry
2026-09-06T11:50:33+00:00	dgx-spark-04	True	0	cmtpeql4y1etk2auhbk9668ry
2026-09-06T11:50:35+00:00	dgx-spark-04	True	0	cmtpeql4y1etk2auhbk9668ry
2026-09-06T11:50:37+00:00	dgx-spark-04	True	0	cmtpeql4y1etk2auhbk9668ry
2026-09-06T11:50:39+00:00	dgx-spark-04	True	0	cmtpeql4y1etk2auhbk9668ry
2026-09-06T11:50:41+00:00	dgx-spark-04	True	0	cmtpeql4y1etk2auhbk9668ry
2026-09-06T11:50:43+00:00	dgx-spark-04	True	0	cmtpeql4y1etk2auhbk9668ry
2026-09-06T11:50:45+00:00	dgx-spark-04	True	0	cmtpeql4y1etk2auhbk9668ry
2026-09-06T11:50:47+00:00	dgx-spark-04	True	0	cmtpeql4y1etk2auhbk9668ry
2026-09-06T11:50:49+00:00	dgx-spark-04	True	0	cmtpeql4y1etk2auhbk9668ry
2026-09-06T11:50:51+00:00	dgx-spark-04	True	0	cmtpeql4y1etk2auhbk9668ry
2026-09-06T11:50:54+00:00	dgx-spark-04	True	0	cmtpeql4y1etk2auhbk9668ry
2026-09-06T11:50:56+00:00	dgx-spark-04	True	0	cmtpeql4y1etk2auhbk9668ry
2026-09-06T11:50:58+00:00	dgx-spark-04	True	0	cmtpeql4y1etk2auhbk9668ry
2026-09-06T11:51:00+00:00	dgx-spark-04	True	0	cmtpeql4y1etk2auhbk9668ry
2026-09-06T11:51:02+00:00	dgx-spark-04	True	0	cmtpeql4y1etk2auhbk9668ry
2026-09-06T11:51:04+00:00	dgx-spark-04	True	0	cmtpeql4y1etk2auhbk9668ry
2026-09-06T11:51:06+00:00	dgx-spark-04	True	0	cmtpeql4y1etk2auhbk9668ry
2026-09-06T11:51:08+00:00	dgx-spark-04	True	0	cmtpeql4y1etk2auhbk9668ry
2026-09-06T11:51:10+00:00	dgx-spark-04	True	0	cmtpeql4y1etk2auhbk9668ry
2026-09-06T11:51:12+00:00	dgx-spark-04	True	0	cmtpeql4y1etk2auhbk9668ry
2026-09-06T11:51:15+00:00	dgx-spark-04	True	0	cmtpeql4y1etk2auhbk9668ry
2026-09-06T11:51:17+00:00	dgx-spark-04	True	0	cmtpeql4y1etk2auhbk9668ry
2026-09-06T11:51:19+00:00	dgx-spark-04	True	0	cmtpeql4y1etk2auhbk9668ry
2026-09-06T11:51:21+00:00	dgx-spark-04	True	0	cmtpeql4y1etk2auhbk9668ry
2026-09-06T11:51:23+00:00	dgx-spark-04	True	0	cmtpeql4y1etk2auhbk9668ry
2026-09-06T11:51:25+00:00	dgx-spark-04	True	0	cmtpeql4y1etk2auhbk9668ry
2026-09-06T11:51:27+00:00	dgx-spark-04	True	0	cmtpeql4y1etk2auhbk9668ry
2026-09-06T11:51:29+00:00	dgx-spark-04	True	0	cmtpeql4y1etk2auhbk9668ry
2026-09-06T11:51:31+00:00	dgx-spark-04	True	0	cmtpeql4y1etk2auhbk9668ry
2026-09-06T11:51:33+00:00	dgx-spark-04	True	0	cmtpeql4y1etk2auhbk9668ry
2026-09-06T11:51:36+00:00	dgx-spark-04	True	0	cmtpeql4y1etk2auhbk9668ry
2026-09-06T11:51:38+00:00	dgx-spark-04	True	0	cmtpeql4y1etk2auhbk9668ry
2026-09-06T11:51:40+00:00	dgx-spark-04	True	0	cmtpeql4y1etk2auhbk9668ry
2026-09-06T11:51:42+00:00	dgx-spark-04	True	0	cmtpeql4y1etk2auhbk9668ry
2026-09-06T11:51:44+00:00	dgx-spark-04	True	0	cmtpeql4y1etk2auhbk9668ry
2026-09-06T11:51:46+00:00	dgx-spark-04	True	0	cmtpeql4y1etk2auhbk9668ry
2026-09-06T11:51:48+00:00	dgx-spark-04	True	0	cmtpeql4y1etk2auhbk9668ry
2026-09-06T11:51:50+00:00	dgx-spark-04	True	0	cmtpeql4y1etk2auhbk9668ry
2026-09-06T11:51:52+00:00	dgx-spark-04	True	0	cmtpeql4y1etk2auhbk9668ry
2026-09-06T11:51:54+00:00	dgx-spark-04	True	0	cmtpeql4y1etk2auhbk9668ry
2026-09-06T11:51:57+00:00	dgx-spark-04	True	0	cmtpeql4y1etk2auhbk9668ry
2026-09-06T11:51:59+00:00	dgx-spark-04	True	0	cmtpeql4y1etk2auhbk9668ry
2026-09-06T11:52:01+00:00	dgx-spark-04	True	0	cmtpeql4y1etk2auhbk9668ry
2026-09-06T11:52:03+00:00	dgx-spark-04	True	0	cmtpeql4y1etk2auhbk9668ry
2026-09-06T11:52:05+00:00	dgx-spark-04	True	0	cmtpeql4y1etk2auhbk9668ry
2026-09-06T11:52:07+00:00	dgx-spark-04	True	0	cmtpeql4y1etk2auhbk9668ry
2026-09-06T11:52:09+00:00	dgx-spark-04	True	0	cmtpeql4y1etk2auhbk9668ry
2026-09-06T11:52:11+00:00	dgx-spark-04	True	0	cmtpeql4y1etk2auhbk9668ry
2026-09-06T11:52:13+00:00	dgx-spark-04	True	0	cmtpeql4y1etk2auhbk9668ry
2026-09-06T11:52:15+00:00	dgx-spark-04	True	0	cmtpeql4y1etk2auhbk9668ry
2026-09-06T11:52:17+00:00	dgx-spark-04	True	0	cmtpeql4y1etk2auhbk9668ry
2026-09-06T11:52:20+00:00	dgx-spark-04	True	0	cmtpeql4y1etk2auhbk9668ry
2026-09-06T11:52:22+00:00	dgx-spark-04	True	0	cmtpeql4y1etk2auhbk9668ry
2026-09-06T11:52:24+00:00	dgx-spark-04	True	0	cmtpeql4y1etk2auhbk9668ry
2026-09-06T11:52:26+00:00	dgx-spark-04	True	0	cmtpeql4y1etk2auhbk9668ry
2026-09-06T11:52:28+00:00	dgx-spark-04	True	0	cmtpeql4y1etk2auhbk9668ry
2026-09-06T11:52:30+00:00	dgx-spark-04	True	0	cmtpeql4y1etk2auhbk9668ry
2026-09-06T11:52:32+00:00	dgx-spark-04	True	0	cmtpeql4y1etk2auhbk9668ry
2026-09-06T11:52:34+00:00	dgx-spark-04	True	0	cmtpeql4y1etk2auhbk9668ry
2026-09-06T11:52:36+00:00	dgx-spark-04	True	0	cmtpeql4y1etk2auhbk9668ry
2026-09-06T11:52:38+00:00	dgx-spark-04	True	0	cmtpeql4y1etk2auhbk9668ry
2026-09-06T11:52:41+00:00	dgx-spark-04	True	0	cmtpeql4y1etk2auhbk9668ry
2026-09-06T11:52:43+00:00	dgx-spark-04	True	0	cmtpeql4y1etk2auhbk9668ry
2026-09-06T11:52:45+00:00	dgx-spark-04	True	0	cmtpeql4y1etk2auhbk9668ry
2026-09-06T11:52:47+00:00	dgx-spark-04	True	0	cmtpeql4y1etk2auhbk9668ry
2026-09-06T11:52:49+00:00	dgx-spark-04	True	0	cmtpeql4y1etk2auhbk9668ry
2026-09-06T11:52:51+00:00	dgx-spark-04	True	0	cmtpeql4y1etk2auhbk9668ry
2026-09-06T11:52:53+00:00	dgx-spark-04	True	0	cmtpeql4y1etk2auhbk9668ry
2026-09-06T11:52:55+00:00	dgx-spark-04	True	0	cmtpeql4y1etk2auhbk9668ry
2026-09-06T11:52:57+00:00	dgx-spark-04	True	0	cmtpeql4y1etk2auhbk9668ry
2026-09-06T11:52:59+00:00	dgx-spark-04	True	0	cmtpeql4y1etk2auhbk9668ry
2026-09-06T11:53:02+00:00	dgx-spark-04	True	0	cmtpeql4y1etk2auhbk9668ry
2026-09-06T11:53:04+00:00	dgx-spark-04	True	0	cmtpeql4y1etk2auhbk9668ry
2026-09-06T11:53:06+00:00	dgx-spark-04	True	0	cmtpeql4y1etk2auhbk9668ry
2026-09-06T11:53:08+00:00	dgx-spark-04	True	0	cmtpeql4y1etk2auhbk9668ry
2026-09-06T11:53:10+00:00	dgx-spark-04	True	0	cmtpeql4y1etk2auhbk9668ry
2026-09-06T11:53:12+00:00	dgx-spark-04	True	0	cmtpeql4y1etk2auhbk9668ry
2026-09-06T11:53:14+00:00	dgx-spark-04	True	0	cmtpeql4y1etk2auhbk9668ry
2026-09-06T11:53:16+00:00	dgx-spark-04	True	0	cmtpeql4y1etk2auhbk9668ry
2026-09-06T11:53:18+00:00	dgx-spark-04	True	0	cmtpeql4y1etk2auhbk9668ry
2026-09-06T11:53:20+00:00	dgx-spark-04	True	0	cmtpeql4y1etk2auhbk9668ry
2026-09-06T11:53:23+00:00	dgx-spark-04	True	0	cmtpeql4y1etk2auhbk9668ry
2026-09-06T11:53:25+00:00	dgx-spark-04	True	0	cmtpeql4y1etk2auhbk9668ry
2026-09-06T11:53:27+00:00	dgx-spark-04	True	0	cmtpeql4y1etk2auhbk9668ry
2026-09-06T11:53:29+00:00	dgx-spark-04	True	0	cmtpeql4y1etk2auhbk9668ry
2026-09-06T11:53:31+00:00	dgx-spark-04	True	0	cmtpeql4y1etk2auhbk9668ry
2026-09-06T11:53:33+00:00	dgx-spark-04	True	0	cmtpeql4y1etk2auhbk9668ry
2026-09-06T11:53:35+00:00	dgx-spark-04	True	0	cmtpeql4y1etk2auhbk9668ry
2026-09-06T11:53:37+00:00	dgx-spark-04	True	0	cmtpeql4y1etk2auhbk9668ry
2026-09-06T11:53:39+00:00	dgx-spark-04	True	0	cmtpeql4y1etk2auhbk9668ry
2026-09-06T11:53:41+00:00	dgx-spark-04	True	0	cmtpeql4y1etk2auhbk9668ry
2026-09-06T11:53:43+00:00	dgx-spark-04	True	0	cmtpeql4y1etk2auhbk9668ry
2026-09-06T11:53:46+00:00	dgx-spark-04	True	0	cmtpeql4y1etk2auhbk9668ry
2026-09-06T11:53:48+00:00	dgx-spark-04	True	0	cmtpeql4y1etk2auhbk9668ry
2026-09-06T11:53:50+00:00	dgx-spark-04	True	0	cmtpeql4y1etk2auhbk9668ry
2026-09-06T11:53:52+00:00	dgx-spark-04	True	0	cmtpeql4y1etk2auhbk9668ry
2026-09-06T11:53:54+00:00	dgx-spark-04	True	0	cmtpeql4y1etk2auhbk9668ry
2026-09-06T11:53:56+00:00	dgx-spark-04	True	0	cmtpeql4y1etk2auhbk9668ry
2026-09-06T11:53:58+00:00	dgx-spark-04	True	0	cmtpeql4y1etk2auhbk9668ry
2026-09-06T11:54:00+00:00	dgx-spark-04	True	0	cmtpeql4y1etk2auhbk9668ry
2026-09-06T11:54:02+00:00	dgx-spark-04	True	0	cmtpeql4y1etk2auhbk9668ry
2026-09-06T11:54:04+00:00	dgx-spark-04	True	0	cmtpeql4y1etk2auhbk9668ry
2026-09-06T11:54:07+00:00	dgx-spark-04	True	0	cmtpeql4y1etk2auhbk9668ry
2026-09-06T11:54:09+00:00	dgx-spark-04	True	0	cmtpeql4y1etk2auhbk9668ry
2026-09-06T11:54:11+00:00	dgx-spark-04	True	0	cmtpeql4y1etk2auhbk9668ry
2026-09-06T11:54:13+00:00	dgx-spark-04	True	0	cmtpeql4y1etk2auhbk9668ry
2026-09-06T11:54:15+00:00	dgx-spark-04	True	0	cmtpeql4y1etk2auhbk9668ry
2026-09-06T11:54:17+00:00	dgx-spark-04	True	0	cmtpeql4y1etk2auhbk9668ry
2026-09-06T11:54:19+00:00	dgx-spark-04	True	0	cmtpeql4y1etk2auhbk9668ry
2026-09-06T11:54:21+00:00	dgx-spark-04	True	0	cmtpeql4y1etk2auhbk9668ry
2026-09-06T11:54:23+00:00	dgx-spark-04	True	0	cmtpeql4y1etk2auhbk9668ry
2026-09-06T11:54:25+00:00	dgx-spark-04	True	0	cmtpeql4y1etk2auhbk9668ry
2026-09-06T11:54:28+00:00	dgx-spark-04	True	0	cmtpeql4y1etk2auhbk9668ry
2026-09-06T11:54:30+00:00	dgx-spark-04	True	0	cmtpeql4y1etk2auhbk9668ry
2026-09-06T11:54:32+00:00	dgx-spark-04	True	0	cmtpeql4y1etk2auhbk9668ry
2026-09-06T11:54:34+00:00	dgx-spark-04	True	0	cmtpeql4y1etk2auhbk9668ry
2026-09-06T11:54:36+00:00	dgx-spark-04	True	0	cmtpeql4y1etk2auhbk9668ry
2026-09-06T11:54:38+00:00	dgx-spark-04	True	0	cmtpeql4y1etk2auhbk9668ry
2026-09-06T11:54:40+00:00	dgx-spark-04	True	0	cmtpeql4y1etk2auhbk9668ry
2026-09-06T11:54:42+00:00	dgx-spark-04	True	0	cmtpeql4y1etk2auhbk9668ry
2026-09-06T11:54:44+00:00	dgx-spark-04	True	0	cmtpeql4y1etk2auhbk9668ry
2026-09-06T11:54:46+00:00	dgx-spark-04	True	0	cmtpeql4y1etk2auhbk9668ry
2026-09-06T11:54:48+00:00	dgx-spark-04	True	0	cmtpeql4y1etk2auhbk9668ry
2026-09-06T11:54:51+00:00	dgx-spark-04	True	0	cmtpeql4y1etk2auhbk9668ry
2026-09-06T11:54:53+00:00	dgx-spark-04	True	0	cmtpeql4y1etk2auhbk9668ry
2026-09-06T11:54:55+00:00	dgx-spark-04	True	0	cmtpeql4y1etk2auhbk9668ry
2026-09-06T11:54:57+00:00	dgx-spark-04	True	0	cmtpeql4y1etk2auhbk9668ry
2026-09-06T11:54:59+00:00	dgx-spark-04	True	0	cmtpeql4y1etk2auhbk9668ry
2026-09-06T11:55:01+00:00	dgx-spark-04	True	0	cmtpeql4y1etk2auhbk9668ry
2026-09-06T11:55:03+00:00	dgx-spark-04	True	0	cmtpeql4y1etk2auhbk9668ry
2026-09-06T11:55:05+00:00	dgx-spark-04	True	0	cmtpeql4y1etk2auhbk9668ry
2026-09-06T11:55:07+00:00	dgx-spark-04	True	0	cmtpeql4y1etk2auhbk9668ry
2026-09-06T11:55:09+00:00	dgx-spark-04	True	0	cmtpeql4y1etk2auhbk9668ry
2026-09-06T11:55:12+00:00	dgx-spark-04	True	0	cmtpeql4y1etk2auhbk9668ry
2026-09-06T11:55:14+00:00	dgx-spark-04	True	0	cmtpeql4y1etk2auhbk9668ry
2026-09-06T11:55:16+00:00	dgx-spark-04	True	0	cmtpeql4y1etk2auhbk9668ry
2026-09-06T11:55:18+00:00	dgx-spark-04	True	0	cmtpeql4y1etk2auhbk9668ry
2026-09-06T11:55:20+00:00	dgx-spark-04	True	0	cmtpeql4y1etk2auhbk9668ry
2026-09-06T11:55:22+00:00	dgx-spark-04	True	0	cmtpeql4y1etk2auhbk9668ry
2026-09-06T11:55:24+00:00	dgx-spark-04	True	0	cmtpeql4y1etk2auhbk9668ry
2026-09-06T11:55:26+00:00	dgx-spark-04	True	0	cmtpeql4y1etk2auhbk9668ry
2026-09-06T11:55:28+00:00	dgx-spark-04	True	0	cmtpeql4y1etk2auhbk9668ry
2026-09-06T11:55:30+00:00	dgx-spark-04	True	0	cmtpeql4y1etk2auhbk9668ry
2026-09-06T11:55:33+00:00	dgx-spark-04	True	0	cmtpeql4y1etk2auhbk9668ry
2026-09-06T11:55:35+00:00	dgx-spark-04	True	0	cmtpeql4y1etk2auhbk9668ry
2026-09-06T11:55:37+00:00	dgx-spark-04	True	0	cmtpeql4y1etk2auhbk9668ry
2026-09-06T11:55:39+00:00	dgx-spark-04	True	0	cmtpeql4y1etk2auhbk9668ry
2026-09-06T11:55:41+00:00	dgx-spark-04	True	0	cmtpeql4y1etk2auhbk9668ry
2026-09-06T11:55:43+00:00	dgx-spark-04	True	0	cmtpeql4y1etk2auhbk9668ry
2026-09-06T11:55:45+00:00	dgx-spark-04	True	0	cmtpeql4y1etk2auhbk9668ry
2026-09-06T11:55:47+00:00	dgx-spark-04	True	0	cmtpeql4y1etk2auhbk9668ry
2026-09-06T11:55:49+00:00	dgx-spark-04	True	0	cmtpeql4y1etk2auhbk9668ry
2026-09-06T11:55:51+00:00	dgx-spark-04	True	0	cmtpeql4y1etk2auhbk9668ry
2026-09-06T11:55:54+00:00	dgx-spark-04	True	0	cmtpeql4y1etk2auhbk9668ry
2026-09-06T11:55:56+00:00	dgx-spark-04	True	0	cmtpeql4y1etk2auhbk9668ry
2026-09-06T11:55:58+00:00	dgx-spark-04	True	0	cmtpeql4y1etk2auhbk9668ry
2026-09-06T11:56:00+00:00	dgx-spark-04	True	0	cmtpeql4y1etk2auhbk9668ry
2026-09-06T11:56:02+00:00	dgx-spark-04	True	0	cmtpeql4y1etk2auhbk9668ry
2026-09-06T11:56:04+00:00	dgx-spark-04	True	0	cmtpeql4y1etk2auhbk9668ry
2026-09-06T11:56:06+00:00	dgx-spark-04	True	0	cmtpeql4y1etk2auhbk9668ry
2026-09-06T11:56:08+00:00	dgx-spark-04	True	0	cmtpeql4y1etk2auhbk9668ry
2026-09-06T11:56:10+00:00	dgx-spark-04	True	0	cmtpeql4y1etk2auhbk9668ry
2026-09-06T11:56:12+00:00	dgx-spark-04	True	0	cmtpeql4y1etk2auhbk9668ry
2026-09-06T11:56:14+00:00	dgx-spark-04	True	0	cmtpeql4y1etk2auhbk9668ry
2026-09-06T11:56:17+00:00	dgx-spark-04	True	0	cmtpeql4y1etk2auhbk9668ry
2026-09-06T11:56:19+00:00	dgx-spark-04	True	0	cmtpeql4y1etk2auhbk9668ry
2026-09-06T11:56:21+00:00	dgx-spark-04	True	0	cmtpeql4y1etk2auhbk9668ry
2026-09-06T11:56:23+00:00	dgx-spark-04	True	0	cmtpeql4y1etk2auhbk9668ry
2026-09-06T11:56:25+00:00	dgx-spark-04	True	0	cmtpeql4y1etk2auhbk9668ry
2026-09-06T11:56:27+00:00	dgx-spark-04	True	0	cmtpeql4y1etk2auhbk9668ry
2026-09-06T11:56:29+00:00	dgx-spark-04	True	0	cmtpeql4y1etk2auhbk9668ry
2026-09-06T11:56:31+00:00	dgx-spark-04	True	0	cmtpeql4y1etk2auhbk9668ry
2026-09-06T11:56:33+00:00	dgx-spark-04	True	0	cmtpeql4y1etk2auhbk9668ry
2026-09-06T11:56:35+00:00	dgx-spark-04	True	0	cmtpeql4y1etk2auhbk9668ry
2026-09-06T11:56:38+00:00	dgx-spark-04	True	0	cmtpeql4y1etk2auhbk9668ry
2026-09-06T11:56:40+00:00	dgx-spark-04	True	0	cmtpeql4y1etk2auhbk9668ry
2026-09-06T11:56:42+00:00	dgx-spark-04	True	0	cmtpeql4y1etk2auhbk9668ry
2026-09-06T11:56:44+00:00	dgx-spark-04	True	0	cmtpeql4y1etk2auhbk9668ry
2026-09-06T11:56:46+00:00	dgx-spark-04	True	0	cmtpeql4y1etk2auhbk9668ry
2026-09-06T11:56:48+00:00	dgx-spark-04	True	0	cmtpeql4y1etk2auhbk9668ry
2026-09-06T11:56:50+00:00	dgx-spark-04	True	0	cmtpeql4y1etk2auhbk9668ry
2026-09-06T11:56:52+00:00	dgx-spark-04	True	0	cmtpeql4y1etk2auhbk9668ry
2026-09-06T11:56:54+00:00	dgx-spark-04	True	0	cmtpeql4y1etk2auhbk9668ry
2026-09-06T11:56:56+00:00	dgx-spark-04	True	0	cmtpeql4y1etk2auhbk9668ry
2026-09-06T11:56:59+00:00	dgx-spark-04	True	0	cmtpeql4y1etk2auhbk9668ry
2026-09-06T11:57:01+00:00	dgx-spark-04	True	0	cmtpeql4y1etk2auhbk9668ry
2026-09-06T11:57:03+00:00	dgx-spark-04	True	0	cmtpeql4y1etk2auhbk9668ry
2026-09-06T11:57:05+00:00	dgx-spark-04	True	0	cmtpeql4y1etk2auhbk9668ry
2026-09-06T11:57:07+00:00	dgx-spark-04	True	0	cmtpeql4y1etk2auhbk9668ry
2026-09-06T11:57:09+00:00	dgx-spark-04	True	0	cmtpeql4y1etk2auhbk9668ry
2026-09-06T11:57:11+00:00	dgx-spark-04	True	0	cmtpeql4y1etk2auhbk9668ry
2026-09-06T11:57:13+00:00	dgx-spark-04	True	0	cmtpeql4y1etk2auhbk9668ry
2026-09-06T11:57:15+00:00	dgx-spark-04	True	0	cmtpeql4y1etk2auhbk9668ry
2026-09-06T11:57:17+00:00	dgx-spark-04	True	0	cmtpeql4y1etk2auhbk9668ry
2026-09-06T11:57:19+00:00	dgx-spark-04	True	0	cmtpeql4y1etk2auhbk9668ry
2026-09-06T11:57:22+00:00	dgx-spark-04	True	0	cmtpeql4y1etk2auhbk9668ry
2026-09-06T11:57:24+00:00	dgx-spark-04	True	0	cmtpeql4y1etk2auhbk9668ry
2026-09-06T11:57:26+00:00	dgx-spark-04	True	0	cmtpeql4y1etk2auhbk9668ry
2026-09-06T11:57:28+00:00	dgx-spark-04	True	0	cmtpeql4y1etk2auhbk9668ry
2026-09-06T11:57:30+00:00	dgx-spark-04	True	0	cmtpeql4y1etk2auhbk9668ry
2026-09-06T11:57:32+00:00	dgx-spark-04	True	0	cmtpeql4y1etk2auhbk9668ry
2026-09-06T11:57:34+00:00	dgx-spark-04	True	0	cmtpeql4y1etk2auhbk9668ry
2026-09-06T11:57:36+00:00	dgx-spark-04	True	0	cmtpeql4y1etk2auhbk9668ry
2026-09-06T11:57:38+00:00	dgx-spark-04	True	0	cmtpeql4y1etk2auhbk9668ry
2026-09-06T11:57:40+00:00	dgx-spark-04	True	0	cmtpeql4y1etk2auhbk9668ry
2026-09-06T11:57:43+00:00	dgx-spark-04	True	0	cmtpeql4y1etk2auhbk9668ry
2026-09-06T11:57:45+00:00	dgx-spark-04	True	0	cmtpeql4y1etk2auhbk9668ry
2026-09-06T11:57:47+00:00	dgx-spark-04	True	0	cmtpeql4y1etk2auhbk9668ry
2026-09-06T11:57:49+00:00	dgx-spark-04	True	0	cmtpeql4y1etk2auhbk9668ry
2026-09-06T11:57:51+00:00	dgx-spark-04	True	0	cmtpeql4y1etk2auhbk9668ry
2026-09-06T11:57:53+00:00	dgx-spark-04	True	0	cmtpeql4y1etk2auhbk9668ry
2026-09-06T11:57:55+00:00	dgx-spark-04	True	0	cmtpeql4y1etk2auhbk9668ry
2026-09-06T11:57:57+00:00	dgx-spark-04	True	0	cmtpeql4y1etk2auhbk9668ry
2026-09-06T11:57:59+00:00	dgx-spark-04	True	0	cmtpeql4y1etk2auhbk9668ry
2026-09-06T11:58:01+00:00	dgx-spark-04	True	0	cmtpeql4y1etk2auhbk9668ry
2026-09-06T11:58:04+00:00	dgx-spark-04	True	0	cmtpeql4y1etk2auhbk9668ry
2026-09-06T11:58:06+00:00	dgx-spark-04	True	0	cmtpeql4y1etk2auhbk9668ry
2026-09-06T11:58:08+00:00	dgx-spark-04	True	0	cmtpeql4y1etk2auhbk9668ry
2026-09-06T11:58:10+00:00	dgx-spark-04	True	0	cmtpeql4y1etk2auhbk9668ry
2026-09-06T11:58:12+00:00	dgx-spark-04	True	0	cmtpeql4y1etk2auhbk9668ry
2026-09-06T11:58:14+00:00	dgx-spark-04	True	0	cmtpeql4y1etk2auhbk9668ry
2026-09-06T11:58:16+00:00	dgx-spark-04	True	0	cmtpeql4y1etk2auhbk9668ry
2026-09-06T11:58:18+00:00	dgx-spark-04	True	0	cmtpeql4y1etk2auhbk9668ry
2026-09-06T11:58:20+00:00	dgx-spark-04	True	0	cmtpeql4y1etk2auhbk9668ry
2026-09-06T11:58:22+00:00	dgx-spark-04	True	0	cmtpeql4y1etk2auhbk9668ry
2026-09-06T11:58:25+00:00	dgx-spark-04	True	0	cmtpeql4y1etk2auhbk9668ry
2026-09-06T11:58:27+00:00	dgx-spark-04	True	0	cmtpeql4y1etk2auhbk9668ry
2026-09-06T11:58:29+00:00	dgx-spark-04	True	0	cmtpeql4y1etk2auhbk9668ry
2026-09-06T11:58:31+00:00	dgx-spark-04	True	0	cmtpeql4y1etk2auhbk9668ry
2026-09-06T11:58:33+00:00	dgx-spark-04	True	0	cmtpeql4y1etk2auhbk9668ry
2026-09-06T11:58:35+00:00	dgx-spark-04	True	0	cmtpeql4y1etk2auhbk9668ry
2026-09-06T11:58:37+00:00	dgx-spark-04	True	0	cmtpeql4y1etk2auhbk9668ry
2026-09-06T11:58:39+00:00	dgx-spark-04	True	0	cmtpeql4y1etk2auhbk9668ry
2026-09-06T11:58:41+00:00	dgx-spark-04	True	0	cmtpeql4y1etk2auhbk9668ry
2026-09-06T11:58:43+00:00	dgx-spark-04	True	0	cmtpeql4y1etk2auhbk9668ry
2026-09-06T11:58:45+00:00	dgx-spark-04	True	0	cmtpeql4y1etk2auhbk9668ry
2026-09-06T11:58:48+00:00	dgx-spark-04	True	0	cmtpeql4y1etk2auhbk9668ry
2026-09-06T11:58:50+00:00	dgx-spark-04	True	0	cmtpeql4y1etk2auhbk9668ry
2026-09-06T11:58:52+00:00	dgx-spark-04	True	0	cmtpeql4y1etk2auhbk9668ry
2026-09-06T11:58:54+00:00	dgx-spark-04	True	0	cmtpeql4y1etk2auhbk9668ry
2026-09-06T11:58:56+00:00	dgx-spark-04	True	0	cmtpeql4y1etk2auhbk9668ry
2026-09-06T11:58:58+00:00	dgx-spark-04	True	0	cmtpeql4y1etk2auhbk9668ry
2026-09-06T11:59:00+00:00	dgx-spark-04	True	0	cmtpeql4y1etk2auhbk9668ry
2026-09-06T11:59:02+00:00	dgx-spark-04	True	0	cmtpeql4y1etk2auhbk9668ry
2026-09-06T11:59:04+00:00	dgx-spark-04	True	0	cmtpeql4y1etk2auhbk9668ry
2026-09-06T11:59:06+00:00	dgx-spark-04	True	0	cmtpeql4y1etk2auhbk9668ry
2026-09-06T11:59:09+00:00	dgx-spark-04	True	0	cmtpeql4y1etk2auhbk9668ry
2026-09-06T11:59:11+00:00	dgx-spark-04	True	0	cmtpeql4y1etk2auhbk9668ry
2026-09-06T11:59:13+00:00	dgx-spark-04	True	0	cmtpeql4y1etk2auhbk9668ry
2026-09-06T11:59:15+00:00	dgx-spark-04	True	0	cmtpeql4y1etk2auhbk9668ry
2026-09-06T11:59:17+00:00	dgx-spark-04	True	0	cmtpeql4y1etk2auhbk9668ry
2026-09-06T11:59:19+00:00	dgx-spark-04	True	0	cmtpeql4y1etk2auhbk9668ry
2026-09-06T11:59:21+00:00	dgx-spark-04	True	0	cmtpeql4y1etk2auhbk9668ry
2026-09-06T11:59:23+00:00	dgx-spark-04	True	0	cmtpeql4y1etk2auhbk9668ry
2026-09-06T11:59:25+00:00	dgx-spark-04	True	0	cmtpeql4y1etk2auhbk9668ry
2026-09-06T11:59:27+00:00	dgx-spark-04	True	0	cmtpeql4y1etk2auhbk9668ry
2026-09-06T11:59:30+00:00	dgx-spark-04	True	0	cmtpeql4y1etk2auhbk9668ry
2026-09-06T11:59:32+00:00	dgx-spark-04	True	0	cmtpeql4y1etk2auhbk9668ry
2026-09-06T11:59:34+00:00	dgx-spark-04	True	0	cmtpeql4y1etk2auhbk9668ry
2026-09-06T11:59:36+00:00	dgx-spark-04	True	0	cmtpeql4y1etk2auhbk9668ry
2026-09-06T11:59:38+00:00	dgx-spark-04	True	0	cmtpeql4y1etk2auhbk9668ry
2026-09-06T11:59:40+00:00	dgx-spark-04	True	0	cmtpeql4y1etk2auhbk9668ry
2026-09-06T11:59:42+00:00	dgx-spark-04	True	0	cmtpeql4y1etk2auhbk9668ry
2026-09-06T11:59:44+00:00	dgx-spark-04	True	0	cmtpeql4y1etk2auhbk9668ry
2026-09-06T11:59:46+00:00	dgx-spark-04	True	0	cmtpeql4y1etk2auhbk9668ry
2026-09-06T11:59:48+00:00	dgx-spark-04	True	0	cmtpeql4y1etk2auhbk9668ry
2026-09-06T11:59:50+00:00	dgx-spark-04	True	0	cmtpeql4y1etk2auhbk9668ry
2026-09-06T11:59:53+00:00	dgx-spark-04	True	0	cmtpeql4y1etk2auhbk9668ry
2026-09-06T11:59:55+00:00	dgx-spark-04	True	0	cmtpeql4y1etk2auhbk9668ry
2026-09-06T11:59:57+00:00	dgx-spark-04	True	0	cmtpeql4y1etk2auhbk9668ry
2026-09-06T11:59:59+00:00	dgx-spark-04	True	0	cmtpeql4y1etk2auhbk9668ry
2026-09-06T12:00:01+00:00	dgx-spark-04	True	0	cmtpeql4y1etk2auhbk9668ry
2026-09-06T12:00:03+00:00	dgx-spark-04	True	0	cmtpeql4y1etk2auhbk9668ry
2026-09-06T12:00:05+00:00	dgx-spark-04	True	0	cmtpeql4y1etk2auhbk9668ry
2026-09-06T12:00:07+00:00	dgx-spark-04	True	0	cmtpeql4y1etk2auhbk9668ry
2026-09-06T12:00:09+00:00	dgx-spark-04	True	0	cmtpeql4y1etk2auhbk9668ry
2026-09-06T12:00:11+00:00	dgx-spark-04	True	0	cmtpeql4y1etk2auhbk9668ry
2026-09-06T12:00:14+00:00	dgx-spark-04	True	0	cmtpeql4y1etk2auhbk9668ry
2026-09-06T12:00:16+00:00	dgx-spark-04	True	0	cmtpeql4y1etk2auhbk9668ry
2026-09-06T12:00:18+00:00	dgx-spark-04	True	0	cmtpeql4y1etk2auhbk9668ry
2026-09-06T12:00:20+00:00	dgx-spark-04	True	0	cmtpeql4y1etk2auhbk9668ry
2026-09-06T12:00:22+00:00	dgx-spark-04	True	0	cmtpeql4y1etk2auhbk9668ry
2026-09-06T12:00:24+00:00	dgx-spark-04	True	0	cmtpeql4y1etk2auhbk9668ry
2026-09-06T12:00:26+00:00	dgx-spark-04	True	0	cmtpeql4y1etk2auhbk9668ry
2026-09-06T12:00:28+00:00	dgx-spark-04	True	0	cmtpeql4y1etk2auhbk9668ry
2026-09-06T12:00:30+00:00	dgx-spark-04	True	0	cmtpeql4y1etk2auhbk9668ry
2026-09-06T12:00:32+00:00	dgx-spark-04	True	0	cmtpeql4y1etk2auhbk9668ry
2026-09-06T12:00:35+00:00	dgx-spark-04	True	0	cmtpeql4y1etk2auhbk9668ry
2026-09-06T12:00:37+00:00	dgx-spark-04	True	0	cmtpeql4y1etk2auhbk9668ry
2026-09-06T12:00:39+00:00	dgx-spark-04	True	0	cmtpeql4y1etk2auhbk9668ry
2026-09-06T12:00:41+00:00	dgx-spark-04	True	0	cmtpeql4y1etk2auhbk9668ry
2026-09-06T12:00:43+00:00	dgx-spark-04	True	0	cmtpeql4y1etk2auhbk9668ry
2026-09-06T12:00:45+00:00	dgx-spark-04	True	0	cmtpeql4y1etk2auhbk9668ry
2026-09-06T12:00:47+00:00	dgx-spark-04	True	0	cmtpeql4y1etk2auhbk9668ry
2026-09-06T12:00:49+00:00	dgx-spark-04	True	0	cmtpeql4y1etk2auhbk9668ry
2026-09-06T12:00:51+00:00	dgx-spark-04	True	0	cmtpeql4y1etk2auhbk9668ry
2026-09-06T12:00:53+00:00	dgx-spark-04	True	0	cmtpeql4y1etk2auhbk9668ry
2026-09-06T12:00:56+00:00	dgx-spark-04	True	0	cmtpeql4y1etk2auhbk9668ry
2026-09-06T12:00:58+00:00	dgx-spark-04	True	0	cmtpeql4y1etk2auhbk9668ry
2026-09-06T12:01:00+00:00	dgx-spark-04	True	0	cmtpeql4y1etk2auhbk9668ry
2026-09-06T12:01:02+00:00	dgx-spark-04	True	0	cmtpeql4y1etk2auhbk9668ry
2026-09-06T12:01:04+00:00	dgx-spark-04	True	0	cmtpeql4y1etk2auhbk9668ry
2026-09-06T12:01:06+00:00	dgx-spark-04	True	0	cmtpeql4y1etk2auhbk9668ry
2026-09-06T12:01:08+00:00	dgx-spark-04	True	0	cmtpeql4y1etk2auhbk9668ry
2026-09-06T12:01:10+00:00	dgx-spark-04	True	0	cmtpeql4y1etk2auhbk9668ry
2026-09-06T12:01:12+00:00	dgx-spark-04	True	0	cmtpeql4y1etk2auhbk9668ry
2026-09-06T12:01:14+00:00	dgx-spark-04	True	0	cmtpeql4y1etk2auhbk9668ry
2026-09-06T12:01:16+00:00	dgx-spark-04	True	0	cmtpeql4y1etk2auhbk9668ry
2026-09-06T12:01:19+00:00	dgx-spark-04	True	0	cmtpeql4y1etk2auhbk9668ry
2026-09-06T12:01:21+00:00	dgx-spark-04	True	0	cmtpeql4y1etk2auhbk9668ry
2026-09-06T12:01:23+00:00	dgx-spark-04	True	0	cmtpeql4y1etk2auhbk9668ry
2026-09-06T12:01:25+00:00	dgx-spark-04	True	0	cmtpeql4y1etk2auhbk9668ry
2026-09-06T12:01:27+00:00	dgx-spark-04	True	0	cmtpeql4y1etk2auhbk9668ry
2026-09-06T12:01:29+00:00	dgx-spark-04	True	0	cmtpeql4y1etk2auhbk9668ry
2026-09-06T12:01:31+00:00	dgx-spark-04	True	0	cmtpeql4y1etk2auhbk9668ry
2026-09-06T12:01:33+00:00	dgx-spark-04	True	0	cmtpeql4y1etk2auhbk9668ry
2026-09-06T12:01:35+00:00	dgx-spark-04	True	0	cmtpeql4y1etk2auhbk9668ry
2026-09-06T12:01:37+00:00	dgx-spark-04	True	0	cmtpeql4y1etk2auhbk9668ry
2026-09-06T12:01:40+00:00	dgx-spark-04	True	0	cmtpeql4y1etk2auhbk9668ry
2026-09-06T12:01:42+00:00	dgx-spark-04	True	0	cmtpeql4y1etk2auhbk9668ry
2026-09-06T12:01:44+00:00	dgx-spark-04	True	0	cmtpeql4y1etk2auhbk9668ry
2026-09-06T12:01:46+00:00	dgx-spark-04	True	0	cmtpeql4y1etk2auhbk9668ry
2026-09-06T12:01:48+00:00	dgx-spark-04	True	0	cmtpeql4y1etk2auhbk9668ry
2026-09-06T12:01:50+00:00	dgx-spark-04	True	0	cmtpeql4y1etk2auhbk9668ry
2026-09-06T12:01:52+00:00	dgx-spark-04	True	0	cmtpeql4y1etk2auhbk9668ry
2026-09-06T12:01:54+00:00	dgx-spark-04	True	0	cmtpeql4y1etk2auhbk9668ry
2026-09-06T12:01:56+00:00	dgx-spark-04	True	0	cmtpeql4y1etk2auhbk9668ry
2026-09-06T12:01:58+00:00	dgx-spark-04	True	0	cmtpeql4y1etk2auhbk9668ry
2026-09-06T12:02:01+00:00	dgx-spark-04	True	0	cmtpeql4y1etk2auhbk9668ry
2026-09-06T12:02:03+00:00	dgx-spark-04	True	0	cmtpeql4y1etk2auhbk9668ry
2026-09-06T12:02:05+00:00	dgx-spark-04	True	0	cmtpeql4y1etk2auhbk9668ry
2026-09-06T12:02:07+00:00	dgx-spark-04	True	0	cmtpeql4y1etk2auhbk9668ry
2026-09-06T12:02:09+00:00	dgx-spark-04	True	0	cmtpeql4y1etk2auhbk9668ry
2026-09-06T12:02:11+00:00	dgx-spark-04	True	0	cmtpeql4y1etk2auhbk9668ry
2026-09-06T12:02:13+00:00	dgx-spark-04	True	0	cmtpeql4y1etk2auhbk9668ry
2026-09-06T12:02:15+00:00	dgx-spark-04	True	0	cmtpeql4y1etk2auhbk9668ry
2026-09-06T12:02:17+00:00	dgx-spark-04	True	0	cmtpeql4y1etk2auhbk9668ry
2026-09-06T12:02:19+00:00	dgx-spark-04	True	0	cmtpeql4y1etk2auhbk9668ry
2026-09-06T12:02:21+00:00	dgx-spark-04	True	0	cmtpeql4y1etk2auhbk9668ry
2026-09-06T12:02:24+00:00	dgx-spark-04	True	0	cmtpeql4y1etk2auhbk9668ry
2026-09-06T12:02:26+00:00	dgx-spark-04	True	0	cmtpeql4y1etk2auhbk9668ry
2026-09-06T12:02:28+00:00	dgx-spark-04	True	0	cmtpeql4y1etk2auhbk9668ry
2026-09-06T12:02:30+00:00	dgx-spark-04	True	0	cmtpeql4y1etk2auhbk9668ry
2026-09-06T12:02:32+00:00	dgx-spark-04	True	0	cmtpeql4y1etk2auhbk9668ry
2026-09-06T12:02:34+00:00	dgx-spark-04	True	0	cmtpeql4y1etk2auhbk9668ry
2026-09-06T12:02:36+00:00	dgx-spark-04	True	0	cmtpeql4y1etk2auhbk9668ry
2026-09-06T12:02:38+00:00	dgx-spark-04	True	0	cmtpeql4y1etk2auhbk9668ry
2026-09-06T12:02:40+00:00	dgx-spark-04	True	0	cmtpeql4y1etk2auhbk9668ry
2026-09-06T12:02:42+00:00	dgx-spark-04	True	0	cmtpeql4y1etk2auhbk9668ry
2026-09-06T12:02:45+00:00	dgx-spark-04	True	0	cmtpeql4y1etk2auhbk9668ry
2026-09-06T12:02:47+00:00	dgx-spark-04	True	0	cmtpeql4y1etk2auhbk9668ry
2026-09-06T12:02:49+00:00	dgx-spark-04	True	0	cmtpeql4y1etk2auhbk9668ry
2026-09-06T12:02:51+00:00	dgx-spark-04	True	0	cmtpeql4y1etk2auhbk9668ry
2026-09-06T12:02:53+00:00	dgx-spark-04	True	0	cmtpeql4y1etk2auhbk9668ry
2026-09-06T12:02:55+00:00	dgx-spark-04	True	0	cmtpeql4y1etk2auhbk9668ry
2026-09-06T12:02:57+00:00	dgx-spark-04	True	0	cmtpeql4y1etk2auhbk9668ry
2026-09-06T12:02:59+00:00	dgx-spark-04	True	0	cmtpeql4y1etk2auhbk9668ry
2026-09-06T12:03:01+00:00	dgx-spark-04	True	0	cmtpeql4y1etk2auhbk9668ry
2026-09-06T12:03:03+00:00	dgx-spark-04	True	0	cmtpeql4y1etk2auhbk9668ry
2026-09-06T12:03:06+00:00	dgx-spark-04	True	0	cmtpeql4y1etk2auhbk9668ry
2026-09-06T12:03:08+00:00	dgx-spark-04	True	0	cmtpeql4y1etk2auhbk9668ry
2026-09-06T12:03:10+00:00	dgx-spark-04	True	0	cmtpeql4y1etk2auhbk9668ry
2026-09-06T12:03:12+00:00	dgx-spark-04	True	0	cmtpeql4y1etk2auhbk9668ry
2026-09-06T12:03:14+00:00	dgx-spark-04	True	0	cmtpeql4y1etk2auhbk9668ry
2026-09-06T12:03:16+00:00	dgx-spark-04	True	0	cmtpeql4y1etk2auhbk9668ry
2026-09-06T12:03:18+00:00	dgx-spark-04	True	0	cmtpeql4y1etk2auhbk9668ry
2026-09-06T12:03:20+00:00	dgx-spark-04	True	0	cmtpeql4y1etk2auhbk9668ry
2026-09-06T12:03:22+00:00	dgx-spark-04	True	0	cmtpeql4y1etk2auhbk9668ry
2026-09-06T12:03:24+00:00	dgx-spark-04	True	0	cmtpeql4y1etk2auhbk9668ry
2026-09-06T12:03:26+00:00	dgx-spark-04	True	0	cmtpeql4y1etk2auhbk9668ry
2026-09-06T12:03:29+00:00	dgx-spark-04	True	0	cmtpeql4y1etk2auhbk9668ry
2026-09-06T12:03:31+00:00	dgx-spark-04	True	0	cmtpeql4y1etk2auhbk9668ry
2026-09-06T12:03:33+00:00	dgx-spark-04	True	0	cmtpeql4y1etk2auhbk9668ry
2026-09-06T12:03:35+00:00	dgx-spark-04	True	0	cmtpeql4y1etk2auhbk9668ry
2026-09-06T12:03:37+00:00	dgx-spark-04	True	0	cmtpeql4y1etk2auhbk9668ry
2026-09-06T12:03:39+00:00	dgx-spark-04	True	0	cmtpeql4y1etk2auhbk9668ry
2026-09-06T12:03:41+00:00	dgx-spark-04	True	0	cmtpeql4y1etk2auhbk9668ry
2026-09-06T12:03:43+00:00	dgx-spark-04	True	0	cmtpeql4y1etk2auhbk9668ry
2026-09-06T12:03:45+00:00	dgx-spark-04	True	0	cmtpeql4y1etk2auhbk9668ry
2026-09-06T12:03:47+00:00	dgx-spark-04	True	0	cmtpeql4y1etk2auhbk9668ry
2026-09-06T12:03:50+00:00	dgx-spark-04	True	0	cmtpeql4y1etk2auhbk9668ry
2026-09-06T12:03:52+00:00	dgx-spark-04	True	0	cmtpeql4y1etk2auhbk9668ry
2026-09-06T12:03:54+00:00	dgx-spark-04	True	0	cmtpeql4y1etk2auhbk9668ry
2026-09-06T12:03:56+00:00	dgx-spark-04	True	0	cmtpeql4y1etk2auhbk9668ry
2026-09-06T12:03:58+00:00	dgx-spark-04	True	0	cmtpeql4y1etk2auhbk9668ry
2026-09-06T12:04:00+00:00	dgx-spark-04	True	0	cmtpeql4y1etk2auhbk9668ry
2026-09-06T12:04:02+00:00	dgx-spark-04	True	0	cmtpeql4y1etk2auhbk9668ry
2026-09-06T12:04:04+00:00	dgx-spark-04	True	0	cmtpeql4y1etk2auhbk9668ry
2026-09-06T12:04:06+00:00	dgx-spark-04	True	0	cmtpeql4y1etk2auhbk9668ry
2026-09-06T12:04:08+00:00	dgx-spark-04	True	0	cmtpeql4y1etk2auhbk9668ry
2026-09-06T12:04:11+00:00	dgx-spark-04	True	0	cmtpeql4y1etk2auhbk9668ry
2026-09-06T12:04:13+00:00	dgx-spark-04	True	0	cmtpeql4y1etk2auhbk9668ry
2026-09-06T12:04:15+00:00	dgx-spark-04	True	0	cmtpeql4y1etk2auhbk9668ry
2026-09-06T12:04:17+00:00	dgx-spark-04	True	0	cmtpeql4y1etk2auhbk9668ry
2026-09-06T12:04:19+00:00	dgx-spark-04	True	0	cmtpeql4y1etk2auhbk9668ry
2026-09-06T12:04:21+00:00	dgx-spark-04	True	0	cmtpeql4y1etk2auhbk9668ry
2026-09-06T12:04:23+00:00	dgx-spark-04	True	0	cmtpeql4y1etk2auhbk9668ry
2026-09-06T12:04:25+00:00	dgx-spark-04	True	0	cmtpeql4y1etk2auhbk9668ry
2026-09-06T12:04:27+00:00	dgx-spark-04	True	0	cmtpeql4y1etk2auhbk9668ry
2026-09-06T12:04:29+00:00	dgx-spark-04	True	0	cmtpeql4y1etk2auhbk9668ry
2026-09-06T12:04:32+00:00	dgx-spark-04	True	0	cmtpeql4y1etk2auhbk9668ry
2026-09-06T12:04:34+00:00	dgx-spark-04	True	0	cmtpeql4y1etk2auhbk9668ry
2026-09-06T12:04:36+00:00	dgx-spark-04	True	0	cmtpeql4y1etk2auhbk9668ry
2026-09-06T12:04:38+00:00	dgx-spark-04	True	0	cmtpeql4y1etk2auhbk9668ry
2026-09-06T12:04:40+00:00	dgx-spark-04	True	0	cmtpeql4y1etk2auhbk9668ry
2026-09-06T12:04:42+00:00	dgx-spark-04	True	0	cmtpeql4y1etk2auhbk9668ry
2026-09-06T12:04:44+00:00	dgx-spark-04	True	0	cmtpeql4y1etk2auhbk9668ry
2026-09-06T12:04:46+00:00	dgx-spark-04	True	0	cmtpeql4y1etk2auhbk9668ry
2026-09-06T12:04:48+00:00	dgx-spark-04	True	0	cmtpeql4y1etk2auhbk9668ry
2026-09-06T12:04:50+00:00	dgx-spark-04	True	0	cmtpeql4y1etk2auhbk9668ry
2026-09-06T12:04:52+00:00	dgx-spark-04	True	0	cmtpeql4y1etk2auhbk9668ry
2026-09-06T12:04:55+00:00	dgx-spark-04	True	0	cmtpeql4y1etk2auhbk9668ry
2026-09-06T12:04:57+00:00	dgx-spark-04	True	0	cmtpeql4y1etk2auhbk9668ry
2026-09-06T12:04:59+00:00	dgx-spark-04	True	0	cmtpeql4y1etk2auhbk9668ry
2026-09-06T12:05:01+00:00	dgx-spark-04	True	0	cmtpeql4y1etk2auhbk9668ry
2026-09-06T12:05:03+00:00	dgx-spark-04	True	0	cmtpeql4y1etk2auhbk9668ry
2026-09-06T12:05:05+00:00	dgx-spark-04	True	0	cmtpeql4y1etk2auhbk9668ry
2026-09-06T12:05:07+00:00	dgx-spark-04	True	0	cmtpeql4y1etk2auhbk9668ry
2026-09-06T12:05:09+00:00	dgx-spark-04	True	0	cmtpeql4y1etk2auhbk9668ry
2026-09-06T12:05:11+00:00	dgx-spark-04	True	0	cmtpeql4y1etk2auhbk9668ry
2026-09-06T12:05:13+00:00	dgx-spark-04	True	0	cmtpeql4y1etk2auhbk9668ry
2026-09-06T12:05:16+00:00	dgx-spark-04	True	0	cmtpeql4y1etk2auhbk9668ry
2026-09-06T12:05:18+00:00	dgx-spark-04	True	0	cmtpeql4y1etk2auhbk9668ry
2026-09-06T12:05:20+00:00	dgx-spark-04	True	0	cmtpeql4y1etk2auhbk9668ry
2026-09-06T12:05:22+00:00	dgx-spark-04	True	0	cmtpeql4y1etk2auhbk9668ry
2026-09-06T12:05:24+00:00	dgx-spark-04	True	0	cmtpeql4y1etk2auhbk9668ry
2026-09-06T12:05:26+00:00	dgx-spark-04	True	0	cmtpeql4y1etk2auhbk9668ry
2026-09-06T12:05:28+00:00	dgx-spark-04	True	0	cmtpeql4y1etk2auhbk9668ry
2026-09-06T12:05:30+00:00	dgx-spark-04	True	0	cmtpeql4y1etk2auhbk9668ry
2026-09-06T12:05:32+00:00	dgx-spark-04	True	0	cmtpeql4y1etk2auhbk9668ry
2026-09-06T12:05:34+00:00	dgx-spark-04	True	0	cmtpeql4y1etk2auhbk9668ry
2026-09-06T12:05:37+00:00	dgx-spark-04	True	0	cmtpeql4y1etk2auhbk9668ry
2026-09-06T12:05:39+00:00	dgx-spark-04	True	0	cmtpeql4y1etk2auhbk9668ry
2026-09-06T12:05:41+00:00	dgx-spark-04	True	0	cmtpeql4y1etk2auhbk9668ry
2026-09-06T12:05:43+00:00	dgx-spark-04	True	0	cmtpeql4y1etk2auhbk9668ry
2026-09-06T12:05:45+00:00	dgx-spark-04	True	0	cmtpeql4y1etk2auhbk9668ry
2026-09-06T12:05:47+00:00	dgx-spark-04	True	0	cmtpeql4y1etk2auhbk9668ry
2026-09-06T12:05:49+00:00	dgx-spark-04	True	0	cmtpeql4y1etk2auhbk9668ry
2026-09-06T12:05:51+00:00	dgx-spark-04	True	0	cmtpeql4y1etk2auhbk9668ry
2026-09-06T12:05:53+00:00	dgx-spark-04	True	0	cmtpeql4y1etk2auhbk9668ry
2026-09-06T12:05:55+00:00	dgx-spark-04	True	0	cmtpeql4y1etk2auhbk9668ry
2026-09-06T12:05:57+00:00	dgx-spark-04	True	0	cmtpeql4y1etk2auhbk9668ry
2026-09-06T12:06:00+00:00	dgx-spark-04	True	0	cmtpeql4y1etk2auhbk9668ry
2026-09-06T12:06:02+00:00	dgx-spark-04	True	0	cmtpeql4y1etk2auhbk9668ry
2026-09-06T12:06:04+00:00	dgx-spark-04	True	0	cmtpeql4y1etk2auhbk9668ry
2026-09-06T12:06:06+00:00	dgx-spark-04	True	0	cmtpeql4y1etk2auhbk9668ry
2026-09-06T12:06:08+00:00	dgx-spark-04	True	0	cmtpeql4y1etk2auhbk9668ry
2026-09-06T12:06:10+00:00	dgx-spark-04	True	0	cmtpeql4y1etk2auhbk9668ry
2026-09-06T12:06:12+00:00	dgx-spark-04	True	0	cmtpeql4y1etk2auhbk9668ry
2026-09-06T12:06:14+00:00	dgx-spark-04	True	0	cmtpeql4y1etk2auhbk9668ry
2026-09-06T12:06:16+00:00	dgx-spark-04	True	0	cmtpeql4y1etk2auhbk9668ry
2026-09-06T12:06:18+00:00	dgx-spark-04	True	0	cmtpeql4y1etk2auhbk9668ry
2026-09-06T12:06:21+00:00	dgx-spark-04	True	0	cmtpeql4y1etk2auhbk9668ry
2026-09-06T12:06:23+00:00	dgx-spark-04	True	0	cmtpeql4y1etk2auhbk9668ry
2026-09-06T12:06:25+00:00	dgx-spark-04	True	0	cmtpeql4y1etk2auhbk9668ry
2026-09-06T12:06:27+00:00	dgx-spark-04	True	0	cmtpeql4y1etk2auhbk9668ry
2026-09-06T12:06:29+00:00	dgx-spark-04	True	0	cmtpeql4y1etk2auhbk9668ry
2026-09-06T12:06:31+00:00	dgx-spark-04	True	0	cmtpeql4y1etk2auhbk9668ry
2026-09-06T12:06:33+00:00	dgx-spark-04	True	0	cmtpeql4y1etk2auhbk9668ry
2026-09-06T12:06:35+00:00	dgx-spark-04	True	0	cmtpeql4y1etk2auhbk9668ry
2026-09-06T12:06:37+00:00	dgx-spark-04	True	0	cmtpeql4y1etk2auhbk9668ry
2026-09-06T12:06:39+00:00	ERROR	[Errno 54] Connection reset by peer
2026-09-06T12:06:42+00:00	dgx-spark-04	True	0	cmtpeql4y1etk2auhbk9668ry
2026-09-06T12:06:44+00:00	dgx-spark-04	True	0	cmtpeql4y1etk2auhbk9668ry
2026-09-06T12:06:46+00:00	dgx-spark-04	True	0	cmtpeql4y1etk2auhbk9668ry
2026-09-06T12:06:48+00:00	dgx-spark-04	True	0	cmtpeql4y1etk2auhbk9668ry
2026-09-06T12:06:50+00:00	dgx-spark-04	True	0	cmtpeql4y1etk2auhbk9668ry
2026-09-06T12:06:52+00:00	dgx-spark-04	True	0	cmtpeql4y1etk2auhbk9668ry
2026-09-06T12:06:54+00:00	dgx-spark-04	True	0	cmtpeql4y1etk2auhbk9668ry
2026-09-06T12:06:56+00:00	dgx-spark-04	True	0	cmtpeql4y1etk2auhbk9668ry
2026-09-06T12:06:58+00:00	dgx-spark-04	True	0	cmtpeql4y1etk2auhbk9668ry
2026-09-06T12:07:00+00:00	dgx-spark-04	True	0	cmtpeql4y1etk2auhbk9668ry
2026-09-06T12:07:03+00:00	dgx-spark-04	True	0	cmtpeql4y1etk2auhbk9668ry
2026-09-06T12:07:05+00:00	dgx-spark-04	True	0	cmtpeql4y1etk2auhbk9668ry
2026-09-06T12:07:07+00:00	dgx-spark-04	True	0	cmtpeql4y1etk2auhbk9668ry
2026-09-06T12:07:09+00:00	dgx-spark-04	True	0	cmtpeql4y1etk2auhbk9668ry
2026-09-06T12:07:11+00:00	dgx-spark-04	True	0	cmtpeql4y1etk2auhbk9668ry
2026-09-06T12:07:13+00:00	dgx-spark-04	True	0	cmtpeql4y1etk2auhbk9668ry
2026-09-06T12:07:15+00:00	dgx-spark-04	True	0	cmtpeql4y1etk2auhbk9668ry
2026-09-06T12:07:17+00:00	dgx-spark-04	True	0	cmtpeql4y1etk2auhbk9668ry
2026-09-06T12:07:19+00:00	dgx-spark-04	True	0	cmtpeql4y1etk2auhbk9668ry
2026-09-06T12:07:21+00:00	dgx-spark-04	True	0	cmtpeql4y1etk2auhbk9668ry
2026-09-06T12:07:23+00:00	dgx-spark-04	True	0	cmtpeql4y1etk2auhbk9668ry
2026-09-06T12:07:26+00:00	dgx-spark-04	True	0	cmtpeql4y1etk2auhbk9668ry
2026-09-06T12:07:28+00:00	dgx-spark-04	True	0	cmtpeql4y1etk2auhbk9668ry
2026-09-06T12:07:30+00:00	dgx-spark-04	True	0	cmtpeql4y1etk2auhbk9668ry
2026-09-06T12:07:32+00:00	dgx-spark-04	True	0	cmtpeql4y1etk2auhbk9668ry
2026-09-06T12:07:34+00:00	dgx-spark-04	True	0	cmtpeql4y1etk2auhbk9668ry
2026-09-06T12:07:36+00:00	dgx-spark-04	True	0	cmtpeql4y1etk2auhbk9668ry
2026-09-06T12:07:38+00:00	dgx-spark-04	True	0	cmtpeql4y1etk2auhbk9668ry
2026-09-06T12:07:40+00:00	dgx-spark-04	True	0	cmtpeql4y1etk2auhbk9668ry
2026-09-06T12:07:42+00:00	dgx-spark-04	True	0	cmtpeql4y1etk2auhbk9668ry
2026-09-06T12:07:44+00:00	dgx-spark-04	True	0	cmtpeql4y1etk2auhbk9668ry
2026-09-06T12:07:47+00:00	dgx-spark-04	True	0	cmtpeql4y1etk2auhbk9668ry
2026-09-06T12:07:49+00:00	dgx-spark-04	True	0	cmtpeql4y1etk2auhbk9668ry
2026-09-06T12:07:51+00:00	dgx-spark-04	True	0	cmtpeql4y1etk2auhbk9668ry
2026-09-06T12:07:53+00:00	dgx-spark-04	True	0	cmtpeql4y1etk2auhbk9668ry
2026-09-06T12:07:55+00:00	dgx-spark-04	True	0	cmtpeql4y1etk2auhbk9668ry
2026-09-06T12:07:57+00:00	dgx-spark-04	True	0	cmtpeql4y1etk2auhbk9668ry
2026-09-06T12:07:59+00:00	dgx-spark-04	True	0	cmtpeql4y1etk2auhbk9668ry
2026-09-06T12:08:01+00:00	dgx-spark-04	True	0	cmtpeql4y1etk2auhbk9668ry
2026-09-06T12:08:03+00:00	dgx-spark-04	True	0	cmtpeql4y1etk2auhbk9668ry
2026-09-06T12:08:05+00:00	dgx-spark-04	True	0	cmtpeql4y1etk2auhbk9668ry
2026-09-06T12:08:08+00:00	dgx-spark-04	True	0	cmtpeql4y1etk2auhbk9668ry
2026-09-06T12:08:10+00:00	dgx-spark-04	True	0	cmtpeql4y1etk2auhbk9668ry
2026-09-06T12:08:12+00:00	dgx-spark-04	True	0	cmtpeql4y1etk2auhbk9668ry
2026-09-06T12:08:14+00:00	dgx-spark-04	True	0	cmtpeql4y1etk2auhbk9668ry
2026-09-06T12:08:16+00:00	dgx-spark-04	True	0	cmtpeql4y1etk2auhbk9668ry
2026-09-06T12:08:18+00:00	dgx-spark-04	True	0	cmtpeql4y1etk2auhbk9668ry
2026-09-06T12:08:20+00:00	dgx-spark-04	True	0	cmtpeql4y1etk2auhbk9668ry
2026-09-06T12:08:22+00:00	dgx-spark-04	True	0	cmtpeql4y1etk2auhbk9668ry
2026-09-06T12:08:24+00:00	dgx-spark-04	True	0	cmtpeql4y1etk2auhbk9668ry
2026-09-06T12:08:26+00:00	dgx-spark-04	True	0	cmtpeql4y1etk2auhbk9668ry
2026-09-06T12:08:28+00:00	dgx-spark-04	True	0	cmtpeql4y1etk2auhbk9668ry
2026-09-06T12:08:31+00:00	dgx-spark-04	True	0	cmtpeql4y1etk2auhbk9668ry
2026-09-06T12:08:33+00:00	dgx-spark-04	True	0	cmtpeql4y1etk2auhbk9668ry
2026-09-06T12:08:35+00:00	dgx-spark-04	True	0	cmtpeql4y1etk2auhbk9668ry
2026-09-06T12:08:37+00:00	dgx-spark-04	True	0	cmtpeql4y1etk2auhbk9668ry
2026-09-06T12:08:39+00:00	dgx-spark-04	True	0	cmtpeql4y1etk2auhbk9668ry
2026-09-06T12:08:41+00:00	dgx-spark-04	True	0	cmtpeql4y1etk2auhbk9668ry
2026-09-06T12:08:43+00:00	dgx-spark-04	True	0	cmtpeql4y1etk2auhbk9668ry
2026-09-06T12:08:45+00:00	dgx-spark-04	True	0	cmtpeql4y1etk2auhbk9668ry
2026-09-06T12:08:47+00:00	dgx-spark-04	True	0	cmtpeql4y1etk2auhbk9668ry
2026-09-06T12:08:49+00:00	dgx-spark-04	True	0	cmtpeql4y1etk2auhbk9668ry
2026-09-06T12:08:52+00:00	dgx-spark-04	True	0	cmtpeql4y1etk2auhbk9668ry
2026-09-06T12:08:54+00:00	dgx-spark-04	True	0	cmtpeql4y1etk2auhbk9668ry
2026-09-06T12:08:56+00:00	dgx-spark-04	True	0	cmtpeql4y1etk2auhbk9668ry
2026-09-06T12:08:58+00:00	dgx-spark-04	True	0	cmtpeql4y1etk2auhbk9668ry
2026-09-06T12:09:00+00:00	dgx-spark-04	True	0	cmtpeql4y1etk2auhbk9668ry
2026-09-06T12:09:02+00:00	dgx-spark-04	True	0	cmtpeql4y1etk2auhbk9668ry
2026-09-06T12:09:04+00:00	dgx-spark-04	True	0	cmtpeql4y1etk2auhbk9668ry
2026-09-06T12:09:06+00:00	dgx-spark-04	True	0	cmtpeql4y1etk2auhbk9668ry
2026-09-06T12:09:08+00:00	dgx-spark-04	True	0	cmtpeql4y1etk2auhbk9668ry
2026-09-06T12:09:10+00:00	dgx-spark-04	True	0	cmtpeql4y1etk2auhbk9668ry
2026-09-06T12:09:13+00:00	dgx-spark-04	True	0	cmtpeql4y1etk2auhbk9668ry
2026-09-06T12:09:15+00:00	dgx-spark-04	True	0	cmtpeql4y1etk2auhbk9668ry
2026-09-06T12:09:17+00:00	dgx-spark-04	True	0	cmtpeql4y1etk2auhbk9668ry
2026-09-06T12:09:19+00:00	dgx-spark-04	True	0	cmtpeql4y1etk2auhbk9668ry
2026-09-06T12:09:21+00:00	dgx-spark-04	True	0	cmtpeql4y1etk2auhbk9668ry
2026-09-06T12:09:23+00:00	dgx-spark-04	True	0	cmtpeql4y1etk2auhbk9668ry
2026-09-06T12:09:25+00:00	dgx-spark-04	True	0	cmtpeql4y1etk2auhbk9668ry
2026-09-06T12:09:27+00:00	dgx-spark-04	True	0	cmtpeql4y1etk2auhbk9668ry
2026-09-06T12:09:29+00:00	dgx-spark-04	True	0	cmtpeql4y1etk2auhbk9668ry
2026-09-06T12:09:31+00:00	dgx-spark-04	True	0	cmtpeql4y1etk2auhbk9668ry
2026-09-06T12:09:34+00:00	dgx-spark-04	True	0	cmtpeql4y1etk2auhbk9668ry
2026-09-06T12:09:36+00:00	dgx-spark-04	True	0	cmtpeql4y1etk2auhbk9668ry
2026-09-06T12:09:38+00:00	dgx-spark-04	True	0	cmtpeql4y1etk2auhbk9668ry
2026-09-06T12:09:40+00:00	dgx-spark-04	True	0	cmtpeql4y1etk2auhbk9668ry
2026-09-06T12:09:42+00:00	dgx-spark-04	True	0	cmtpeql4y1etk2auhbk9668ry
2026-09-06T12:09:44+00:00	dgx-spark-04	True	0	cmtpeql4y1etk2auhbk9668ry
2026-09-06T12:09:46+00:00	dgx-spark-04	True	0	cmtpeql4y1etk2auhbk9668ry
2026-09-06T12:09:48+00:00	dgx-spark-04	True	0	cmtpeql4y1etk2auhbk9668ry
2026-09-06T12:09:50+00:00	dgx-spark-04	True	0	cmtpeql4y1etk2auhbk9668ry
2026-09-06T12:09:52+00:00	dgx-spark-04	True	0	cmtpeql4y1etk2auhbk9668ry
2026-09-06T12:09:54+00:00	dgx-spark-04	True	0	cmtpeql4y1etk2auhbk9668ry
2026-09-06T12:09:57+00:00	dgx-spark-04	True	0	cmtpeql4y1etk2auhbk9668ry
2026-09-06T12:09:59+00:00	dgx-spark-04	True	0	cmtpeql4y1etk2auhbk9668ry
2026-09-06T12:10:01+00:00	dgx-spark-04	True	0	cmtpeql4y1etk2auhbk9668ry
2026-09-06T12:10:03+00:00	dgx-spark-04	True	0	cmtpeql4y1etk2auhbk9668ry
2026-09-06T12:10:05+00:00	dgx-spark-04	True	0	cmtpeql4y1etk2auhbk9668ry
2026-09-06T12:10:07+00:00	dgx-spark-04	True	0	cmtpeql4y1etk2auhbk9668ry
2026-09-06T12:10:09+00:00	dgx-spark-04	True	0	cmtpeql4y1etk2auhbk9668ry
2026-09-06T12:10:11+00:00	dgx-spark-04	True	0	cmtpeql4y1etk2auhbk9668ry
2026-09-06T12:10:13+00:00	dgx-spark-04	True	0	cmtpeql4y1etk2auhbk9668ry
2026-09-06T12:10:15+00:00	dgx-spark-04	True	0	cmtpeql4y1etk2auhbk9668ry
2026-09-06T12:10:18+00:00	dgx-spark-04	True	0	cmtpeql4y1etk2auhbk9668ry
2026-09-06T12:10:20+00:00	dgx-spark-04	True	0	cmtpeql4y1etk2auhbk9668ry
2026-09-06T12:10:22+00:00	dgx-spark-04	True	0	cmtpeql4y1etk2auhbk9668ry
2026-09-06T12:10:24+00:00	dgx-spark-04	True	0	cmtpeql4y1etk2auhbk9668ry
2026-09-06T12:10:26+00:00	dgx-spark-04	True	0	cmtpeql4y1etk2auhbk9668ry
2026-09-06T12:10:28+00:00	dgx-spark-04	True	0	cmtpeql4y1etk2auhbk9668ry
2026-09-06T12:10:30+00:00	dgx-spark-04	True	0	cmtpeql4y1etk2auhbk9668ry
2026-09-06T12:10:32+00:00	dgx-spark-04	True	0	cmtpeql4y1etk2auhbk9668ry
2026-09-06T12:10:34+00:00	dgx-spark-04	True	0	cmtpeql4y1etk2auhbk9668ry
2026-09-06T12:10:36+00:00	dgx-spark-04	True	0	cmtpeql4y1etk2auhbk9668ry
2026-09-06T12:10:39+00:00	dgx-spark-04	True	0	cmtpeql4y1etk2auhbk9668ry
2026-09-06T12:10:41+00:00	dgx-spark-04	True	0	cmtpeql4y1etk2auhbk9668ry
2026-09-06T12:10:43+00:00	dgx-spark-04	True	0	cmtpeql4y1etk2auhbk9668ry
2026-09-06T12:10:45+00:00	dgx-spark-04	True	0	cmtpeql4y1etk2auhbk9668ry
2026-09-06T12:10:47+00:00	dgx-spark-04	True	0	cmtpeql4y1etk2auhbk9668ry
2026-09-06T12:10:49+00:00	dgx-spark-04	True	0	cmtpeql4y1etk2auhbk9668ry
2026-09-06T12:10:51+00:00	dgx-spark-04	True	0	cmtpeql4y1etk2auhbk9668ry
2026-09-06T12:10:53+00:00	dgx-spark-04	True	0	cmtpeql4y1etk2auhbk9668ry
2026-09-06T12:10:55+00:00	dgx-spark-04	True	0	cmtpeql4y1etk2auhbk9668ry
2026-09-06T12:10:57+00:00	dgx-spark-04	True	0	cmtpeql4y1etk2auhbk9668ry
2026-09-06T12:10:59+00:00	dgx-spark-04	True	0	cmtpeql4y1etk2auhbk9668ry
2026-09-06T12:11:02+00:00	dgx-spark-04	True	0	cmtpeql4y1etk2auhbk9668ry
2026-09-06T12:11:04+00:00	dgx-spark-04	True	0	cmtpeql4y1etk2auhbk9668ry
2026-09-06T12:11:06+00:00	dgx-spark-04	True	0	cmtpeql4y1etk2auhbk9668ry
2026-09-06T12:11:08+00:00	dgx-spark-04	True	0	cmtpeql4y1etk2auhbk9668ry
2026-09-06T12:11:10+00:00	dgx-spark-04	True	0	cmtpeql4y1etk2auhbk9668ry
2026-09-06T12:11:12+00:00	dgx-spark-04	True	0	cmtpeql4y1etk2auhbk9668ry
2026-09-06T12:11:14+00:00	dgx-spark-04	True	0	cmtpeql4y1etk2auhbk9668ry
2026-09-06T12:11:16+00:00	dgx-spark-04	True	0	cmtpeql4y1etk2auhbk9668ry
2026-09-06T12:11:18+00:00	dgx-spark-04	True	0	cmtpeql4y1etk2auhbk9668ry
2026-09-06T12:11:20+00:00	dgx-spark-04	True	0	cmtpeql4y1etk2auhbk9668ry
2026-09-06T12:11:23+00:00	dgx-spark-04	True	0	cmtpeql4y1etk2auhbk9668ry
2026-09-06T12:11:25+00:00	dgx-spark-04	True	0	cmtpeql4y1etk2auhbk9668ry
2026-09-06T12:11:27+00:00	dgx-spark-04	True	0	cmtpeql4y1etk2auhbk9668ry
2026-09-06T12:11:29+00:00	dgx-spark-04	True	0	cmtpeql4y1etk2auhbk9668ry
2026-09-06T12:11:31+00:00	dgx-spark-04	True	0	cmtpeql4y1etk2auhbk9668ry
2026-09-06T12:11:33+00:00	dgx-spark-04	True	0	cmtpeql4y1etk2auhbk9668ry
2026-09-06T12:11:35+00:00	dgx-spark-04	True	0	cmtpeql4y1etk2auhbk9668ry
2026-09-06T12:11:37+00:00	dgx-spark-04	True	0	cmtpeql4y1etk2auhbk9668ry
2026-09-06T12:11:39+00:00	dgx-spark-04	True	0	cmtpeql4y1etk2auhbk9668ry
2026-09-06T12:11:41+00:00	dgx-spark-04	True	0	cmtpeql4y1etk2auhbk9668ry
2026-09-06T12:11:44+00:00	dgx-spark-04	True	0	cmtpeql4y1etk2auhbk9668ry
2026-09-06T12:11:46+00:00	dgx-spark-04	True	0	cmtpeql4y1etk2auhbk9668ry
2026-09-06T12:11:48+00:00	dgx-spark-04	True	0	cmtpeql4y1etk2auhbk9668ry
2026-09-06T12:11:50+00:00	dgx-spark-04	True	0	cmtpeql4y1etk2auhbk9668ry
2026-09-06T12:11:52+00:00	dgx-spark-04	True	0	cmtpeql4y1etk2auhbk9668ry
2026-09-06T12:11:54+00:00	dgx-spark-04	True	0	cmtpeql4y1etk2auhbk9668ry
2026-09-06T12:11:56+00:00	dgx-spark-04	True	0	cmtpeql4y1etk2auhbk9668ry
2026-09-06T12:11:58+00:00	dgx-spark-04	True	0	cmtpeql4y1etk2auhbk9668ry
2026-09-06T12:12:00+00:00	dgx-spark-04	True	0	cmtpeql4y1etk2auhbk9668ry
2026-09-06T12:12:02+00:00	dgx-spark-04	True	0	cmtpeql4y1etk2auhbk9668ry
2026-09-06T12:12:05+00:00	dgx-spark-04	True	0	cmtpeql4y1etk2auhbk9668ry
2026-09-06T12:12:07+00:00	dgx-spark-04	True	0	cmtpeql4y1etk2auhbk9668ry
2026-09-06T12:12:09+00:00	dgx-spark-04	True	0	cmtpeql4y1etk2auhbk9668ry
2026-09-06T12:12:11+00:00	dgx-spark-04	True	0	cmtpeql4y1etk2auhbk9668ry
2026-09-06T12:12:13+00:00	dgx-spark-04	True	0	cmtpeql4y1etk2auhbk9668ry
2026-09-06T12:12:15+00:00	dgx-spark-04	True	0	cmtpeql4y1etk2auhbk9668ry
2026-09-06T12:12:17+00:00	dgx-spark-04	True	0	cmtpeql4y1etk2auhbk9668ry
2026-09-06T12:12:19+00:00	dgx-spark-04	True	0	cmtpeql4y1etk2auhbk9668ry
2026-09-06T12:12:21+00:00	dgx-spark-04	True	0	cmtpeql4y1etk2auhbk9668ry
2026-09-06T12:12:23+00:00	dgx-spark-04	True	0	cmtpeql4y1etk2auhbk9668ry
2026-09-06T12:12:25+00:00	dgx-spark-04	True	0	cmtpeql4y1etk2auhbk9668ry
2026-09-06T12:12:28+00:00	dgx-spark-04	True	0	cmtpeql4y1etk2auhbk9668ry
2026-09-06T12:12:30+00:00	dgx-spark-04	True	0	cmtpeql4y1etk2auhbk9668ry
2026-09-06T12:12:32+00:00	dgx-spark-04	True	0	cmtpeql4y1etk2auhbk9668ry
2026-09-06T12:12:34+00:00	dgx-spark-04	True	0	cmtpeql4y1etk2auhbk9668ry
2026-09-06T12:12:36+00:00	dgx-spark-04	True	0	cmtpeql4y1etk2auhbk9668ry
2026-09-06T12:12:38+00:00	dgx-spark-04	True	0	cmtpeql4y1etk2auhbk9668ry
2026-09-06T12:12:40+00:00	dgx-spark-04	True	0	cmtpeql4y1etk2auhbk9668ry
2026-09-06T12:12:42+00:00	dgx-spark-04	True	0	cmtpeql4y1etk2auhbk9668ry
2026-09-06T12:12:44+00:00	dgx-spark-04	True	0	cmtpeql4y1etk2auhbk9668ry
2026-09-06T12:12:46+00:00	dgx-spark-04	True	0	cmtpeql4y1etk2auhbk9668ry
2026-09-06T12:12:49+00:00	dgx-spark-04	True	0	cmtpeql4y1etk2auhbk9668ry
2026-09-06T12:12:51+00:00	dgx-spark-04	True	0	cmtpeql4y1etk2auhbk9668ry
2026-09-06T12:12:53+00:00	dgx-spark-04	True	0	cmtpeql4y1etk2auhbk9668ry
2026-09-06T12:12:55+00:00	dgx-spark-04	True	0	cmtpeql4y1etk2auhbk9668ry
2026-09-06T12:12:57+00:00	dgx-spark-04	True	0	cmtpeql4y1etk2auhbk9668ry
2026-09-06T12:12:59+00:00	dgx-spark-04	True	0	cmtpeql4y1etk2auhbk9668ry
2026-09-06T12:13:01+00:00	dgx-spark-04	True	0	cmtpeql4y1etk2auhbk9668ry
2026-09-06T12:13:03+00:00	dgx-spark-04	True	0	cmtpeql4y1etk2auhbk9668ry
2026-09-06T12:13:05+00:00	dgx-spark-04	True	0	cmtpeql4y1etk2auhbk9668ry
2026-09-06T12:13:07+00:00	dgx-spark-04	True	0	cmtpeql4y1etk2auhbk9668ry
2026-09-06T12:13:10+00:00	dgx-spark-04	True	0	cmtpeql4y1etk2auhbk9668ry
2026-09-06T12:13:12+00:00	dgx-spark-04	True	0	cmtpeql4y1etk2auhbk9668ry
2026-09-06T12:13:14+00:00	dgx-spark-04	True	0	cmtpeql4y1etk2auhbk9668ry
2026-09-06T12:13:16+00:00	dgx-spark-04	True	0	cmtpeql4y1etk2auhbk9668ry
2026-09-06T12:13:18+00:00	dgx-spark-04	True	0	cmtpeql4y1etk2auhbk9668ry
2026-09-06T12:13:20+00:00	dgx-spark-04	True	0	cmtpeql4y1etk2auhbk9668ry
2026-09-06T12:13:22+00:00	dgx-spark-04	True	0	cmtpeql4y1etk2auhbk9668ry
2026-09-06T12:13:24+00:00	dgx-spark-04	True	0	cmtpeql4y1etk2auhbk9668ry
2026-09-06T12:13:26+00:00	dgx-spark-04	True	0	cmtpeql4y1etk2auhbk9668ry
2026-09-06T12:13:28+00:00	dgx-spark-04	True	0	cmtpeql4y1etk2auhbk9668ry
2026-09-06T12:13:30+00:00	dgx-spark-04	True	0	cmtpeql4y1etk2auhbk9668ry
2026-09-06T12:13:33+00:00	dgx-spark-04	True	0	cmtpeql4y1etk2auhbk9668ry
2026-09-06T12:13:35+00:00	dgx-spark-04	True	0	cmtpeql4y1etk2auhbk9668ry
2026-09-06T12:13:37+00:00	dgx-spark-04	True	0	cmtpeql4y1etk2auhbk9668ry
2026-09-06T12:13:39+00:00	dgx-spark-04	True	0	cmtpeql4y1etk2auhbk9668ry
2026-09-06T12:13:41+00:00	dgx-spark-04	True	0	cmtpeql4y1etk2auhbk9668ry
2026-09-06T12:13:43+00:00	dgx-spark-04	True	0	cmtpeql4y1etk2auhbk9668ry
2026-09-06T12:13:45+00:00	dgx-spark-04	True	0	cmtpeql4y1etk2auhbk9668ry
2026-09-06T12:13:47+00:00	dgx-spark-04	True	0	cmtpeql4y1etk2auhbk9668ry
2026-09-06T12:13:49+00:00	dgx-spark-04	True	0	cmtpeql4y1etk2auhbk9668ry
2026-09-06T12:13:51+00:00	dgx-spark-04	True	0	cmtpeql4y1etk2auhbk9668ry
2026-09-06T12:13:54+00:00	dgx-spark-04	True	0	cmtpeql4y1etk2auhbk9668ry
2026-09-06T12:13:56+00:00	dgx-spark-04	True	0	cmtpeql4y1etk2auhbk9668ry
2026-09-06T12:13:58+00:00	dgx-spark-04	True	0	cmtpeql4y1etk2auhbk9668ry
2026-09-06T12:14:00+00:00	dgx-spark-04	True	0	cmtpeql4y1etk2auhbk9668ry
2026-09-06T12:14:02+00:00	dgx-spark-04	True	0	cmtpeql4y1etk2auhbk9668ry
2026-09-06T12:14:04+00:00	dgx-spark-04	True	0	cmtpeql4y1etk2auhbk9668ry
2026-09-06T12:14:06+00:00	dgx-spark-04	True	0	cmtpeql4y1etk2auhbk9668ry
2026-09-06T12:14:08+00:00	dgx-spark-04	True	0	cmtpeql4y1etk2auhbk9668ry
2026-09-06T12:14:10+00:00	dgx-spark-04	True	0	cmtpeql4y1etk2auhbk9668ry
2026-09-06T12:14:12+00:00	dgx-spark-04	True	0	cmtpeql4y1etk2auhbk9668ry
2026-09-06T12:14:15+00:00	dgx-spark-04	True	0	cmtpeql4y1etk2auhbk9668ry
2026-09-06T12:14:17+00:00	dgx-spark-04	True	0	cmtpeql4y1etk2auhbk9668ry
2026-09-06T12:14:19+00:00	dgx-spark-04	True	0	cmtpeql4y1etk2auhbk9668ry
2026-09-06T12:14:21+00:00	dgx-spark-04	True	0	cmtpeql4y1etk2auhbk9668ry
2026-09-06T12:14:23+00:00	dgx-spark-04	True	0	cmtpeql4y1etk2auhbk9668ry
2026-09-06T12:14:25+00:00	dgx-spark-04	True	0	cmtpeql4y1etk2auhbk9668ry
2026-09-06T12:14:27+00:00	dgx-spark-04	True	0	cmtpeql4y1etk2auhbk9668ry
2026-09-06T12:14:29+00:00	dgx-spark-04	True	0	cmtpeql4y1etk2auhbk9668ry
2026-09-06T12:14:31+00:00	dgx-spark-04	True	0	cmtpeql4y1etk2auhbk9668ry
2026-09-06T12:14:33+00:00	dgx-spark-04	True	0	cmtpeql4y1etk2auhbk9668ry
2026-09-06T12:14:35+00:00	dgx-spark-04	True	0	cmtpeql4y1etk2auhbk9668ry
2026-09-06T12:14:38+00:00	dgx-spark-04	True	0	cmtpeql4y1etk2auhbk9668ry
2026-09-06T12:14:40+00:00	dgx-spark-04	True	0	cmtpeql4y1etk2auhbk9668ry
2026-09-06T12:14:42+00:00	dgx-spark-04	True	0	cmtpeql4y1etk2auhbk9668ry
2026-09-06T12:14:44+00:00	dgx-spark-04	True	0	cmtpeql4y1etk2auhbk9668ry
2026-09-06T12:14:46+00:00	dgx-spark-04	True	0	cmtpeql4y1etk2auhbk9668ry
2026-09-06T12:14:48+00:00	dgx-spark-04	True	0	cmtpeql4y1etk2auhbk9668ry
2026-09-06T12:14:50+00:00	dgx-spark-04	True	0	cmtpeql4y1etk2auhbk9668ry
2026-09-06T12:14:52+00:00	dgx-spark-04	True	0	cmtpeql4y1etk2auhbk9668ry
2026-09-06T12:14:54+00:00	dgx-spark-04	True	0	cmtpeql4y1etk2auhbk9668ry
2026-09-06T12:14:56+00:00	dgx-spark-04	True	0	cmtpeql4y1etk2auhbk9668ry
2026-09-06T12:14:59+00:00	dgx-spark-04	True	0	cmtpeql4y1etk2auhbk9668ry
2026-09-06T12:15:01+00:00	dgx-spark-04	True	0	cmtpeql4y1etk2auhbk9668ry
2026-09-06T12:15:03+00:00	dgx-spark-04	True	0	cmtpeql4y1etk2auhbk9668ry
2026-09-06T12:15:05+00:00	dgx-spark-04	True	0	cmtpeql4y1etk2auhbk9668ry
2026-09-06T12:15:07+00:00	dgx-spark-04	True	0	cmtpeql4y1etk2auhbk9668ry
2026-09-06T12:15:09+00:00	dgx-spark-04	True	0	cmtpeql4y1etk2auhbk9668ry
2026-09-06T12:15:11+00:00	dgx-spark-04	True	0	cmtpeql4y1etk2auhbk9668ry
2026-09-06T12:15:13+00:00	dgx-spark-04	True	0	cmtpeql4y1etk2auhbk9668ry
2026-09-06T12:15:15+00:00	dgx-spark-04	True	0	cmtpeql4y1etk2auhbk9668ry
2026-09-06T12:15:17+00:00	dgx-spark-04	True	0	cmtpeql4y1etk2auhbk9668ry
2026-09-06T12:15:20+00:00	dgx-spark-04	True	0	cmtpeql4y1etk2auhbk9668ry
2026-09-06T12:15:22+00:00	dgx-spark-04	True	0	cmtpeql4y1etk2auhbk9668ry
2026-09-06T12:15:24+00:00	dgx-spark-04	True	0	cmtpeql4y1etk2auhbk9668ry
2026-09-06T12:15:26+00:00	dgx-spark-04	True	0	cmtpeql4y1etk2auhbk9668ry
2026-09-06T12:15:28+00:00	dgx-spark-04	True	0	cmtpeql4y1etk2auhbk9668ry
2026-09-06T12:15:30+00:00	dgx-spark-04	True	0	cmtpeql4y1etk2auhbk9668ry
2026-09-06T12:15:32+00:00	dgx-spark-04	True	0	cmtpeql4y1etk2auhbk9668ry
2026-09-06T12:15:34+00:00	dgx-spark-04	True	0	cmtpeql4y1etk2auhbk9668ry
2026-09-06T12:15:36+00:00	dgx-spark-04	True	0	cmtpeql4y1etk2auhbk9668ry
2026-09-06T12:15:38+00:00	dgx-spark-04	True	0	cmtpeql4y1etk2auhbk9668ry
2026-09-06T12:15:41+00:00	dgx-spark-04	True	0	cmtpeql4y1etk2auhbk9668ry
2026-09-06T12:15:43+00:00	dgx-spark-04	True	0	cmtpeql4y1etk2auhbk9668ry
2026-09-06T12:15:45+00:00	dgx-spark-04	True	0	cmtpeql4y1etk2auhbk9668ry
2026-09-06T12:15:47+00:00	dgx-spark-04	True	0	cmtpeql4y1etk2auhbk9668ry
2026-09-06T12:15:49+00:00	dgx-spark-04	True	0	cmtpeql4y1etk2auhbk9668ry
2026-09-06T12:15:51+00:00	dgx-spark-04	True	0	cmtpeql4y1etk2auhbk9668ry
2026-09-06T12:15:53+00:00	dgx-spark-04	True	0	cmtpeql4y1etk2auhbk9668ry
2026-09-06T12:15:55+00:00	dgx-spark-04	True	0	cmtpeql4y1etk2auhbk9668ry
2026-09-06T12:15:57+00:00	dgx-spark-04	True	0	cmtpeql4y1etk2auhbk9668ry
2026-09-06T12:15:59+00:00	dgx-spark-04	True	0	cmtpeql4y1etk2auhbk9668ry
2026-09-06T12:16:01+00:00	dgx-spark-04	True	0	cmtpeql4y1etk2auhbk9668ry
2026-09-06T12:16:04+00:00	dgx-spark-04	True	0	cmtpeql4y1etk2auhbk9668ry
2026-09-06T12:16:06+00:00	dgx-spark-04	True	1	cmtpeql4y1etk2auhbk9668ry
2026-09-06T12:16:08+00:00	dgx-spark-04	True	1	cmtpeql4y1etk2auhbk9668ry
2026-09-06T12:16:10+00:00	dgx-spark-04	True	1	cmtpeql4y1etk2auhbk9668ry
2026-09-06T12:16:12+00:00	dgx-spark-04	True	0	cmtpeql4y1etk2auhbk9668ry
2026-09-06T12:16:14+00:00	dgx-spark-04	True	0	cmtpeql4y1etk2auhbk9668ry
2026-09-06T12:16:16+00:00	dgx-spark-04	True	0	cmtpeql4y1etk2auhbk9668ry
2026-09-06T12:16:18+00:00	dgx-spark-04	True	0	cmtpeql4y1etk2auhbk9668ry
2026-09-06T12:16:20+00:00	dgx-spark-04	True	0	cmtpeql4y1etk2auhbk9668ry
2026-09-06T12:16:22+00:00	dgx-spark-04	True	0	cmtpeql4y1etk2auhbk9668ry
2026-09-06T12:16:25+00:00	dgx-spark-04	True	0	cmtpeql4y1etk2auhbk9668ry
2026-09-06T12:16:27+00:00	dgx-spark-04	True	0	cmtpeql4y1etk2auhbk9668ry
2026-09-06T12:16:29+00:00	dgx-spark-04	True	0	cmtpeql4y1etk2auhbk9668ry
2026-09-06T12:16:31+00:00	dgx-spark-04	True	0	cmtpeql4y1etk2auhbk9668ry
2026-09-06T12:16:33+00:00	dgx-spark-04	True	0	cmtpeql4y1etk2auhbk9668ry
2026-09-06T12:16:35+00:00	dgx-spark-04	True	0	cmtpeql4y1etk2auhbk9668ry
2026-09-06T12:16:37+00:00	dgx-spark-04	True	0	cmtpeql4y1etk2auhbk9668ry
2026-09-06T12:16:39+00:00	dgx-spark-04	True	0	cmtpeql4y1etk2auhbk9668ry
2026-09-06T12:16:41+00:00	dgx-spark-04	True	0	cmtpeql4y1etk2auhbk9668ry
2026-09-06T12:16:43+00:00	dgx-spark-04	True	0	cmtpeql4y1etk2auhbk9668ry
2026-09-06T12:16:46+00:00	dgx-spark-04	True	0	cmtpeql4y1etk2auhbk9668ry
2026-09-06T12:16:48+00:00	dgx-spark-04	True	0	cmtpeql4y1etk2auhbk9668ry
2026-09-06T12:16:50+00:00	dgx-spark-04	True	0	cmtpeql4y1etk2auhbk9668ry
2026-09-06T12:16:52+00:00	dgx-spark-04	True	0	cmtpeql4y1etk2auhbk9668ry
2026-09-06T12:16:54+00:00	dgx-spark-04	True	0	cmtpeql4y1etk2auhbk9668ry
2026-09-06T12:16:56+00:00	dgx-spark-04	True	0	cmtpeql4y1etk2auhbk9668ry
2026-09-06T12:16:58+00:00	dgx-spark-04	True	0	cmtpeql4y1etk2auhbk9668ry
2026-09-06T12:17:00+00:00	dgx-spark-04	True	0	cmtpeql4y1etk2auhbk9668ry
2026-09-06T12:17:02+00:00	dgx-spark-04	True	0	cmtpeql4y1etk2auhbk9668ry
2026-09-06T12:17:04+00:00	dgx-spark-04	True	0	cmtpeql4y1etk2auhbk9668ry
2026-09-06T12:17:06+00:00	dgx-spark-04	True	0	cmtpeql4y1etk2auhbk9668ry
2026-09-06T12:17:09+00:00	dgx-spark-04	True	0	cmtpeql4y1etk2auhbk9668ry
2026-09-06T12:17:11+00:00	dgx-spark-04	True	0	cmtpeql4y1etk2auhbk9668ry
2026-09-06T12:17:13+00:00	dgx-spark-04	True	0	cmtpeql4y1etk2auhbk9668ry
2026-09-06T12:17:15+00:00	dgx-spark-04	True	0	cmtpeql4y1etk2auhbk9668ry
2026-09-06T12:17:17+00:00	dgx-spark-04	True	0	cmtpeql4y1etk2auhbk9668ry
2026-09-06T12:17:19+00:00	dgx-spark-04	True	0	cmtpeql4y1etk2auhbk9668ry
2026-09-06T12:17:21+00:00	dgx-spark-04	True	0	cmtpeql4y1etk2auhbk9668ry
2026-09-06T12:17:23+00:00	dgx-spark-04	True	0	cmtpeql4y1etk2auhbk9668ry
2026-09-06T12:17:25+00:00	dgx-spark-04	True	0	cmtpeql4y1etk2auhbk9668ry
2026-09-06T12:17:27+00:00	dgx-spark-04	True	0	cmtpeql4y1etk2auhbk9668ry
2026-09-06T12:17:30+00:00	dgx-spark-04	True	0	cmtpeql4y1etk2auhbk9668ry
2026-09-06T12:17:32+00:00	dgx-spark-04	True	0	cmtpeql4y1etk2auhbk9668ry
2026-09-06T12:17:34+00:00	dgx-spark-04	True	0	cmtpeql4y1etk2auhbk9668ry
2026-09-06T12:17:36+00:00	dgx-spark-04	True	0	cmtpeql4y1etk2auhbk9668ry
2026-09-06T12:17:38+00:00	dgx-spark-04	True	0	cmtpeql4y1etk2auhbk9668ry
2026-09-06T12:17:40+00:00	dgx-spark-04	True	0	cmtpeql4y1etk2auhbk9668ry
2026-09-06T12:17:42+00:00	dgx-spark-04	True	0	cmtpeql4y1etk2auhbk9668ry
2026-09-06T12:17:44+00:00	dgx-spark-04	True	0	cmtpeql4y1etk2auhbk9668ry
2026-09-06T12:17:46+00:00	dgx-spark-04	True	0	cmtpeql4y1etk2auhbk9668ry
2026-09-06T12:17:48+00:00	dgx-spark-04	True	0	cmtpeql4y1etk2auhbk9668ry
2026-09-06T12:17:51+00:00	dgx-spark-04	True	0	cmtpeql4y1etk2auhbk9668ry
2026-09-06T12:17:53+00:00	dgx-spark-04	True	0	cmtpeql4y1etk2auhbk9668ry
2026-09-06T12:17:55+00:00	dgx-spark-04	True	0	cmtpeql4y1etk2auhbk9668ry
2026-09-06T12:17:57+00:00	dgx-spark-04	True	0	cmtpeql4y1etk2auhbk9668ry
2026-09-06T12:17:59+00:00	dgx-spark-04	True	0	cmtpeql4y1etk2auhbk9668ry
2026-09-06T12:18:01+00:00	dgx-spark-04	True	0	cmtpeql4y1etk2auhbk9668ry
2026-09-06T12:18:03+00:00	dgx-spark-04	True	0	cmtpeql4y1etk2auhbk9668ry
2026-09-06T12:18:05+00:00	dgx-spark-04	True	0	cmtpeql4y1etk2auhbk9668ry
2026-09-06T12:18:07+00:00	dgx-spark-04	True	0	cmtpeql4y1etk2auhbk9668ry
2026-09-06T12:18:09+00:00	dgx-spark-04	True	0	cmtpeql4y1etk2auhbk9668ry
2026-09-06T12:18:12+00:00	dgx-spark-04	True	0	cmtpeql4y1etk2auhbk9668ry
2026-09-06T12:18:14+00:00	dgx-spark-04	True	0	cmtpeql4y1etk2auhbk9668ry
2026-09-06T12:18:16+00:00	dgx-spark-04	True	0	cmtpeql4y1etk2auhbk9668ry
2026-09-06T12:18:18+00:00	dgx-spark-04	True	0	cmtpeql4y1etk2auhbk9668ry
2026-09-06T12:18:20+00:00	dgx-spark-04	True	0	cmtpeql4y1etk2auhbk9668ry
2026-09-06T12:18:22+00:00	dgx-spark-04	True	0	cmtpeql4y1etk2auhbk9668ry
2026-09-06T12:18:24+00:00	dgx-spark-04	True	0	cmtpeql4y1etk2auhbk9668ry
2026-09-06T12:18:26+00:00	dgx-spark-04	True	0	cmtpeql4y1etk2auhbk9668ry
2026-09-06T12:18:28+00:00	dgx-spark-04	True	0	cmtpeql4y1etk2auhbk9668ry
2026-09-06T12:18:30+00:00	dgx-spark-04	True	0	cmtpeql4y1etk2auhbk9668ry
2026-09-06T12:18:32+00:00	dgx-spark-04	True	0	cmtpeql4y1etk2auhbk9668ry
2026-09-06T12:18:35+00:00	dgx-spark-04	True	0	cmtpeql4y1etk2auhbk9668ry
2026-09-06T12:18:37+00:00	dgx-spark-04	True	0	cmtpeql4y1etk2auhbk9668ry
2026-09-06T12:18:39+00:00	dgx-spark-04	True	0	cmtpeql4y1etk2auhbk9668ry
2026-09-06T12:18:41+00:00	dgx-spark-04	True	0	cmtpeql4y1etk2auhbk9668ry
2026-09-06T12:18:43+00:00	dgx-spark-04	True	0	cmtpeql4y1etk2auhbk9668ry
2026-09-06T12:18:45+00:00	dgx-spark-04	True	0	cmtpeql4y1etk2auhbk9668ry
2026-09-06T12:18:47+00:00	dgx-spark-04	True	0	cmtpeql4y1etk2auhbk9668ry
2026-09-06T12:18:49+00:00	dgx-spark-04	True	0	cmtpeql4y1etk2auhbk9668ry
2026-09-06T12:18:51+00:00	dgx-spark-04	True	0	cmtpeql4y1etk2auhbk9668ry
2026-09-06T12:18:53+00:00	dgx-spark-04	True	0	cmtpeql4y1etk2auhbk9668ry
2026-09-06T12:18:56+00:00	dgx-spark-04	True	0	cmtpeql4y1etk2auhbk9668ry
2026-09-06T12:18:58+00:00	dgx-spark-04	True	0	cmtpeql4y1etk2auhbk9668ry
2026-09-06T12:19:00+00:00	dgx-spark-04	True	0	cmtpeql4y1etk2auhbk9668ry
2026-09-06T12:19:02+00:00	dgx-spark-04	True	0	cmtpeql4y1etk2auhbk9668ry
2026-09-06T12:19:04+00:00	dgx-spark-04	True	0	cmtpeql4y1etk2auhbk9668ry
2026-09-06T12:19:06+00:00	dgx-spark-04	True	0	cmtpeql4y1etk2auhbk9668ry
2026-09-06T12:19:08+00:00	dgx-spark-04	True	0	cmtpeql4y1etk2auhbk9668ry
2026-09-06T12:19:10+00:00	dgx-spark-04	True	0	cmtpeql4y1etk2auhbk9668ry
2026-09-06T12:19:12+00:00	dgx-spark-04	True	0	cmtpeql4y1etk2auhbk9668ry
2026-09-06T12:19:14+00:00	dgx-spark-04	True	0	cmtpeql4y1etk2auhbk9668ry
2026-09-06T12:19:17+00:00	dgx-spark-04	True	0	cmtpeql4y1etk2auhbk9668ry
2026-09-06T12:19:19+00:00	dgx-spark-04	True	0	cmtpeql4y1etk2auhbk9668ry
2026-09-06T12:19:21+00:00	dgx-spark-04	True	0	cmtpeql4y1etk2auhbk9668ry
2026-09-06T12:19:23+00:00	dgx-spark-04	True	0	cmtpeql4y1etk2auhbk9668ry
2026-09-06T12:19:25+00:00	dgx-spark-04	True	0	cmtpeql4y1etk2auhbk9668ry
2026-09-06T12:19:27+00:00	dgx-spark-04	True	0	cmtpeql4y1etk2auhbk9668ry
2026-09-06T12:19:29+00:00	dgx-spark-04	True	0	cmtpeql4y1etk2auhbk9668ry
2026-09-06T12:19:31+00:00	dgx-spark-04	True	0	cmtpeql4y1etk2auhbk9668ry
2026-09-06T12:19:33+00:00	dgx-spark-04	True	0	cmtpeql4y1etk2auhbk9668ry
2026-09-06T12:19:35+00:00	dgx-spark-04	True	0	cmtpeql4y1etk2auhbk9668ry
2026-09-06T12:19:37+00:00	dgx-spark-04	True	0	cmtpeql4y1etk2auhbk9668ry
2026-09-06T12:19:40+00:00	dgx-spark-04	True	0	cmtpeql4y1etk2auhbk9668ry
2026-09-06T12:19:42+00:00	dgx-spark-04	True	0	cmtpeql4y1etk2auhbk9668ry
2026-09-06T12:19:44+00:00	dgx-spark-04	True	0	cmtpeql4y1etk2auhbk9668ry
2026-09-06T12:19:46+00:00	dgx-spark-04	True	0	cmtpeql4y1etk2auhbk9668ry
2026-09-06T12:19:48+00:00	dgx-spark-04	True	0	cmtpeql4y1etk2auhbk9668ry
2026-09-06T12:19:50+00:00	dgx-spark-04	True	0	cmtpeql4y1etk2auhbk9668ry
2026-09-06T12:19:52+00:00	dgx-spark-04	True	0	cmtpeql4y1etk2auhbk9668ry
2026-09-06T12:19:54+00:00	dgx-spark-04	True	0	cmtpeql4y1etk2auhbk9668ry
2026-09-06T12:19:56+00:00	dgx-spark-04	True	0	cmtpeql4y1etk2auhbk9668ry
2026-09-06T12:19:58+00:00	dgx-spark-04	True	0	cmtpeql4y1etk2auhbk9668ry
2026-09-06T12:20:01+00:00	dgx-spark-04	True	0	cmtpeql4y1etk2auhbk9668ry
2026-09-06T12:20:03+00:00	dgx-spark-04	True	0	cmtpeql4y1etk2auhbk9668ry
2026-09-06T12:20:05+00:00	dgx-spark-04	True	0	cmtpeql4y1etk2auhbk9668ry
2026-09-06T12:20:07+00:00	dgx-spark-04	True	0	cmtpeql4y1etk2auhbk9668ry
2026-09-06T12:20:09+00:00	dgx-spark-04	True	0	cmtpeql4y1etk2auhbk9668ry
2026-09-06T12:20:11+00:00	dgx-spark-04	True	0	cmtpeql4y1etk2auhbk9668ry
2026-09-06T12:20:13+00:00	dgx-spark-04	True	0	cmtpeql4y1etk2auhbk9668ry
2026-09-06T12:20:15+00:00	dgx-spark-04	True	0	cmtpeql4y1etk2auhbk9668ry
2026-09-06T12:20:17+00:00	dgx-spark-04	True	0	cmtpeql4y1etk2auhbk9668ry
2026-09-06T12:20:19+00:00	dgx-spark-04	True	0	cmtpeql4y1etk2auhbk9668ry
2026-09-06T12:20:22+00:00	dgx-spark-04	True	0	cmtpeql4y1etk2auhbk9668ry
2026-09-06T12:20:24+00:00	dgx-spark-04	True	0	cmtpeql4y1etk2auhbk9668ry
2026-09-06T12:20:26+00:00	dgx-spark-04	True	0	cmtpeql4y1etk2auhbk9668ry
2026-09-06T12:20:28+00:00	dgx-spark-04	True	0	cmtpeql4y1etk2auhbk9668ry
2026-09-06T12:20:30+00:00	dgx-spark-04	True	0	cmtpeql4y1etk2auhbk9668ry
2026-09-06T12:20:32+00:00	dgx-spark-04	True	0	cmtpeql4y1etk2auhbk9668ry
2026-09-06T12:20:34+00:00	dgx-spark-04	True	0	cmtpeql4y1etk2auhbk9668ry
2026-09-06T12:20:36+00:00	dgx-spark-04	True	0	cmtpeql4y1etk2auhbk9668ry
2026-09-06T12:20:38+00:00	dgx-spark-04	True	0	cmtpeql4y1etk2auhbk9668ry
2026-09-06T12:20:40+00:00	dgx-spark-04	True	0	cmtpeql4y1etk2auhbk9668ry
2026-09-06T12:20:43+00:00	dgx-spark-04	True	0	cmtpeql4y1etk2auhbk9668ry
2026-09-06T12:20:45+00:00	dgx-spark-04	True	0	cmtpeql4y1etk2auhbk9668ry
2026-09-06T12:20:47+00:00	dgx-spark-04	True	0	cmtpeql4y1etk2auhbk9668ry
2026-09-06T12:20:49+00:00	dgx-spark-04	True	0	cmtpeql4y1etk2auhbk9668ry
2026-09-06T12:20:51+00:00	dgx-spark-04	True	0	cmtpeql4y1etk2auhbk9668ry
2026-09-06T12:20:53+00:00	dgx-spark-04	True	0	cmtpeql4y1etk2auhbk9668ry
2026-09-06T12:20:55+00:00	dgx-spark-04	True	0	cmtpeql4y1etk2auhbk9668ry
2026-09-06T12:20:57+00:00	dgx-spark-04	True	0	cmtpeql4y1etk2auhbk9668ry
2026-09-06T12:20:59+00:00	dgx-spark-04	True	0	cmtpeql4y1etk2auhbk9668ry
2026-09-06T12:21:01+00:00	dgx-spark-04	True	0	cmtpeql4y1etk2auhbk9668ry
2026-09-06T12:21:03+00:00	dgx-spark-04	True	0	cmtpeql4y1etk2auhbk9668ry
2026-09-06T12:21:06+00:00	dgx-spark-04	True	0	cmtpeql4y1etk2auhbk9668ry
2026-09-06T12:21:08+00:00	dgx-spark-04	True	0	cmtpeql4y1etk2auhbk9668ry
2026-09-06T12:21:10+00:00	dgx-spark-04	True	0	cmtpeql4y1etk2auhbk9668ry
2026-09-06T12:21:12+00:00	dgx-spark-04	True	0	cmtpeql4y1etk2auhbk9668ry
2026-09-06T12:21:14+00:00	dgx-spark-04	True	0	cmtpeql4y1etk2auhbk9668ry
2026-09-06T12:21:16+00:00	dgx-spark-04	True	0	cmtpeql4y1etk2auhbk9668ry
2026-09-06T12:21:18+00:00	dgx-spark-04	True	0	cmtpeql4y1etk2auhbk9668ry
2026-09-06T12:21:20+00:00	dgx-spark-04	True	0	cmtpeql4y1etk2auhbk9668ry
2026-09-06T12:21:22+00:00	dgx-spark-04	True	0	cmtpeql4y1etk2auhbk9668ry
2026-09-06T12:21:24+00:00	dgx-spark-04	True	0	cmtpeql4y1etk2auhbk9668ry
2026-09-06T12:21:27+00:00	dgx-spark-04	True	0	cmtpeql4y1etk2auhbk9668ry
2026-09-06T12:21:29+00:00	dgx-spark-04	True	0	cmtpeql4y1etk2auhbk9668ry
2026-09-06T12:21:31+00:00	dgx-spark-04	True	0	cmtpeql4y1etk2auhbk9668ry
2026-09-06T12:21:33+00:00	dgx-spark-04	True	0	cmtpeql4y1etk2auhbk9668ry
2026-09-06T12:21:35+00:00	dgx-spark-04	True	0	cmtpeql4y1etk2auhbk9668ry
2026-09-06T12:21:37+00:00	dgx-spark-04	True	0	cmtpeql4y1etk2auhbk9668ry
2026-09-06T12:21:39+00:00	dgx-spark-04	True	0	cmtpeql4y1etk2auhbk9668ry
2026-09-06T12:21:41+00:00	dgx-spark-04	True	0	cmtpeql4y1etk2auhbk9668ry
2026-09-06T12:21:43+00:00	dgx-spark-04	True	0	cmtpeql4y1etk2auhbk9668ry
2026-09-06T12:21:45+00:00	dgx-spark-04	True	0	cmtpeql4y1etk2auhbk9668ry
2026-09-06T12:21:48+00:00	dgx-spark-04	True	0	cmtpeql4y1etk2auhbk9668ry
2026-09-06T12:21:50+00:00	dgx-spark-04	True	0	cmtpeql4y1etk2auhbk9668ry
2026-09-06T12:21:52+00:00	dgx-spark-04	True	0	cmtpeql4y1etk2auhbk9668ry
2026-09-06T12:21:54+00:00	dgx-spark-04	True	0	cmtpeql4y1etk2auhbk9668ry
2026-09-06T12:21:56+00:00	dgx-spark-04	True	0	cmtpeql4y1etk2auhbk9668ry
2026-09-06T12:21:58+00:00	dgx-spark-04	True	0	cmtpeql4y1etk2auhbk9668ry
2026-09-06T12:22:00+00:00	dgx-spark-04	True	0	cmtpeql4y1etk2auhbk9668ry
2026-09-06T12:22:02+00:00	dgx-spark-04	True	0	cmtpeql4y1etk2auhbk9668ry
2026-09-06T12:22:04+00:00	dgx-spark-04	True	0	cmtpeql4y1etk2auhbk9668ry
2026-09-06T12:22:06+00:00	dgx-spark-04	True	0	cmtpeql4y1etk2auhbk9668ry
2026-09-06T12:22:08+00:00	dgx-spark-04	True	0	cmtpeql4y1etk2auhbk9668ry
2026-09-06T12:22:11+00:00	dgx-spark-04	True	0	cmtpeql4y1etk2auhbk9668ry
2026-09-06T12:22:13+00:00	dgx-spark-04	True	0	cmtpeql4y1etk2auhbk9668ry
2026-09-06T12:22:15+00:00	dgx-spark-04	True	0	cmtpeql4y1etk2auhbk9668ry
2026-09-06T12:22:17+00:00	dgx-spark-04	True	0	cmtpeql4y1etk2auhbk9668ry
2026-09-06T12:22:19+00:00	dgx-spark-04	True	0	cmtpeql4y1etk2auhbk9668ry
2026-09-06T12:22:21+00:00	dgx-spark-04	True	0	cmtpeql4y1etk2auhbk9668ry
2026-09-06T12:22:23+00:00	dgx-spark-04	True	0	cmtpeql4y1etk2auhbk9668ry
2026-09-06T12:22:25+00:00	dgx-spark-04	True	0	cmtpeql4y1etk2auhbk9668ry
2026-09-06T12:22:27+00:00	dgx-spark-04	True	0	cmtpeql4y1etk2auhbk9668ry
2026-09-06T12:22:29+00:00	dgx-spark-04	True	0	cmtpeql4y1etk2auhbk9668ry
2026-09-06T12:22:32+00:00	dgx-spark-04	True	0	cmtpeql4y1etk2auhbk9668ry
2026-09-06T12:22:34+00:00	dgx-spark-04	True	0	cmtpeql4y1etk2auhbk9668ry
2026-09-06T12:22:36+00:00	dgx-spark-04	True	0	cmtpeql4y1etk2auhbk9668ry
2026-09-06T12:22:38+00:00	dgx-spark-04	True	0	cmtpeql4y1etk2auhbk9668ry
2026-09-06T12:22:38+00:00	dgx-spark-02	True	0	cmtprzt671w352auhqgq43q4y
2026-09-06T12:22:40+00:00	dgx-spark-04	True	0	cmtpeql4y1etk2auhbk9668ry
2026-09-06T12:22:40+00:00	dgx-spark-02	True	0	cmtprzt671w352auhqgq43q4y
2026-09-06T12:22:42+00:00	dgx-spark-04	True	0	cmtpeql4y1etk2auhbk9668ry
2026-09-06T12:22:42+00:00	dgx-spark-02	True	0	cmtprzt671w352auhqgq43q4y
2026-09-06T12:22:44+00:00	dgx-spark-04	True	0	cmtpeql4y1etk2auhbk9668ry
2026-09-06T12:22:44+00:00	dgx-spark-02	True	0	cmtprzt671w352auhqgq43q4y
2026-09-06T12:22:46+00:00	dgx-spark-04	True	0	cmtpeql4y1etk2auhbk9668ry
2026-09-06T12:22:46+00:00	dgx-spark-02	True	0	cmtprzt671w352auhqgq43q4y
2026-09-06T12:22:48+00:00	dgx-spark-04	True	0	cmtpeql4y1etk2auhbk9668ry
2026-09-06T12:22:48+00:00	dgx-spark-02	True	0	cmtprzt671w352auhqgq43q4y
2026-09-06T12:22:50+00:00	dgx-spark-04	True	0	cmtpeql4y1etk2auhbk9668ry
2026-09-06T12:22:50+00:00	dgx-spark-02	True	0	cmtprzt671w352auhqgq43q4y
2026-09-06T12:22:53+00:00	dgx-spark-04	True	0	cmtpeql4y1etk2auhbk9668ry
2026-09-06T12:22:53+00:00	dgx-spark-02	True	0	cmtprzt671w352auhqgq43q4y
2026-09-06T12:22:55+00:00	dgx-spark-04	True	0	cmtpeql4y1etk2auhbk9668ry
2026-09-06T12:22:55+00:00	dgx-spark-02	True	0	cmtprzt671w352auhqgq43q4y
2026-09-06T12:22:57+00:00	dgx-spark-04	True	0	cmtpeql4y1etk2auhbk9668ry
2026-09-06T12:22:57+00:00	dgx-spark-02	True	0	cmtprzt671w352auhqgq43q4y
2026-09-06T12:22:59+00:00	dgx-spark-04	True	0	cmtpeql4y1etk2auhbk9668ry
2026-09-06T12:22:59+00:00	dgx-spark-02	True	0	cmtprzt671w352auhqgq43q4y
2026-09-06T12:23:01+00:00	dgx-spark-04	True	0	cmtpeql4y1etk2auhbk9668ry
2026-09-06T12:23:01+00:00	dgx-spark-02	True	0	cmtprzt671w352auhqgq43q4y
2026-09-06T12:23:03+00:00	dgx-spark-04	True	0	cmtpeql4y1etk2auhbk9668ry
2026-09-06T12:23:03+00:00	dgx-spark-02	True	0	cmtprzt671w352auhqgq43q4y
2026-09-06T12:23:05+00:00	dgx-spark-04	True	0	cmtpeql4y1etk2auhbk9668ry
2026-09-06T12:23:05+00:00	dgx-spark-02	True	0	cmtprzt671w352auhqgq43q4y
2026-09-06T12:23:07+00:00	dgx-spark-04	True	0	cmtpeql4y1etk2auhbk9668ry
2026-09-06T12:23:07+00:00	dgx-spark-02	True	0	cmtprzt671w352auhqgq43q4y
2026-09-06T12:23:09+00:00	dgx-spark-04	True	0	cmtpeql4y1etk2auhbk9668ry
2026-09-06T12:23:09+00:00	dgx-spark-02	True	0	cmtprzt671w352auhqgq43q4y
2026-09-06T12:23:11+00:00	dgx-spark-04	True	0	cmtpeql4y1etk2auhbk9668ry
2026-09-06T12:23:11+00:00	dgx-spark-02	True	0	cmtprzt671w352auhqgq43q4y
2026-09-06T12:23:13+00:00	dgx-spark-04	True	0	cmtpeql4y1etk2auhbk9668ry
2026-09-06T12:23:13+00:00	dgx-spark-02	True	0	cmtprzt671w352auhqgq43q4y
2026-09-06T12:23:16+00:00	dgx-spark-04	True	0	cmtpeql4y1etk2auhbk9668ry
2026-09-06T12:23:16+00:00	dgx-spark-02	True	0	cmtprzt671w352auhqgq43q4y
2026-09-06T12:23:18+00:00	dgx-spark-04	True	0	cmtpeql4y1etk2auhbk9668ry
2026-09-06T12:23:18+00:00	dgx-spark-02	True	0	cmtprzt671w352auhqgq43q4y
2026-09-06T12:23:20+00:00	dgx-spark-04	True	0	cmtpeql4y1etk2auhbk9668ry
2026-09-06T12:23:20+00:00	dgx-spark-02	True	0	cmtprzt671w352auhqgq43q4y
2026-09-06T12:23:22+00:00	dgx-spark-04	True	0	cmtpeql4y1etk2auhbk9668ry
2026-09-06T12:23:22+00:00	dgx-spark-02	True	0	cmtprzt671w352auhqgq43q4y
2026-09-06T12:23:24+00:00	dgx-spark-04	True	0	cmtpeql4y1etk2auhbk9668ry
2026-09-06T12:23:24+00:00	dgx-spark-02	True	0	cmtprzt671w352auhqgq43q4y
2026-09-06T12:23:26+00:00	dgx-spark-04	True	0	cmtpeql4y1etk2auhbk9668ry
2026-09-06T12:23:26+00:00	dgx-spark-02	True	0	cmtprzt671w352auhqgq43q4y
2026-09-06T12:23:28+00:00	dgx-spark-04	True	0	cmtpeql4y1etk2auhbk9668ry
2026-09-06T12:23:28+00:00	dgx-spark-02	True	0	cmtprzt671w352auhqgq43q4y
2026-09-06T12:23:30+00:00	dgx-spark-04	True	0	cmtpeql4y1etk2auhbk9668ry
2026-09-06T12:23:30+00:00	dgx-spark-02	True	0	cmtprzt671w352auhqgq43q4y
2026-09-06T12:23:32+00:00	dgx-spark-04	True	0	cmtpeql4y1etk2auhbk9668ry
2026-09-06T12:23:32+00:00	dgx-spark-02	True	0	cmtprzt671w352auhqgq43q4y
2026-09-06T12:23:34+00:00	dgx-spark-04	True	0	cmtpeql4y1etk2auhbk9668ry
2026-09-06T12:23:34+00:00	dgx-spark-02	True	0	cmtprzt671w352auhqgq43q4y
2026-09-06T12:23:37+00:00	dgx-spark-04	True	0	cmtpeql4y1etk2auhbk9668ry
2026-09-06T12:23:37+00:00	dgx-spark-02	True	0	cmtprzt671w352auhqgq43q4y
2026-09-06T12:23:39+00:00	dgx-spark-04	True	0	cmtpeql4y1etk2auhbk9668ry
2026-09-06T12:23:39+00:00	dgx-spark-02	True	0	cmtprzt671w352auhqgq43q4y
2026-09-06T12:23:41+00:00	dgx-spark-04	True	0	cmtpeql4y1etk2auhbk9668ry
2026-09-06T12:23:41+00:00	dgx-spark-02	True	0	cmtprzt671w352auhqgq43q4y
2026-09-06T12:23:43+00:00	dgx-spark-04	True	0	cmtpeql4y1etk2auhbk9668ry
2026-09-06T12:23:43+00:00	dgx-spark-02	True	0	cmtprzt671w352auhqgq43q4y
2026-09-06T12:23:45+00:00	dgx-spark-04	True	0	cmtpeql4y1etk2auhbk9668ry
2026-09-06T12:23:45+00:00	dgx-spark-02	True	0	cmtprzt671w352auhqgq43q4y
2026-09-06T12:23:47+00:00	dgx-spark-04	True	0	cmtpeql4y1etk2auhbk9668ry
2026-09-06T12:23:47+00:00	dgx-spark-02	True	0	cmtprzt671w352auhqgq43q4y
2026-09-06T12:23:49+00:00	dgx-spark-04	True	0	cmtpeql4y1etk2auhbk9668ry
2026-09-06T12:23:49+00:00	dgx-spark-02	True	0	cmtprzt671w352auhqgq43q4y
2026-09-06T12:23:51+00:00	dgx-spark-04	True	0	cmtpeql4y1etk2auhbk9668ry
2026-09-06T12:23:51+00:00	dgx-spark-02	True	0	cmtprzt671w352auhqgq43q4y
2026-09-06T12:23:53+00:00	dgx-spark-04	True	0	cmtpeql4y1etk2auhbk9668ry
2026-09-06T12:23:53+00:00	dgx-spark-02	True	0	cmtprzt671w352auhqgq43q4y
2026-09-06T12:23:55+00:00	dgx-spark-04	True	0	cmtpeql4y1etk2auhbk9668ry
2026-09-06T12:23:55+00:00	dgx-spark-02	True	0	cmtprzt671w352auhqgq43q4y
2026-09-06T12:23:58+00:00	dgx-spark-04	True	0	cmtpeql4y1etk2auhbk9668ry
2026-09-06T12:23:58+00:00	dgx-spark-02	True	0	cmtprzt671w352auhqgq43q4y
2026-09-06T12:24:00+00:00	dgx-spark-04	True	0	cmtpeql4y1etk2auhbk9668ry
2026-09-06T12:24:00+00:00	dgx-spark-02	True	0	cmtprzt671w352auhqgq43q4y
2026-09-06T12:24:02+00:00	dgx-spark-04	True	0	cmtpeql4y1etk2auhbk9668ry
2026-09-06T12:24:02+00:00	dgx-spark-02	True	0	cmtprzt671w352auhqgq43q4y
2026-09-06T12:24:04+00:00	dgx-spark-04	True	0	cmtpeql4y1etk2auhbk9668ry
2026-09-06T12:24:04+00:00	dgx-spark-02	True	0	cmtprzt671w352auhqgq43q4y
2026-09-06T12:24:06+00:00	dgx-spark-04	True	0	cmtpeql4y1etk2auhbk9668ry
2026-09-06T12:24:06+00:00	dgx-spark-02	True	0	cmtprzt671w352auhqgq43q4y
2026-09-06T12:24:08+00:00	dgx-spark-04	True	0	cmtpeql4y1etk2auhbk9668ry
2026-09-06T12:24:08+00:00	dgx-spark-02	True	0	cmtprzt671w352auhqgq43q4y
2026-09-06T12:24:10+00:00	dgx-spark-04	True	0	cmtpeql4y1etk2auhbk9668ry
2026-09-06T12:24:10+00:00	dgx-spark-02	True	0	cmtprzt671w352auhqgq43q4y
2026-09-06T12:24:12+00:00	dgx-spark-04	True	0	cmtpeql4y1etk2auhbk9668ry
2026-09-06T12:24:12+00:00	dgx-spark-02	True	0	cmtprzt671w352auhqgq43q4y
2026-09-06T12:24:14+00:00	dgx-spark-04	True	0	cmtpeql4y1etk2auhbk9668ry
2026-09-06T12:24:14+00:00	dgx-spark-02	True	0	cmtprzt671w352auhqgq43q4y
2026-09-06T12:24:16+00:00	dgx-spark-04	True	0	cmtpeql4y1etk2auhbk9668ry
2026-09-06T12:24:16+00:00	dgx-spark-02	True	0	cmtprzt671w352auhqgq43q4y
2026-09-06T12:24:19+00:00	dgx-spark-04	True	0	cmtpeql4y1etk2auhbk9668ry
2026-09-06T12:24:19+00:00	dgx-spark-02	True	0	cmtprzt671w352auhqgq43q4y
2026-09-06T12:24:21+00:00	dgx-spark-04	True	0	cmtpeql4y1etk2auhbk9668ry
2026-09-06T12:24:21+00:00	dgx-spark-02	True	0	cmtprzt671w352auhqgq43q4y
2026-09-06T12:24:23+00:00	dgx-spark-04	True	0	cmtpeql4y1etk2auhbk9668ry
2026-09-06T12:24:23+00:00	dgx-spark-02	True	0	cmtprzt671w352auhqgq43q4y
2026-09-06T12:24:25+00:00	dgx-spark-04	True	0	cmtpeql4y1etk2auhbk9668ry
2026-09-06T12:24:25+00:00	dgx-spark-02	True	0	cmtprzt671w352auhqgq43q4y
2026-09-06T12:24:27+00:00	dgx-spark-04	True	0	cmtpeql4y1etk2auhbk9668ry
2026-09-06T12:24:27+00:00	dgx-spark-02	True	0	cmtprzt671w352auhqgq43q4y
2026-09-06T12:24:29+00:00	dgx-spark-04	True	0	cmtpeql4y1etk2auhbk9668ry
2026-09-06T12:24:29+00:00	dgx-spark-02	True	0	cmtprzt671w352auhqgq43q4y
2026-09-06T12:24:31+00:00	dgx-spark-04	True	0	cmtpeql4y1etk2auhbk9668ry
2026-09-06T12:24:31+00:00	dgx-spark-02	True	0	cmtprzt671w352auhqgq43q4y
2026-09-06T12:24:33+00:00	dgx-spark-04	True	0	cmtpeql4y1etk2auhbk9668ry
2026-09-06T12:24:33+00:00	dgx-spark-02	True	0	cmtprzt671w352auhqgq43q4y
2026-09-06T12:24:35+00:00	dgx-spark-04	True	0	cmtpeql4y1etk2auhbk9668ry
2026-09-06T12:24:35+00:00	dgx-spark-02	True	0	cmtprzt671w352auhqgq43q4y
2026-09-06T12:24:37+00:00	dgx-spark-04	True	0	cmtpeql4y1etk2auhbk9668ry
2026-09-06T12:24:37+00:00	dgx-spark-02	True	0	cmtprzt671w352auhqgq43q4y
2026-09-06T12:24:39+00:00	dgx-spark-04	True	0	cmtpeql4y1etk2auhbk9668ry
2026-09-06T12:24:39+00:00	dgx-spark-02	True	0	cmtprzt671w352auhqgq43q4y
2026-09-06T12:24:42+00:00	dgx-spark-04	True	0	cmtpeql4y1etk2auhbk9668ry
2026-09-06T12:24:42+00:00	dgx-spark-02	True	0	cmtprzt671w352auhqgq43q4y
2026-09-06T12:24:44+00:00	dgx-spark-04	True	0	cmtpeql4y1etk2auhbk9668ry
2026-09-06T12:24:44+00:00	dgx-spark-02	True	0	cmtprzt671w352auhqgq43q4y
2026-09-06T12:24:46+00:00	dgx-spark-04	True	0	cmtpeql4y1etk2auhbk9668ry
2026-09-06T12:24:46+00:00	dgx-spark-02	True	0	cmtprzt671w352auhqgq43q4y
2026-09-06T12:24:48+00:00	dgx-spark-04	True	0	cmtpeql4y1etk2auhbk9668ry
2026-09-06T12:24:48+00:00	dgx-spark-02	True	0	cmtprzt671w352auhqgq43q4y
2026-09-06T12:24:50+00:00	dgx-spark-04	True	0	cmtpeql4y1etk2auhbk9668ry
2026-09-06T12:24:50+00:00	dgx-spark-02	True	0	cmtprzt671w352auhqgq43q4y
2026-09-06T12:24:52+00:00	dgx-spark-04	True	0	cmtpeql4y1etk2auhbk9668ry
2026-09-06T12:24:52+00:00	dgx-spark-02	True	0	cmtprzt671w352auhqgq43q4y
2026-09-06T12:24:54+00:00	dgx-spark-04	True	0	cmtpeql4y1etk2auhbk9668ry
2026-09-06T12:24:54+00:00	dgx-spark-02	True	0	cmtprzt671w352auhqgq43q4y
2026-09-06T12:24:56+00:00	dgx-spark-04	True	0	cmtpeql4y1etk2auhbk9668ry
2026-09-06T12:24:56+00:00	dgx-spark-02	True	0	cmtprzt671w352auhqgq43q4y
2026-09-06T12:24:58+00:00	dgx-spark-04	True	0	cmtpeql4y1etk2auhbk9668ry
2026-09-06T12:24:58+00:00	dgx-spark-02	True	0	cmtprzt671w352auhqgq43q4y
2026-09-06T12:25:00+00:00	dgx-spark-04	True	0	cmtpeql4y1etk2auhbk9668ry
2026-09-06T12:25:00+00:00	dgx-spark-02	True	0	cmtprzt671w352auhqgq43q4y
2026-09-06T12:25:03+00:00	dgx-spark-04	True	0	cmtpeql4y1etk2auhbk9668ry
2026-09-06T12:25:03+00:00	dgx-spark-02	True	0	cmtprzt671w352auhqgq43q4y
2026-09-06T12:25:05+00:00	dgx-spark-04	True	0	cmtpeql4y1etk2auhbk9668ry
2026-09-06T12:25:05+00:00	dgx-spark-02	True	0	cmtprzt671w352auhqgq43q4y
2026-09-06T12:25:07+00:00	dgx-spark-04	True	0	cmtpeql4y1etk2auhbk9668ry
2026-09-06T12:25:07+00:00	dgx-spark-02	True	0	cmtprzt671w352auhqgq43q4y
2026-09-06T12:25:09+00:00	dgx-spark-04	True	0	cmtpeql4y1etk2auhbk9668ry
2026-09-06T12:25:09+00:00	dgx-spark-02	True	0	cmtprzt671w352auhqgq43q4y
2026-09-06T12:25:11+00:00	dgx-spark-04	True	0	cmtpeql4y1etk2auhbk9668ry
2026-09-06T12:25:11+00:00	dgx-spark-02	True	0	cmtprzt671w352auhqgq43q4y
2026-09-06T12:25:13+00:00	dgx-spark-04	True	0	cmtpeql4y1etk2auhbk9668ry
2026-09-06T12:25:13+00:00	dgx-spark-02	True	0	cmtprzt671w352auhqgq43q4y
2026-09-06T12:25:15+00:00	dgx-spark-04	True	0	cmtpeql4y1etk2auhbk9668ry
2026-09-06T12:25:15+00:00	dgx-spark-02	True	0	cmtprzt671w352auhqgq43q4y
2026-09-06T12:25:17+00:00	dgx-spark-04	True	0	cmtpeql4y1etk2auhbk9668ry
2026-09-06T12:25:17+00:00	dgx-spark-02	True	0	cmtprzt671w352auhqgq43q4y
2026-09-06T12:25:19+00:00	dgx-spark-04	True	0	cmtpeql4y1etk2auhbk9668ry
2026-09-06T12:25:19+00:00	dgx-spark-02	True	0	cmtprzt671w352auhqgq43q4y
2026-09-06T12:25:21+00:00	dgx-spark-04	True	0	cmtpeql4y1etk2auhbk9668ry
2026-09-06T12:25:21+00:00	dgx-spark-02	True	0	cmtprzt671w352auhqgq43q4y
2026-09-06T12:25:24+00:00	dgx-spark-04	True	0	cmtpeql4y1etk2auhbk9668ry
2026-09-06T12:25:24+00:00	dgx-spark-02	True	0	cmtprzt671w352auhqgq43q4y
2026-09-06T12:25:26+00:00	dgx-spark-04	True	0	cmtpeql4y1etk2auhbk9668ry
2026-09-06T12:25:26+00:00	dgx-spark-02	True	0	cmtprzt671w352auhqgq43q4y
2026-09-06T12:25:28+00:00	dgx-spark-04	True	0	cmtpeql4y1etk2auhbk9668ry
2026-09-06T12:25:28+00:00	dgx-spark-02	True	0	cmtprzt671w352auhqgq43q4y
2026-09-06T12:25:30+00:00	dgx-spark-04	True	0	cmtpeql4y1etk2auhbk9668ry
2026-09-06T12:25:30+00:00	dgx-spark-02	True	0	cmtprzt671w352auhqgq43q4y
2026-09-06T12:25:32+00:00	dgx-spark-04	True	0	cmtpeql4y1etk2auhbk9668ry
2026-09-06T12:25:32+00:00	dgx-spark-02	True	0	cmtprzt671w352auhqgq43q4y
2026-09-06T12:25:34+00:00	dgx-spark-04	True	0	cmtpeql4y1etk2auhbk9668ry
2026-09-06T12:25:34+00:00	dgx-spark-02	True	0	cmtprzt671w352auhqgq43q4y
2026-09-06T12:25:36+00:00	dgx-spark-04	True	0	cmtpeql4y1etk2auhbk9668ry
2026-09-06T12:25:36+00:00	dgx-spark-02	True	0	cmtprzt671w352auhqgq43q4y
2026-09-06T12:25:38+00:00	dgx-spark-04	True	0	cmtpeql4y1etk2auhbk9668ry
2026-09-06T12:25:38+00:00	dgx-spark-02	True	0	cmtprzt671w352auhqgq43q4y
2026-09-06T12:25:40+00:00	dgx-spark-04	True	0	cmtpeql4y1etk2auhbk9668ry
2026-09-06T12:25:40+00:00	dgx-spark-02	True	0	cmtprzt671w352auhqgq43q4y
2026-09-06T12:25:42+00:00	dgx-spark-04	True	0	cmtpeql4y1etk2auhbk9668ry
2026-09-06T12:25:42+00:00	dgx-spark-02	True	0	cmtprzt671w352auhqgq43q4y
2026-09-06T12:25:44+00:00	dgx-spark-04	True	0	cmtpeql4y1etk2auhbk9668ry
2026-09-06T12:25:44+00:00	dgx-spark-02	True	0	cmtprzt671w352auhqgq43q4y
2026-09-06T12:25:47+00:00	dgx-spark-04	True	0	cmtpeql4y1etk2auhbk9668ry
2026-09-06T12:25:47+00:00	dgx-spark-02	True	0	cmtprzt671w352auhqgq43q4y
2026-09-06T12:25:49+00:00	dgx-spark-04	True	0	cmtpeql4y1etk2auhbk9668ry
2026-09-06T12:25:49+00:00	dgx-spark-02	True	0	cmtprzt671w352auhqgq43q4y
2026-09-06T12:25:51+00:00	dgx-spark-04	True	0	cmtpeql4y1etk2auhbk9668ry
2026-09-06T12:25:51+00:00	dgx-spark-02	True	0	cmtprzt671w352auhqgq43q4y
2026-09-06T12:25:53+00:00	dgx-spark-04	True	0	cmtpeql4y1etk2auhbk9668ry
2026-09-06T12:25:53+00:00	dgx-spark-02	True	0	cmtprzt671w352auhqgq43q4y
2026-09-06T12:25:55+00:00	dgx-spark-04	True	0	cmtpeql4y1etk2auhbk9668ry
2026-09-06T12:25:55+00:00	dgx-spark-02	True	0	cmtprzt671w352auhqgq43q4y
2026-09-06T12:25:57+00:00	dgx-spark-04	True	0	cmtpeql4y1etk2auhbk9668ry
2026-09-06T12:25:57+00:00	dgx-spark-02	True	0	cmtprzt671w352auhqgq43q4y
2026-09-06T12:25:59+00:00	dgx-spark-04	True	0	cmtpeql4y1etk2auhbk9668ry
2026-09-06T12:25:59+00:00	dgx-spark-02	True	0	cmtprzt671w352auhqgq43q4y
2026-09-06T12:26:01+00:00	dgx-spark-04	True	0	cmtpeql4y1etk2auhbk9668ry
2026-09-06T12:26:01+00:00	dgx-spark-02	True	0	cmtprzt671w352auhqgq43q4y
2026-09-06T12:26:03+00:00	dgx-spark-04	True	0	cmtpeql4y1etk2auhbk9668ry
2026-09-06T12:26:03+00:00	dgx-spark-02	True	0	cmtprzt671w352auhqgq43q4y
2026-09-06T12:26:05+00:00	dgx-spark-04	True	0	cmtpeql4y1etk2auhbk9668ry
2026-09-06T12:26:05+00:00	dgx-spark-02	True	0	cmtprzt671w352auhqgq43q4y
2026-09-06T12:26:08+00:00	dgx-spark-04	True	0	cmtpeql4y1etk2auhbk9668ry
2026-09-06T12:26:08+00:00	dgx-spark-02	True	0	cmtprzt671w352auhqgq43q4y
2026-09-06T12:26:10+00:00	dgx-spark-04	True	0	cmtpeql4y1etk2auhbk9668ry
2026-09-06T12:26:10+00:00	dgx-spark-02	True	0	cmtprzt671w352auhqgq43q4y
2026-09-06T12:26:12+00:00	dgx-spark-04	True	0	cmtpeql4y1etk2auhbk9668ry
2026-09-06T12:26:12+00:00	dgx-spark-02	True	0	cmtprzt671w352auhqgq43q4y
2026-09-06T12:26:14+00:00	dgx-spark-04	True	0	cmtpeql4y1etk2auhbk9668ry
2026-09-06T12:26:14+00:00	dgx-spark-02	True	0	cmtprzt671w352auhqgq43q4y
2026-09-06T12:26:16+00:00	dgx-spark-04	True	0	cmtpeql4y1etk2auhbk9668ry
2026-09-06T12:26:16+00:00	dgx-spark-02	True	0	cmtprzt671w352auhqgq43q4y
2026-09-06T12:26:18+00:00	dgx-spark-04	True	0	cmtpeql4y1etk2auhbk9668ry
2026-09-06T12:26:18+00:00	dgx-spark-02	True	0	cmtprzt671w352auhqgq43q4y
2026-09-06T12:26:20+00:00	dgx-spark-04	True	0	cmtpeql4y1etk2auhbk9668ry
2026-09-06T12:26:20+00:00	dgx-spark-02	True	0	cmtprzt671w352auhqgq43q4y
2026-09-06T12:26:22+00:00	dgx-spark-04	True	0	cmtpeql4y1etk2auhbk9668ry
2026-09-06T12:26:22+00:00	dgx-spark-02	True	0	cmtprzt671w352auhqgq43q4y
2026-09-06T12:26:24+00:00	dgx-spark-04	True	0	cmtpeql4y1etk2auhbk9668ry
2026-09-06T12:26:24+00:00	dgx-spark-02	True	0	cmtprzt671w352auhqgq43q4y
2026-09-06T12:26:26+00:00	dgx-spark-04	True	0	cmtpeql4y1etk2auhbk9668ry
2026-09-06T12:26:26+00:00	dgx-spark-02	True	0	cmtprzt671w352auhqgq43q4y
2026-09-06T12:26:29+00:00	dgx-spark-04	True	0	cmtpeql4y1etk2auhbk9668ry
2026-09-06T12:26:29+00:00	dgx-spark-02	True	0	cmtprzt671w352auhqgq43q4y
2026-09-06T12:26:31+00:00	dgx-spark-04	True	0	cmtpeql4y1etk2auhbk9668ry
2026-09-06T12:26:31+00:00	dgx-spark-02	True	0	cmtprzt671w352auhqgq43q4y
2026-09-06T12:26:33+00:00	dgx-spark-04	True	0	cmtpeql4y1etk2auhbk9668ry
2026-09-06T12:26:33+00:00	dgx-spark-02	True	0	cmtprzt671w352auhqgq43q4y
2026-09-06T12:26:35+00:00	dgx-spark-04	True	0	cmtpeql4y1etk2auhbk9668ry
2026-09-06T12:26:35+00:00	dgx-spark-02	True	0	cmtprzt671w352auhqgq43q4y
2026-09-06T12:26:37+00:00	dgx-spark-04	True	0	cmtpeql4y1etk2auhbk9668ry
2026-09-06T12:26:37+00:00	dgx-spark-02	True	0	cmtprzt671w352auhqgq43q4y
2026-09-06T12:26:39+00:00	dgx-spark-04	True	0	cmtpeql4y1etk2auhbk9668ry
2026-09-06T12:26:39+00:00	dgx-spark-02	True	0	cmtprzt671w352auhqgq43q4y
2026-09-06T12:26:41+00:00	ERROR	[Errno 54] Connection reset by peer
2026-09-06T12:26:43+00:00	dgx-spark-04	True	0	cmtpeql4y1etk2auhbk9668ry
2026-09-06T12:26:43+00:00	dgx-spark-02	True	0	cmtprzt671w352auhqgq43q4y
2026-09-06T12:26:45+00:00	dgx-spark-04	True	0	cmtpeql4y1etk2auhbk9668ry
2026-09-06T12:26:45+00:00	dgx-spark-02	True	0	cmtprzt671w352auhqgq43q4y
2026-09-06T12:26:47+00:00	dgx-spark-04	True	0	cmtpeql4y1etk2auhbk9668ry
2026-09-06T12:26:47+00:00	dgx-spark-02	True	0	cmtprzt671w352auhqgq43q4y
2026-09-06T12:26:50+00:00	dgx-spark-04	True	0	cmtpeql4y1etk2auhbk9668ry
2026-09-06T12:26:50+00:00	dgx-spark-02	True	0	cmtprzt671w352auhqgq43q4y
2026-09-06T12:26:52+00:00	dgx-spark-04	True	0	cmtpeql4y1etk2auhbk9668ry
2026-09-06T12:26:52+00:00	dgx-spark-02	True	0	cmtprzt671w352auhqgq43q4y
2026-09-06T12:26:54+00:00	dgx-spark-04	True	0	cmtpeql4y1etk2auhbk9668ry
2026-09-06T12:26:54+00:00	dgx-spark-02	True	0	cmtprzt671w352auhqgq43q4y
2026-09-06T12:26:56+00:00	dgx-spark-04	True	0	cmtpeql4y1etk2auhbk9668ry
2026-09-06T12:26:56+00:00	dgx-spark-02	True	0	cmtprzt671w352auhqgq43q4y
2026-09-06T12:26:58+00:00	dgx-spark-04	True	0	cmtpeql4y1etk2auhbk9668ry
2026-09-06T12:26:58+00:00	dgx-spark-02	True	0	cmtprzt671w352auhqgq43q4y
2026-09-06T12:27:00+00:00	dgx-spark-04	True	0	cmtpeql4y1etk2auhbk9668ry
2026-09-06T12:27:00+00:00	dgx-spark-02	True	0	cmtprzt671w352auhqgq43q4y
2026-09-06T12:27:02+00:00	dgx-spark-04	True	0	cmtpeql4y1etk2auhbk9668ry
2026-09-06T12:27:02+00:00	dgx-spark-02	True	0	cmtprzt671w352auhqgq43q4y
2026-09-06T12:27:04+00:00	dgx-spark-04	True	0	cmtpeql4y1etk2auhbk9668ry
2026-09-06T12:27:04+00:00	dgx-spark-02	True	0	cmtprzt671w352auhqgq43q4y
2026-09-06T12:27:06+00:00	dgx-spark-04	True	0	cmtpeql4y1etk2auhbk9668ry
2026-09-06T12:27:06+00:00	dgx-spark-02	True	0	cmtprzt671w352auhqgq43q4y
2026-09-06T12:27:08+00:00	dgx-spark-04	True	0	cmtpeql4y1etk2auhbk9668ry
2026-09-06T12:27:08+00:00	dgx-spark-02	True	0	cmtprzt671w352auhqgq43q4y
2026-09-06T12:27:10+00:00	dgx-spark-04	True	0	cmtpeql4y1etk2auhbk9668ry
2026-09-06T12:27:10+00:00	dgx-spark-02	True	0	cmtprzt671w352auhqgq43q4y
2026-09-06T12:27:13+00:00	dgx-spark-04	True	0	cmtpeql4y1etk2auhbk9668ry
2026-09-06T12:27:13+00:00	dgx-spark-02	True	0	cmtprzt671w352auhqgq43q4y
2026-09-06T12:27:15+00:00	dgx-spark-04	True	0	cmtpeql4y1etk2auhbk9668ry
2026-09-06T12:27:15+00:00	dgx-spark-02	True	0	cmtprzt671w352auhqgq43q4y
2026-09-06T12:27:17+00:00	dgx-spark-04	True	0	cmtpeql4y1etk2auhbk9668ry
2026-09-06T12:27:17+00:00	dgx-spark-02	True	0	cmtprzt671w352auhqgq43q4y
2026-09-06T12:27:19+00:00	dgx-spark-04	True	0	cmtpeql4y1etk2auhbk9668ry
2026-09-06T12:27:19+00:00	dgx-spark-02	True	0	cmtprzt671w352auhqgq43q4y
2026-09-06T12:27:21+00:00	dgx-spark-04	True	0	cmtpeql4y1etk2auhbk9668ry
2026-09-06T12:27:21+00:00	dgx-spark-02	True	0	cmtprzt671w352auhqgq43q4y
2026-09-06T12:27:23+00:00	dgx-spark-04	True	0	cmtpeql4y1etk2auhbk9668ry
2026-09-06T12:27:23+00:00	dgx-spark-02	True	0	cmtprzt671w352auhqgq43q4y
2026-09-06T12:27:25+00:00	dgx-spark-04	True	0	cmtpeql4y1etk2auhbk9668ry
2026-09-06T12:27:25+00:00	dgx-spark-02	True	0	cmtprzt671w352auhqgq43q4y
2026-09-06T12:27:27+00:00	dgx-spark-04	True	0	cmtpeql4y1etk2auhbk9668ry
2026-09-06T12:27:27+00:00	dgx-spark-02	True	0	cmtprzt671w352auhqgq43q4y
2026-09-06T12:27:29+00:00	dgx-spark-04	True	0	cmtpeql4y1etk2auhbk9668ry
2026-09-06T12:27:29+00:00	dgx-spark-02	True	0	cmtprzt671w352auhqgq43q4y
2026-09-06T12:27:31+00:00	dgx-spark-04	True	0	cmtpeql4y1etk2auhbk9668ry
2026-09-06T12:27:31+00:00	dgx-spark-02	True	0	cmtprzt671w352auhqgq43q4y
2026-09-06T12:27:34+00:00	dgx-spark-04	True	0	cmtpeql4y1etk2auhbk9668ry
2026-09-06T12:27:34+00:00	dgx-spark-02	True	0	cmtprzt671w352auhqgq43q4y
2026-09-06T12:27:36+00:00	dgx-spark-04	True	0	cmtpeql4y1etk2auhbk9668ry
2026-09-06T12:27:36+00:00	dgx-spark-02	True	0	cmtprzt671w352auhqgq43q4y
2026-09-06T12:27:38+00:00	dgx-spark-04	True	0	cmtpeql4y1etk2auhbk9668ry
2026-09-06T12:27:38+00:00	dgx-spark-02	True	0	cmtprzt671w352auhqgq43q4y
2026-09-06T12:27:40+00:00	dgx-spark-04	True	0	cmtpeql4y1etk2auhbk9668ry
2026-09-06T12:27:40+00:00	dgx-spark-02	True	0	cmtprzt671w352auhqgq43q4y
2026-09-06T12:27:42+00:00	dgx-spark-04	True	0	cmtpeql4y1etk2auhbk9668ry
2026-09-06T12:27:42+00:00	dgx-spark-02	True	0	cmtprzt671w352auhqgq43q4y
2026-09-06T12:27:44+00:00	dgx-spark-04	True	0	cmtpeql4y1etk2auhbk9668ry
2026-09-06T12:27:44+00:00	dgx-spark-02	True	0	cmtprzt671w352auhqgq43q4y
2026-09-06T12:27:46+00:00	dgx-spark-04	True	0	cmtpeql4y1etk2auhbk9668ry
2026-09-06T12:27:46+00:00	dgx-spark-02	True	0	cmtprzt671w352auhqgq43q4y
2026-09-06T12:27:48+00:00	dgx-spark-04	True	0	cmtpeql4y1etk2auhbk9668ry
2026-09-06T12:27:48+00:00	dgx-spark-02	True	0	cmtprzt671w352auhqgq43q4y
2026-09-06T12:27:50+00:00	dgx-spark-04	True	0	cmtpeql4y1etk2auhbk9668ry
2026-09-06T12:27:50+00:00	dgx-spark-02	True	0	cmtprzt671w352auhqgq43q4y
2026-09-06T12:27:52+00:00	dgx-spark-04	True	0	cmtpeql4y1etk2auhbk9668ry
2026-09-06T12:27:52+00:00	dgx-spark-02	True	0	cmtprzt671w352auhqgq43q4y
2026-09-06T12:27:55+00:00	dgx-spark-04	True	0	cmtpeql4y1etk2auhbk9668ry
2026-09-06T12:27:55+00:00	dgx-spark-02	True	0	cmtprzt671w352auhqgq43q4y
2026-09-06T12:27:57+00:00	dgx-spark-04	True	0	cmtpeql4y1etk2auhbk9668ry
2026-09-06T12:27:57+00:00	dgx-spark-02	True	0	cmtprzt671w352auhqgq43q4y
2026-09-06T12:27:59+00:00	dgx-spark-04	True	0	cmtpeql4y1etk2auhbk9668ry
2026-09-06T12:27:59+00:00	dgx-spark-02	True	0	cmtprzt671w352auhqgq43q4y
2026-09-06T12:28:01+00:00	dgx-spark-04	True	0	cmtpeql4y1etk2auhbk9668ry
2026-09-06T12:28:01+00:00	dgx-spark-02	True	0	cmtprzt671w352auhqgq43q4y
2026-09-06T12:28:03+00:00	dgx-spark-04	True	0	cmtpeql4y1etk2auhbk9668ry
2026-09-06T12:28:03+00:00	dgx-spark-02	True	0	cmtprzt671w352auhqgq43q4y
2026-09-06T12:28:05+00:00	dgx-spark-04	True	0	cmtpeql4y1etk2auhbk9668ry
2026-09-06T12:28:05+00:00	dgx-spark-02	True	0	cmtprzt671w352auhqgq43q4y
2026-09-06T12:28:07+00:00	dgx-spark-04	True	0	cmtpeql4y1etk2auhbk9668ry
2026-09-06T12:28:07+00:00	dgx-spark-02	True	0	cmtprzt671w352auhqgq43q4y
2026-09-06T12:28:09+00:00	dgx-spark-04	True	0	cmtpeql4y1etk2auhbk9668ry
2026-09-06T12:28:09+00:00	dgx-spark-02	True	0	cmtprzt671w352auhqgq43q4y
2026-09-06T12:28:11+00:00	dgx-spark-04	True	0	cmtpeql4y1etk2auhbk9668ry
2026-09-06T12:28:11+00:00	dgx-spark-02	True	0	cmtprzt671w352auhqgq43q4y
2026-09-06T12:28:13+00:00	dgx-spark-04	True	0	cmtpeql4y1etk2auhbk9668ry
2026-09-06T12:28:13+00:00	dgx-spark-02	True	0	cmtprzt671w352auhqgq43q4y
2026-09-06T12:28:15+00:00	dgx-spark-04	True	0	cmtpeql4y1etk2auhbk9668ry
2026-09-06T12:28:15+00:00	dgx-spark-02	True	0	cmtprzt671w352auhqgq43q4y
2026-09-06T12:28:18+00:00	dgx-spark-04	True	0	cmtpeql4y1etk2auhbk9668ry
2026-09-06T12:28:18+00:00	dgx-spark-02	True	0	cmtprzt671w352auhqgq43q4y
2026-09-06T12:28:20+00:00	dgx-spark-04	True	0	cmtpeql4y1etk2auhbk9668ry
2026-09-06T12:28:20+00:00	dgx-spark-02	True	0	cmtprzt671w352auhqgq43q4y
2026-09-06T12:28:22+00:00	dgx-spark-04	True	0	cmtpeql4y1etk2auhbk9668ry
2026-09-06T12:28:22+00:00	dgx-spark-02	True	0	cmtprzt671w352auhqgq43q4y
2026-09-06T12:28:24+00:00	dgx-spark-04	True	0	cmtpeql4y1etk2auhbk9668ry
2026-09-06T12:28:24+00:00	dgx-spark-02	True	0	cmtprzt671w352auhqgq43q4y
2026-09-06T12:28:26+00:00	dgx-spark-04	True	0	cmtpeql4y1etk2auhbk9668ry
2026-09-06T12:28:26+00:00	dgx-spark-02	True	0	cmtprzt671w352auhqgq43q4y
2026-09-06T12:28:28+00:00	dgx-spark-04	True	0	cmtpeql4y1etk2auhbk9668ry
2026-09-06T12:28:28+00:00	dgx-spark-02	True	0	cmtprzt671w352auhqgq43q4y
2026-09-06T12:28:30+00:00	dgx-spark-04	True	0	cmtpeql4y1etk2auhbk9668ry
2026-09-06T12:28:30+00:00	dgx-spark-02	True	0	cmtprzt671w352auhqgq43q4y
2026-09-06T12:28:32+00:00	dgx-spark-04	True	0	cmtpeql4y1etk2auhbk9668ry
2026-09-06T12:28:32+00:00	dgx-spark-02	True	0	cmtprzt671w352auhqgq43q4y
2026-09-06T12:28:34+00:00	dgx-spark-04	True	0	cmtpeql4y1etk2auhbk9668ry
2026-09-06T12:28:34+00:00	dgx-spark-02	True	0	cmtprzt671w352auhqgq43q4y
2026-09-06T12:28:36+00:00	dgx-spark-04	True	0	cmtpeql4y1etk2auhbk9668ry
2026-09-06T12:28:36+00:00	dgx-spark-02	True	0	cmtprzt671w352auhqgq43q4y
2026-09-06T12:28:39+00:00	dgx-spark-04	True	0	cmtpeql4y1etk2auhbk9668ry
2026-09-06T12:28:39+00:00	dgx-spark-02	True	0	cmtprzt671w352auhqgq43q4y
2026-09-06T12:28:41+00:00	dgx-spark-04	True	0	cmtpeql4y1etk2auhbk9668ry
2026-09-06T12:28:41+00:00	dgx-spark-02	True	0	cmtprzt671w352auhqgq43q4y
2026-09-06T12:28:43+00:00	dgx-spark-04	True	0	cmtpeql4y1etk2auhbk9668ry
2026-09-06T12:28:43+00:00	dgx-spark-02	True	0	cmtprzt671w352auhqgq43q4y
2026-09-06T12:28:45+00:00	dgx-spark-04	True	0	cmtpeql4y1etk2auhbk9668ry
2026-09-06T12:28:45+00:00	dgx-spark-02	True	0	cmtprzt671w352auhqgq43q4y
2026-09-06T12:28:47+00:00	dgx-spark-04	True	0	cmtpeql4y1etk2auhbk9668ry
2026-09-06T12:28:47+00:00	dgx-spark-02	True	0	cmtprzt671w352auhqgq43q4y
2026-09-06T12:28:49+00:00	dgx-spark-04	True	0	cmtpeql4y1etk2auhbk9668ry
2026-09-06T12:28:49+00:00	dgx-spark-02	True	0	cmtprzt671w352auhqgq43q4y
2026-09-06T12:28:51+00:00	dgx-spark-04	True	0	cmtpeql4y1etk2auhbk9668ry
2026-09-06T12:28:51+00:00	dgx-spark-02	True	0	cmtprzt671w352auhqgq43q4y
2026-09-06T12:28:53+00:00	dgx-spark-04	True	0	cmtpeql4y1etk2auhbk9668ry
2026-09-06T12:28:53+00:00	dgx-spark-02	True	0	cmtprzt671w352auhqgq43q4y
2026-09-06T12:28:55+00:00	dgx-spark-04	True	0	cmtpeql4y1etk2auhbk9668ry
2026-09-06T12:28:55+00:00	dgx-spark-02	True	0	cmtprzt671w352auhqgq43q4y
2026-09-06T12:28:57+00:00	dgx-spark-04	True	0	cmtpeql4y1etk2auhbk9668ry
2026-09-06T12:28:57+00:00	dgx-spark-02	True	0	cmtprzt671w352auhqgq43q4y
2026-09-06T12:29:00+00:00	dgx-spark-04	True	0	cmtpeql4y1etk2auhbk9668ry
2026-09-06T12:29:00+00:00	dgx-spark-02	True	0	cmtprzt671w352auhqgq43q4y
2026-09-06T12:29:02+00:00	dgx-spark-04	True	0	cmtpeql4y1etk2auhbk9668ry
2026-09-06T12:29:02+00:00	dgx-spark-02	True	0	cmtprzt671w352auhqgq43q4y
2026-09-06T12:29:04+00:00	dgx-spark-04	True	0	cmtpeql4y1etk2auhbk9668ry
2026-09-06T12:29:04+00:00	dgx-spark-02	True	0	cmtprzt671w352auhqgq43q4y
2026-09-06T12:29:06+00:00	dgx-spark-04	True	0	cmtpeql4y1etk2auhbk9668ry
2026-09-06T12:29:06+00:00	dgx-spark-02	True	0	cmtprzt671w352auhqgq43q4y
2026-09-06T12:29:08+00:00	dgx-spark-04	True	0	cmtpeql4y1etk2auhbk9668ry
2026-09-06T12:29:08+00:00	dgx-spark-02	True	0	cmtprzt671w352auhqgq43q4y
2026-09-06T12:29:10+00:00	dgx-spark-04	True	0	cmtpeql4y1etk2auhbk9668ry
2026-09-06T12:29:10+00:00	dgx-spark-02	True	0	cmtprzt671w352auhqgq43q4y
2026-09-06T12:29:12+00:00	dgx-spark-04	True	0	cmtpeql4y1etk2auhbk9668ry
2026-09-06T12:29:12+00:00	dgx-spark-02	True	0	cmtprzt671w352auhqgq43q4y
2026-09-06T12:29:14+00:00	dgx-spark-04	True	0	cmtpeql4y1etk2auhbk9668ry
2026-09-06T12:29:14+00:00	dgx-spark-02	True	0	cmtprzt671w352auhqgq43q4y
2026-09-06T12:29:16+00:00	dgx-spark-04	True	0	cmtpeql4y1etk2auhbk9668ry
2026-09-06T12:29:16+00:00	dgx-spark-02	True	0	cmtprzt671w352auhqgq43q4y
2026-09-06T12:29:18+00:00	dgx-spark-04	True	0	cmtpeql4y1etk2auhbk9668ry
2026-09-06T12:29:18+00:00	dgx-spark-02	True	0	cmtprzt671w352auhqgq43q4y
2026-09-06T12:29:20+00:00	dgx-spark-04	True	0	cmtpeql4y1etk2auhbk9668ry
2026-09-06T12:29:20+00:00	dgx-spark-02	True	0	cmtprzt671w352auhqgq43q4y
2026-09-06T12:29:23+00:00	dgx-spark-04	True	0	cmtpeql4y1etk2auhbk9668ry
2026-09-06T12:29:23+00:00	dgx-spark-02	True	0	cmtprzt671w352auhqgq43q4y
2026-09-06T12:29:25+00:00	dgx-spark-04	True	0	cmtpeql4y1etk2auhbk9668ry
2026-09-06T12:29:25+00:00	dgx-spark-02	True	0	cmtprzt671w352auhqgq43q4y
2026-09-06T12:29:27+00:00	dgx-spark-04	True	0	cmtpeql4y1etk2auhbk9668ry
2026-09-06T12:29:27+00:00	dgx-spark-02	True	0	cmtprzt671w352auhqgq43q4y
2026-09-06T12:29:29+00:00	dgx-spark-04	True	0	cmtpeql4y1etk2auhbk9668ry
2026-09-06T12:29:29+00:00	dgx-spark-02	True	0	cmtprzt671w352auhqgq43q4y
2026-09-06T12:29:31+00:00	dgx-spark-04	True	0	cmtpeql4y1etk2auhbk9668ry
2026-09-06T12:29:31+00:00	dgx-spark-02	True	0	cmtprzt671w352auhqgq43q4y
2026-09-06T12:29:33+00:00	dgx-spark-04	True	0	cmtpeql4y1etk2auhbk9668ry
2026-09-06T12:29:33+00:00	dgx-spark-02	True	0	cmtprzt671w352auhqgq43q4y
2026-09-06T12:29:35+00:00	dgx-spark-04	True	0	cmtpeql4y1etk2auhbk9668ry
2026-09-06T12:29:35+00:00	dgx-spark-02	True	0	cmtprzt671w352auhqgq43q4y
2026-09-06T12:29:37+00:00	dgx-spark-04	True	0	cmtpeql4y1etk2auhbk9668ry
2026-09-06T12:29:37+00:00	dgx-spark-02	True	0	cmtprzt671w352auhqgq43q4y
2026-09-06T12:29:39+00:00	dgx-spark-04	True	0	cmtpeql4y1etk2auhbk9668ry
2026-09-06T12:29:39+00:00	dgx-spark-02	True	0	cmtprzt671w352auhqgq43q4y
2026-09-06T12:29:41+00:00	dgx-spark-04	True	0	cmtpeql4y1etk2auhbk9668ry
2026-09-06T12:29:41+00:00	dgx-spark-02	True	0	cmtprzt671w352auhqgq43q4y
2026-09-06T12:29:44+00:00	dgx-spark-04	True	0	cmtpeql4y1etk2auhbk9668ry
2026-09-06T12:29:44+00:00	dgx-spark-02	True	0	cmtprzt671w352auhqgq43q4y
2026-09-06T12:29:46+00:00	dgx-spark-04	True	0	cmtpeql4y1etk2auhbk9668ry
2026-09-06T12:29:46+00:00	dgx-spark-02	True	0	cmtprzt671w352auhqgq43q4y
2026-09-06T12:29:48+00:00	dgx-spark-04	True	0	cmtpeql4y1etk2auhbk9668ry
2026-09-06T12:29:48+00:00	dgx-spark-02	True	0	cmtprzt671w352auhqgq43q4y
2026-09-06T12:29:50+00:00	dgx-spark-04	True	0	cmtpeql4y1etk2auhbk9668ry
2026-09-06T12:29:50+00:00	dgx-spark-02	True	0	cmtprzt671w352auhqgq43q4y
2026-09-06T12:29:52+00:00	dgx-spark-04	True	0	cmtpeql4y1etk2auhbk9668ry
2026-09-06T12:29:52+00:00	dgx-spark-02	True	0	cmtprzt671w352auhqgq43q4y
2026-09-06T12:29:54+00:00	dgx-spark-04	True	0	cmtpeql4y1etk2auhbk9668ry
2026-09-06T12:29:54+00:00	dgx-spark-02	True	0	cmtprzt671w352auhqgq43q4y
2026-09-06T12:29:56+00:00	dgx-spark-04	True	0	cmtpeql4y1etk2auhbk9668ry
2026-09-06T12:29:56+00:00	dgx-spark-02	True	0	cmtprzt671w352auhqgq43q4y
2026-09-06T12:29:58+00:00	dgx-spark-04	True	0	cmtpeql4y1etk2auhbk9668ry
2026-09-06T12:29:58+00:00	dgx-spark-02	True	0	cmtprzt671w352auhqgq43q4y
2026-09-06T12:30:00+00:00	dgx-spark-04	True	0	cmtpeql4y1etk2auhbk9668ry
2026-09-06T12:30:00+00:00	dgx-spark-02	True	0	cmtprzt671w352auhqgq43q4y
2026-09-06T12:30:02+00:00	dgx-spark-04	True	0	cmtpeql4y1etk2auhbk9668ry
2026-09-06T12:30:02+00:00	dgx-spark-02	True	0	cmtprzt671w352auhqgq43q4y
2026-09-06T12:30:05+00:00	dgx-spark-04	True	0	cmtpeql4y1etk2auhbk9668ry
2026-09-06T12:30:05+00:00	dgx-spark-02	True	0	cmtprzt671w352auhqgq43q4y
2026-09-06T12:30:07+00:00	dgx-spark-04	True	0	cmtpeql4y1etk2auhbk9668ry
2026-09-06T12:30:07+00:00	dgx-spark-02	True	0	cmtprzt671w352auhqgq43q4y
2026-09-06T12:30:09+00:00	dgx-spark-04	True	0	cmtpeql4y1etk2auhbk9668ry
2026-09-06T12:30:09+00:00	dgx-spark-02	True	0	cmtprzt671w352auhqgq43q4y
2026-09-06T12:30:11+00:00	dgx-spark-04	True	0	cmtpeql4y1etk2auhbk9668ry
2026-09-06T12:30:11+00:00	dgx-spark-02	True	0	cmtprzt671w352auhqgq43q4y
2026-09-06T12:30:13+00:00	dgx-spark-04	True	0	cmtpeql4y1etk2auhbk9668ry
2026-09-06T12:30:13+00:00	dgx-spark-02	True	0	cmtprzt671w352auhqgq43q4y
2026-09-06T12:30:15+00:00	dgx-spark-04	True	0	cmtpeql4y1etk2auhbk9668ry
2026-09-06T12:30:15+00:00	dgx-spark-02	True	0	cmtprzt671w352auhqgq43q4y
2026-09-06T12:30:17+00:00	dgx-spark-04	True	0	cmtpeql4y1etk2auhbk9668ry
2026-09-06T12:30:17+00:00	dgx-spark-02	True	0	cmtprzt671w352auhqgq43q4y
2026-09-06T12:30:19+00:00	dgx-spark-04	True	0	cmtpeql4y1etk2auhbk9668ry
2026-09-06T12:30:19+00:00	dgx-spark-02	True	0	cmtprzt671w352auhqgq43q4y
2026-09-06T12:30:21+00:00	dgx-spark-04	True	0	cmtpeql4y1etk2auhbk9668ry
2026-09-06T12:30:21+00:00	dgx-spark-02	True	0	cmtprzt671w352auhqgq43q4y
2026-09-06T12:30:23+00:00	dgx-spark-04	True	0	cmtpeql4y1etk2auhbk9668ry
2026-09-06T12:30:23+00:00	dgx-spark-02	True	0	cmtprzt671w352auhqgq43q4y
2026-09-06T12:30:26+00:00	dgx-spark-04	True	0	cmtpeql4y1etk2auhbk9668ry
2026-09-06T12:30:26+00:00	dgx-spark-02	True	0	cmtprzt671w352auhqgq43q4y
2026-09-06T12:30:28+00:00	dgx-spark-04	True	0	cmtpeql4y1etk2auhbk9668ry
2026-09-06T12:30:28+00:00	dgx-spark-02	True	0	cmtprzt671w352auhqgq43q4y
2026-09-06T12:30:30+00:00	dgx-spark-04	True	0	cmtpeql4y1etk2auhbk9668ry
2026-09-06T12:30:30+00:00	dgx-spark-02	True	0	cmtprzt671w352auhqgq43q4y
2026-09-06T12:30:32+00:00	dgx-spark-04	True	0	cmtpeql4y1etk2auhbk9668ry
2026-09-06T12:30:32+00:00	dgx-spark-02	True	0	cmtprzt671w352auhqgq43q4y
2026-09-06T12:30:34+00:00	dgx-spark-04	True	0	cmtpeql4y1etk2auhbk9668ry
2026-09-06T12:30:34+00:00	dgx-spark-02	True	0	cmtprzt671w352auhqgq43q4y
2026-09-06T12:30:36+00:00	dgx-spark-04	True	0	cmtpeql4y1etk2auhbk9668ry
2026-09-06T12:30:36+00:00	dgx-spark-02	True	0	cmtprzt671w352auhqgq43q4y
2026-09-06T12:30:38+00:00	dgx-spark-04	True	0	cmtpeql4y1etk2auhbk9668ry
2026-09-06T12:30:38+00:00	dgx-spark-02	True	0	cmtprzt671w352auhqgq43q4y
2026-09-06T12:30:40+00:00	dgx-spark-04	True	0	cmtpeql4y1etk2auhbk9668ry
2026-09-06T12:30:40+00:00	dgx-spark-02	True	0	cmtprzt671w352auhqgq43q4y
2026-09-06T12:30:42+00:00	dgx-spark-04	True	0	cmtpeql4y1etk2auhbk9668ry
2026-09-06T12:30:42+00:00	dgx-spark-02	True	0	cmtprzt671w352auhqgq43q4y
2026-09-06T12:30:44+00:00	dgx-spark-04	True	0	cmtpeql4y1etk2auhbk9668ry
2026-09-06T12:30:44+00:00	dgx-spark-02	True	0	cmtprzt671w352auhqgq43q4y
2026-09-06T12:30:46+00:00	dgx-spark-04	True	0	cmtpeql4y1etk2auhbk9668ry
2026-09-06T12:30:46+00:00	dgx-spark-02	True	0	cmtprzt671w352auhqgq43q4y
2026-09-06T12:30:49+00:00	dgx-spark-04	True	0	cmtpeql4y1etk2auhbk9668ry
2026-09-06T12:30:49+00:00	dgx-spark-02	True	0	cmtprzt671w352auhqgq43q4y
2026-09-06T12:30:51+00:00	dgx-spark-04	True	0	cmtpeql4y1etk2auhbk9668ry
2026-09-06T12:30:51+00:00	dgx-spark-02	True	0	cmtprzt671w352auhqgq43q4y
2026-09-06T12:30:53+00:00	dgx-spark-04	True	0	cmtpeql4y1etk2auhbk9668ry
2026-09-06T12:30:53+00:00	dgx-spark-02	True	0	cmtprzt671w352auhqgq43q4y
2026-09-06T12:30:55+00:00	dgx-spark-04	True	0	cmtpeql4y1etk2auhbk9668ry
2026-09-06T12:30:55+00:00	dgx-spark-02	True	0	cmtprzt671w352auhqgq43q4y
2026-09-06T12:30:57+00:00	dgx-spark-04	True	0	cmtpeql4y1etk2auhbk9668ry
2026-09-06T12:30:57+00:00	dgx-spark-02	True	0	cmtprzt671w352auhqgq43q4y
2026-09-06T12:30:59+00:00	dgx-spark-04	True	0	cmtpeql4y1etk2auhbk9668ry
2026-09-06T12:30:59+00:00	dgx-spark-02	True	0	cmtprzt671w352auhqgq43q4y
2026-09-06T12:31:01+00:00	dgx-spark-04	True	0	cmtpeql4y1etk2auhbk9668ry
2026-09-06T12:31:01+00:00	dgx-spark-02	True	0	cmtprzt671w352auhqgq43q4y
2026-09-06T12:31:03+00:00	dgx-spark-04	True	0	cmtpeql4y1etk2auhbk9668ry
2026-09-06T12:31:03+00:00	dgx-spark-02	True	0	cmtprzt671w352auhqgq43q4y
2026-09-06T12:31:05+00:00	dgx-spark-04	True	0	cmtpeql4y1etk2auhbk9668ry
2026-09-06T12:31:05+00:00	dgx-spark-02	True	0	cmtprzt671w352auhqgq43q4y
2026-09-06T12:31:07+00:00	dgx-spark-04	True	0	cmtpeql4y1etk2auhbk9668ry
2026-09-06T12:31:07+00:00	dgx-spark-02	True	0	cmtprzt671w352auhqgq43q4y
2026-09-06T12:31:10+00:00	dgx-spark-04	True	0	cmtpeql4y1etk2auhbk9668ry
2026-09-06T12:31:10+00:00	dgx-spark-02	True	0	cmtprzt671w352auhqgq43q4y
2026-09-06T12:31:12+00:00	dgx-spark-04	True	0	cmtpeql4y1etk2auhbk9668ry
2026-09-06T12:31:12+00:00	dgx-spark-02	True	0	cmtprzt671w352auhqgq43q4y
2026-09-06T12:31:14+00:00	dgx-spark-04	True	0	cmtpeql4y1etk2auhbk9668ry
2026-09-06T12:31:14+00:00	dgx-spark-02	True	0	cmtprzt671w352auhqgq43q4y
2026-09-06T12:31:16+00:00	dgx-spark-04	True	0	cmtpeql4y1etk2auhbk9668ry
2026-09-06T12:31:16+00:00	dgx-spark-02	True	0	cmtprzt671w352auhqgq43q4y
2026-09-06T12:31:18+00:00	dgx-spark-04	True	0	cmtpeql4y1etk2auhbk9668ry
2026-09-06T12:31:18+00:00	dgx-spark-02	True	0	cmtprzt671w352auhqgq43q4y
2026-09-06T12:31:20+00:00	dgx-spark-04	True	0	cmtpeql4y1etk2auhbk9668ry
2026-09-06T12:31:20+00:00	dgx-spark-02	True	0	cmtprzt671w352auhqgq43q4y
2026-09-06T12:31:22+00:00	dgx-spark-04	True	0	cmtpeql4y1etk2auhbk9668ry
2026-09-06T12:31:22+00:00	dgx-spark-02	True	0	cmtprzt671w352auhqgq43q4y
2026-09-06T12:31:24+00:00	dgx-spark-04	True	0	cmtpeql4y1etk2auhbk9668ry
2026-09-06T12:31:24+00:00	dgx-spark-02	True	0	cmtprzt671w352auhqgq43q4y
2026-09-06T12:31:26+00:00	dgx-spark-04	True	0	cmtpeql4y1etk2auhbk9668ry
2026-09-06T12:31:26+00:00	dgx-spark-02	True	0	cmtprzt671w352auhqgq43q4y
2026-09-06T12:31:28+00:00	dgx-spark-04	True	0	cmtpeql4y1etk2auhbk9668ry
2026-09-06T12:31:28+00:00	dgx-spark-02	True	0	cmtprzt671w352auhqgq43q4y
2026-09-06T12:31:31+00:00	dgx-spark-04	True	0	cmtpeql4y1etk2auhbk9668ry
2026-09-06T12:31:31+00:00	dgx-spark-02	True	0	cmtprzt671w352auhqgq43q4y
2026-09-06T12:31:33+00:00	dgx-spark-04	True	0	cmtpeql4y1etk2auhbk9668ry
2026-09-06T12:31:33+00:00	dgx-spark-02	True	0	cmtprzt671w352auhqgq43q4y
2026-09-06T12:31:35+00:00	dgx-spark-04	True	0	cmtpeql4y1etk2auhbk9668ry
2026-09-06T12:31:35+00:00	dgx-spark-02	True	0	cmtprzt671w352auhqgq43q4y
2026-09-06T12:31:37+00:00	dgx-spark-04	True	0	cmtpeql4y1etk2auhbk9668ry
2026-09-06T12:31:37+00:00	dgx-spark-02	True	0	cmtprzt671w352auhqgq43q4y
2026-09-06T12:31:39+00:00	dgx-spark-04	True	0	cmtpeql4y1etk2auhbk9668ry
2026-09-06T12:31:39+00:00	dgx-spark-02	True	0	cmtprzt671w352auhqgq43q4y
2026-09-06T12:31:41+00:00	dgx-spark-04	True	0	cmtpeql4y1etk2auhbk9668ry
2026-09-06T12:31:41+00:00	dgx-spark-02	True	0	cmtprzt671w352auhqgq43q4y
2026-09-06T12:31:41+00:00	dgx-spark-03	True	0	cmtpsaud71whj2auh0k27ynki
2026-09-06T12:31:43+00:00	dgx-spark-04	True	0	cmtpeql4y1etk2auhbk9668ry
2026-09-06T12:31:43+00:00	dgx-spark-02	True	0	cmtprzt671w352auhqgq43q4y
2026-09-06T12:31:43+00:00	dgx-spark-03	True	0	cmtpsaud71whj2auh0k27ynki
2026-09-06T12:31:45+00:00	dgx-spark-04	True	0	cmtpeql4y1etk2auhbk9668ry
2026-09-06T12:31:45+00:00	dgx-spark-02	True	0	cmtprzt671w352auhqgq43q4y
2026-09-06T12:31:45+00:00	dgx-spark-03	True	0	cmtpsaud71whj2auh0k27ynki
2026-09-06T12:31:47+00:00	dgx-spark-04	True	0	cmtpeql4y1etk2auhbk9668ry
2026-09-06T12:31:47+00:00	dgx-spark-02	True	0	cmtprzt671w352auhqgq43q4y
2026-09-06T12:31:47+00:00	dgx-spark-03	True	0	cmtpsaud71whj2auh0k27ynki
2026-09-06T12:31:49+00:00	dgx-spark-04	True	0	cmtpeql4y1etk2auhbk9668ry
2026-09-06T12:31:49+00:00	dgx-spark-02	True	0	cmtprzt671w352auhqgq43q4y
2026-09-06T12:31:49+00:00	dgx-spark-03	True	0	cmtpsaud71whj2auh0k27ynki
2026-09-06T12:31:51+00:00	dgx-spark-04	True	0	cmtpeql4y1etk2auhbk9668ry
2026-09-06T12:31:51+00:00	dgx-spark-02	True	0	cmtprzt671w352auhqgq43q4y
2026-09-06T12:31:51+00:00	dgx-spark-03	True	0	cmtpsaud71whj2auh0k27ynki
2026-09-06T12:31:54+00:00	dgx-spark-04	True	0	cmtpeql4y1etk2auhbk9668ry
2026-09-06T12:31:54+00:00	dgx-spark-02	True	0	cmtprzt671w352auhqgq43q4y
2026-09-06T12:31:54+00:00	dgx-spark-03	True	0	cmtpsaud71whj2auh0k27ynki
2026-09-06T12:31:56+00:00	dgx-spark-04	True	0	cmtpeql4y1etk2auhbk9668ry
2026-09-06T12:31:56+00:00	dgx-spark-02	True	0	cmtprzt671w352auhqgq43q4y
2026-09-06T12:31:56+00:00	dgx-spark-03	True	0	cmtpsaud71whj2auh0k27ynki
2026-09-06T12:31:58+00:00	dgx-spark-04	True	0	cmtpeql4y1etk2auhbk9668ry
2026-09-06T12:31:58+00:00	dgx-spark-02	True	0	cmtprzt671w352auhqgq43q4y
2026-09-06T12:31:58+00:00	dgx-spark-03	True	0	cmtpsaud71whj2auh0k27ynki
2026-09-06T12:32:00+00:00	dgx-spark-04	True	0	cmtpeql4y1etk2auhbk9668ry
2026-09-06T12:32:00+00:00	dgx-spark-02	True	0	cmtprzt671w352auhqgq43q4y
2026-09-06T12:32:00+00:00	dgx-spark-03	True	0	cmtpsaud71whj2auh0k27ynki
2026-09-06T12:32:02+00:00	dgx-spark-04	True	0	cmtpeql4y1etk2auhbk9668ry
2026-09-06T12:32:02+00:00	dgx-spark-02	True	0	cmtprzt671w352auhqgq43q4y
2026-09-06T12:32:02+00:00	dgx-spark-03	True	0	cmtpsaud71whj2auh0k27ynki
2026-09-06T12:32:04+00:00	dgx-spark-04	True	0	cmtpeql4y1etk2auhbk9668ry
2026-09-06T12:32:04+00:00	dgx-spark-02	True	0	cmtprzt671w352auhqgq43q4y
2026-09-06T12:32:04+00:00	dgx-spark-03	True	0	cmtpsaud71whj2auh0k27ynki
2026-09-06T12:32:06+00:00	dgx-spark-04	True	0	cmtpeql4y1etk2auhbk9668ry
2026-09-06T12:32:06+00:00	dgx-spark-02	True	0	cmtprzt671w352auhqgq43q4y
2026-09-06T12:32:06+00:00	dgx-spark-03	True	0	cmtpsaud71whj2auh0k27ynki
2026-09-06T12:32:08+00:00	dgx-spark-04	True	0	cmtpeql4y1etk2auhbk9668ry
2026-09-06T12:32:08+00:00	dgx-spark-02	True	0	cmtprzt671w352auhqgq43q4y
2026-09-06T12:32:08+00:00	dgx-spark-03	True	0	cmtpsaud71whj2auh0k27ynki
2026-09-06T12:32:10+00:00	dgx-spark-04	True	0	cmtpeql4y1etk2auhbk9668ry
2026-09-06T12:32:10+00:00	dgx-spark-02	True	0	cmtprzt671w352auhqgq43q4y
2026-09-06T12:32:10+00:00	dgx-spark-03	True	0	cmtpsaud71whj2auh0k27ynki
2026-09-06T12:32:12+00:00	dgx-spark-04	True	0	cmtpeql4y1etk2auhbk9668ry
2026-09-06T12:32:12+00:00	dgx-spark-02	True	0	cmtprzt671w352auhqgq43q4y
2026-09-06T12:32:12+00:00	dgx-spark-03	True	0	cmtpsaud71whj2auh0k27ynki
2026-09-06T12:32:15+00:00	dgx-spark-04	True	0	cmtpeql4y1etk2auhbk9668ry
2026-09-06T12:32:15+00:00	dgx-spark-02	True	0	cmtprzt671w352auhqgq43q4y
2026-09-06T12:32:15+00:00	dgx-spark-03	True	0	cmtpsaud71whj2auh0k27ynki
2026-09-06T12:32:17+00:00	dgx-spark-04	True	0	cmtpeql4y1etk2auhbk9668ry
2026-09-06T12:32:17+00:00	dgx-spark-02	True	0	cmtprzt671w352auhqgq43q4y
2026-09-06T12:32:17+00:00	dgx-spark-03	True	0	cmtpsaud71whj2auh0k27ynki
2026-09-06T12:32:19+00:00	dgx-spark-04	True	0	cmtpeql4y1etk2auhbk9668ry
2026-09-06T12:32:19+00:00	dgx-spark-02	True	0	cmtprzt671w352auhqgq43q4y
2026-09-06T12:32:19+00:00	dgx-spark-03	True	0	cmtpsaud71whj2auh0k27ynki
2026-09-06T12:32:21+00:00	dgx-spark-04	True	0	cmtpeql4y1etk2auhbk9668ry
2026-09-06T12:32:21+00:00	dgx-spark-02	True	0	cmtprzt671w352auhqgq43q4y
2026-09-06T12:32:21+00:00	dgx-spark-03	True	0	cmtpsaud71whj2auh0k27ynki
2026-09-06T12:32:23+00:00	dgx-spark-04	True	0	cmtpeql4y1etk2auhbk9668ry
2026-09-06T12:32:23+00:00	dgx-spark-02	True	0	cmtprzt671w352auhqgq43q4y
2026-09-06T12:32:23+00:00	dgx-spark-03	True	0	cmtpsaud71whj2auh0k27ynki
2026-09-06T12:32:25+00:00	dgx-spark-04	True	1	cmtpeql4y1etk2auhbk9668ry
2026-09-06T12:32:25+00:00	dgx-spark-02	True	1	cmtprzt671w352auhqgq43q4y
2026-09-06T12:32:25+00:00	dgx-spark-03	True	1	cmtpsaud71whj2auh0k27ynki
2026-09-06T12:32:27+00:00	dgx-spark-04	True	1	cmtpeql4y1etk2auhbk9668ry
2026-09-06T12:32:27+00:00	dgx-spark-02	True	1	cmtprzt671w352auhqgq43q4y
2026-09-06T12:32:27+00:00	dgx-spark-03	True	1	cmtpsaud71whj2auh0k27ynki
2026-09-06T12:32:29+00:00	dgx-spark-04	True	1	cmtpeql4y1etk2auhbk9668ry
2026-09-06T12:32:29+00:00	dgx-spark-02	True	1	cmtprzt671w352auhqgq43q4y
2026-09-06T12:32:29+00:00	dgx-spark-03	True	1	cmtpsaud71whj2auh0k27ynki
2026-09-06T12:32:31+00:00	dgx-spark-04	True	1	cmtpeql4y1etk2auhbk9668ry
2026-09-06T12:32:31+00:00	dgx-spark-02	True	1	cmtprzt671w352auhqgq43q4y
2026-09-06T12:32:31+00:00	dgx-spark-03	True	1	cmtpsaud71whj2auh0k27ynki
2026-09-06T12:32:33+00:00	dgx-spark-04	True	1	cmtpeql4y1etk2auhbk9668ry
2026-09-06T12:32:33+00:00	dgx-spark-02	True	1	cmtprzt671w352auhqgq43q4y
2026-09-06T12:32:33+00:00	dgx-spark-03	True	1	cmtpsaud71whj2auh0k27ynki
2026-09-06T12:32:36+00:00	dgx-spark-04	True	1	cmtpeql4y1etk2auhbk9668ry
2026-09-06T12:32:36+00:00	dgx-spark-02	True	1	cmtprzt671w352auhqgq43q4y
2026-09-06T12:32:36+00:00	dgx-spark-03	True	1	cmtpsaud71whj2auh0k27ynki
2026-09-06T12:32:38+00:00	dgx-spark-04	True	1	cmtpeql4y1etk2auhbk9668ry
2026-09-06T12:32:38+00:00	dgx-spark-02	True	1	cmtprzt671w352auhqgq43q4y
2026-09-06T12:32:38+00:00	dgx-spark-03	True	1	cmtpsaud71whj2auh0k27ynki
2026-09-06T12:32:40+00:00	dgx-spark-04	True	1	cmtpeql4y1etk2auhbk9668ry
2026-09-06T12:32:40+00:00	dgx-spark-02	True	1	cmtprzt671w352auhqgq43q4y
2026-09-06T12:32:40+00:00	dgx-spark-03	True	1	cmtpsaud71whj2auh0k27ynki
2026-09-06T12:32:42+00:00	dgx-spark-04	True	1	cmtpeql4y1etk2auhbk9668ry
2026-09-06T12:32:42+00:00	dgx-spark-02	True	1	cmtprzt671w352auhqgq43q4y
2026-09-06T12:32:42+00:00	dgx-spark-03	True	1	cmtpsaud71whj2auh0k27ynki
2026-09-06T12:32:44+00:00	dgx-spark-04	True	1	cmtpeql4y1etk2auhbk9668ry
2026-09-06T12:32:44+00:00	dgx-spark-02	True	1	cmtprzt671w352auhqgq43q4y
2026-09-06T12:32:44+00:00	dgx-spark-03	True	1	cmtpsaud71whj2auh0k27ynki
2026-09-06T12:32:46+00:00	dgx-spark-04	True	1	cmtpeql4y1etk2auhbk9668ry
2026-09-06T12:32:46+00:00	dgx-spark-02	True	1	cmtprzt671w352auhqgq43q4y
2026-09-06T12:32:46+00:00	dgx-spark-03	True	1	cmtpsaud71whj2auh0k27ynki
2026-09-06T12:32:48+00:00	dgx-spark-04	True	1	cmtpeql4y1etk2auhbk9668ry
2026-09-06T12:32:48+00:00	dgx-spark-02	True	1	cmtprzt671w352auhqgq43q4y
2026-09-06T12:32:48+00:00	dgx-spark-03	True	1	cmtpsaud71whj2auh0k27ynki
2026-09-06T12:32:50+00:00	dgx-spark-04	True	1	cmtpeql4y1etk2auhbk9668ry
2026-09-06T12:32:50+00:00	dgx-spark-02	True	1	cmtprzt671w352auhqgq43q4y
2026-09-06T12:32:50+00:00	dgx-spark-03	True	1	cmtpsaud71whj2auh0k27ynki
2026-09-06T12:32:52+00:00	dgx-spark-04	True	1	cmtpeql4y1etk2auhbk9668ry
2026-09-06T12:32:52+00:00	dgx-spark-02	True	1	cmtprzt671w352auhqgq43q4y
2026-09-06T12:32:52+00:00	dgx-spark-03	True	1	cmtpsaud71whj2auh0k27ynki
2026-09-06T12:32:54+00:00	dgx-spark-04	True	1	cmtpeql4y1etk2auhbk9668ry
2026-09-06T12:32:54+00:00	dgx-spark-02	True	1	cmtprzt671w352auhqgq43q4y
2026-09-06T12:32:54+00:00	dgx-spark-03	True	1	cmtpsaud71whj2auh0k27ynki
2026-09-06T12:32:57+00:00	dgx-spark-04	True	1	cmtpeql4y1etk2auhbk9668ry
2026-09-06T12:32:57+00:00	dgx-spark-02	True	1	cmtprzt671w352auhqgq43q4y
2026-09-06T12:32:57+00:00	dgx-spark-03	True	1	cmtpsaud71whj2auh0k27ynki
2026-09-06T12:32:59+00:00	dgx-spark-04	True	1	cmtpeql4y1etk2auhbk9668ry
2026-09-06T12:32:59+00:00	dgx-spark-02	True	1	cmtprzt671w352auhqgq43q4y
2026-09-06T12:32:59+00:00	dgx-spark-03	True	1	cmtpsaud71whj2auh0k27ynki
2026-09-06T12:33:01+00:00	dgx-spark-04	True	1	cmtpeql4y1etk2auhbk9668ry
2026-09-06T12:33:01+00:00	dgx-spark-02	True	1	cmtprzt671w352auhqgq43q4y
2026-09-06T12:33:01+00:00	dgx-spark-03	True	1	cmtpsaud71whj2auh0k27ynki
2026-09-06T12:33:03+00:00	dgx-spark-04	True	1	cmtpeql4y1etk2auhbk9668ry
2026-09-06T12:33:03+00:00	dgx-spark-02	True	1	cmtprzt671w352auhqgq43q4y
2026-09-06T12:33:03+00:00	dgx-spark-03	True	1	cmtpsaud71whj2auh0k27ynki
2026-09-06T12:33:05+00:00	dgx-spark-04	True	1	cmtpeql4y1etk2auhbk9668ry
2026-09-06T12:33:05+00:00	dgx-spark-02	True	1	cmtprzt671w352auhqgq43q4y
2026-09-06T12:33:05+00:00	dgx-spark-03	True	1	cmtpsaud71whj2auh0k27ynki
2026-09-06T12:33:07+00:00	dgx-spark-04	True	1	cmtpeql4y1etk2auhbk9668ry
2026-09-06T12:33:07+00:00	dgx-spark-02	True	1	cmtprzt671w352auhqgq43q4y
2026-09-06T12:33:07+00:00	dgx-spark-03	True	1	cmtpsaud71whj2auh0k27ynki
2026-09-06T12:33:09+00:00	dgx-spark-04	True	1	cmtpeql4y1etk2auhbk9668ry
2026-09-06T12:33:09+00:00	dgx-spark-02	True	1	cmtprzt671w352auhqgq43q4y
2026-09-06T12:33:09+00:00	dgx-spark-03	True	1	cmtpsaud71whj2auh0k27ynki
2026-09-06T12:33:11+00:00	dgx-spark-04	True	1	cmtpeql4y1etk2auhbk9668ry
2026-09-06T12:33:11+00:00	dgx-spark-02	True	1	cmtprzt671w352auhqgq43q4y
2026-09-06T12:33:11+00:00	dgx-spark-03	True	1	cmtpsaud71whj2auh0k27ynki
2026-09-06T12:33:13+00:00	dgx-spark-04	True	1	cmtpeql4y1etk2auhbk9668ry
2026-09-06T12:33:13+00:00	dgx-spark-02	True	1	cmtprzt671w352auhqgq43q4y
2026-09-06T12:33:13+00:00	dgx-spark-03	True	1	cmtpsaud71whj2auh0k27ynki
2026-09-06T12:33:15+00:00	dgx-spark-04	True	1	cmtpeql4y1etk2auhbk9668ry
2026-09-06T12:33:15+00:00	dgx-spark-02	True	1	cmtprzt671w352auhqgq43q4y
2026-09-06T12:33:15+00:00	dgx-spark-03	True	1	cmtpsaud71whj2auh0k27ynki
2026-09-06T12:33:17+00:00	dgx-spark-04	True	0	cmtpeql4y1etk2auhbk9668ry
2026-09-06T12:33:17+00:00	dgx-spark-02	True	1	cmtprzt671w352auhqgq43q4y
2026-09-06T12:33:17+00:00	dgx-spark-03	True	1	cmtpsaud71whj2auh0k27ynki
2026-09-06T12:33:20+00:00	dgx-spark-04	True	1	cmtpeql4y1etk2auhbk9668ry
2026-09-06T12:33:20+00:00	dgx-spark-02	True	1	cmtprzt671w352auhqgq43q4y
2026-09-06T12:33:20+00:00	dgx-spark-03	True	1	cmtpsaud71whj2auh0k27ynki
2026-09-06T12:33:22+00:00	dgx-spark-04	True	1	cmtpeql4y1etk2auhbk9668ry
2026-09-06T12:33:22+00:00	dgx-spark-02	True	1	cmtprzt671w352auhqgq43q4y
2026-09-06T12:33:22+00:00	dgx-spark-03	True	1	cmtpsaud71whj2auh0k27ynki
2026-09-06T12:33:24+00:00	dgx-spark-04	True	1	cmtpeql4y1etk2auhbk9668ry
2026-09-06T12:33:24+00:00	dgx-spark-02	True	1	cmtprzt671w352auhqgq43q4y
2026-09-06T12:33:24+00:00	dgx-spark-03	True	1	cmtpsaud71whj2auh0k27ynki
2026-09-06T12:33:26+00:00	dgx-spark-04	True	1	cmtpeql4y1etk2auhbk9668ry
2026-09-06T12:33:26+00:00	dgx-spark-02	True	1	cmtprzt671w352auhqgq43q4y
2026-09-06T12:33:26+00:00	dgx-spark-03	True	1	cmtpsaud71whj2auh0k27ynki
2026-09-06T12:33:28+00:00	dgx-spark-04	True	1	cmtpeql4y1etk2auhbk9668ry
2026-09-06T12:33:28+00:00	dgx-spark-02	True	1	cmtprzt671w352auhqgq43q4y
2026-09-06T12:33:28+00:00	dgx-spark-03	True	1	cmtpsaud71whj2auh0k27ynki
2026-09-06T12:33:30+00:00	dgx-spark-04	True	1	cmtpeql4y1etk2auhbk9668ry
2026-09-06T12:33:30+00:00	dgx-spark-02	True	1	cmtprzt671w352auhqgq43q4y
2026-09-06T12:33:30+00:00	dgx-spark-03	True	1	cmtpsaud71whj2auh0k27ynki
2026-09-06T12:33:32+00:00	dgx-spark-04	True	1	cmtpeql4y1etk2auhbk9668ry
2026-09-06T12:33:32+00:00	dgx-spark-02	True	1	cmtprzt671w352auhqgq43q4y
2026-09-06T12:33:32+00:00	dgx-spark-03	True	1	cmtpsaud71whj2auh0k27ynki
2026-09-06T12:33:34+00:00	dgx-spark-04	True	1	cmtpeql4y1etk2auhbk9668ry
2026-09-06T12:33:34+00:00	dgx-spark-02	True	1	cmtprzt671w352auhqgq43q4y
2026-09-06T12:33:34+00:00	dgx-spark-03	True	1	cmtpsaud71whj2auh0k27ynki
2026-09-06T12:33:36+00:00	dgx-spark-04	True	1	cmtpeql4y1etk2auhbk9668ry
2026-09-06T12:33:36+00:00	dgx-spark-02	True	1	cmtprzt671w352auhqgq43q4y
2026-09-06T12:33:36+00:00	dgx-spark-03	True	1	cmtpsaud71whj2auh0k27ynki
2026-09-06T12:33:38+00:00	dgx-spark-04	True	1	cmtpeql4y1etk2auhbk9668ry
2026-09-06T12:33:38+00:00	dgx-spark-02	True	1	cmtprzt671w352auhqgq43q4y
2026-09-06T12:33:38+00:00	dgx-spark-03	True	1	cmtpsaud71whj2auh0k27ynki
2026-09-06T12:33:41+00:00	dgx-spark-04	True	1	cmtpeql4y1etk2auhbk9668ry
2026-09-06T12:33:41+00:00	dgx-spark-02	True	1	cmtprzt671w352auhqgq43q4y
2026-09-06T12:33:41+00:00	dgx-spark-03	True	1	cmtpsaud71whj2auh0k27ynki
2026-09-06T12:33:43+00:00	dgx-spark-04	True	1	cmtpeql4y1etk2auhbk9668ry
2026-09-06T12:33:43+00:00	dgx-spark-02	True	1	cmtprzt671w352auhqgq43q4y
2026-09-06T12:33:43+00:00	dgx-spark-03	True	1	cmtpsaud71whj2auh0k27ynki
2026-09-06T12:33:45+00:00	dgx-spark-04	True	1	cmtpeql4y1etk2auhbk9668ry
2026-09-06T12:33:45+00:00	dgx-spark-02	True	1	cmtprzt671w352auhqgq43q4y
2026-09-06T12:33:45+00:00	dgx-spark-03	True	1	cmtpsaud71whj2auh0k27ynki
2026-09-06T12:33:47+00:00	dgx-spark-04	True	1	cmtpeql4y1etk2auhbk9668ry
2026-09-06T12:33:47+00:00	dgx-spark-02	True	1	cmtprzt671w352auhqgq43q4y
2026-09-06T12:33:47+00:00	dgx-spark-03	True	1	cmtpsaud71whj2auh0k27ynki
2026-09-06T12:33:49+00:00	dgx-spark-04	True	1	cmtpeql4y1etk2auhbk9668ry
2026-09-06T12:33:49+00:00	dgx-spark-02	True	1	cmtprzt671w352auhqgq43q4y
2026-09-06T12:33:49+00:00	dgx-spark-03	True	1	cmtpsaud71whj2auh0k27ynki
2026-09-06T12:33:51+00:00	dgx-spark-04	True	1	cmtpeql4y1etk2auhbk9668ry
2026-09-06T12:33:51+00:00	dgx-spark-02	True	1	cmtprzt671w352auhqgq43q4y
2026-09-06T12:33:51+00:00	dgx-spark-03	True	1	cmtpsaud71whj2auh0k27ynki
2026-09-06T12:33:53+00:00	dgx-spark-04	True	1	cmtpeql4y1etk2auhbk9668ry
2026-09-06T12:33:53+00:00	dgx-spark-02	True	1	cmtprzt671w352auhqgq43q4y
2026-09-06T12:33:53+00:00	dgx-spark-03	True	1	cmtpsaud71whj2auh0k27ynki
2026-09-06T12:33:55+00:00	dgx-spark-04	True	1	cmtpeql4y1etk2auhbk9668ry
2026-09-06T12:33:55+00:00	dgx-spark-02	True	1	cmtprzt671w352auhqgq43q4y
2026-09-06T12:33:55+00:00	dgx-spark-03	True	1	cmtpsaud71whj2auh0k27ynki
2026-09-06T12:33:57+00:00	dgx-spark-04	True	1	cmtpeql4y1etk2auhbk9668ry
2026-09-06T12:33:57+00:00	dgx-spark-02	True	1	cmtprzt671w352auhqgq43q4y
2026-09-06T12:33:57+00:00	dgx-spark-03	True	1	cmtpsaud71whj2auh0k27ynki
2026-09-06T12:33:59+00:00	dgx-spark-04	True	1	cmtpeql4y1etk2auhbk9668ry
2026-09-06T12:33:59+00:00	dgx-spark-02	True	1	cmtprzt671w352auhqgq43q4y
2026-09-06T12:33:59+00:00	dgx-spark-03	True	1	cmtpsaud71whj2auh0k27ynki
2026-09-06T12:34:02+00:00	dgx-spark-04	True	1	cmtpeql4y1etk2auhbk9668ry
2026-09-06T12:34:02+00:00	dgx-spark-02	True	1	cmtprzt671w352auhqgq43q4y
2026-09-06T12:34:02+00:00	dgx-spark-03	True	1	cmtpsaud71whj2auh0k27ynki
2026-09-06T12:34:04+00:00	dgx-spark-04	True	1	cmtpeql4y1etk2auhbk9668ry
2026-09-06T12:34:04+00:00	dgx-spark-02	True	1	cmtprzt671w352auhqgq43q4y
2026-09-06T12:34:04+00:00	dgx-spark-03	True	1	cmtpsaud71whj2auh0k27ynki
2026-09-06T12:34:06+00:00	dgx-spark-04	True	1	cmtpeql4y1etk2auhbk9668ry
2026-09-06T12:34:06+00:00	dgx-spark-02	True	1	cmtprzt671w352auhqgq43q4y
2026-09-06T12:34:06+00:00	dgx-spark-03	True	1	cmtpsaud71whj2auh0k27ynki
2026-09-06T12:34:08+00:00	dgx-spark-04	True	1	cmtpeql4y1etk2auhbk9668ry
2026-09-06T12:34:08+00:00	dgx-spark-02	True	1	cmtprzt671w352auhqgq43q4y
2026-09-06T12:34:08+00:00	dgx-spark-03	True	1	cmtpsaud71whj2auh0k27ynki
2026-09-06T12:34:10+00:00	dgx-spark-04	True	1	cmtpeql4y1etk2auhbk9668ry
2026-09-06T12:34:10+00:00	dgx-spark-02	True	1	cmtprzt671w352auhqgq43q4y
2026-09-06T12:34:10+00:00	dgx-spark-03	True	1	cmtpsaud71whj2auh0k27ynki
2026-09-06T12:34:12+00:00	dgx-spark-04	True	1	cmtpeql4y1etk2auhbk9668ry
2026-09-06T12:34:12+00:00	dgx-spark-02	True	1	cmtprzt671w352auhqgq43q4y
2026-09-06T12:34:12+00:00	dgx-spark-03	True	1	cmtpsaud71whj2auh0k27ynki
2026-09-06T12:34:14+00:00	dgx-spark-04	True	1	cmtpeql4y1etk2auhbk9668ry
2026-09-06T12:34:14+00:00	dgx-spark-02	True	1	cmtprzt671w352auhqgq43q4y
2026-09-06T12:34:14+00:00	dgx-spark-03	True	1	cmtpsaud71whj2auh0k27ynki
2026-09-06T12:34:16+00:00	dgx-spark-04	True	1	cmtpeql4y1etk2auhbk9668ry
2026-09-06T12:34:16+00:00	dgx-spark-02	True	1	cmtprzt671w352auhqgq43q4y
2026-09-06T12:34:16+00:00	dgx-spark-03	True	1	cmtpsaud71whj2auh0k27ynki
2026-09-06T12:34:18+00:00	dgx-spark-04	True	0	cmtpeql4y1etk2auhbk9668ry
2026-09-06T12:34:18+00:00	dgx-spark-02	True	1	cmtprzt671w352auhqgq43q4y
2026-09-06T12:34:18+00:00	dgx-spark-03	True	1	cmtpsaud71whj2auh0k27ynki
2026-09-06T12:34:20+00:00	dgx-spark-04	True	1	cmtpeql4y1etk2auhbk9668ry
2026-09-06T12:34:20+00:00	dgx-spark-02	True	1	cmtprzt671w352auhqgq43q4y
2026-09-06T12:34:20+00:00	dgx-spark-03	True	1	cmtpsaud71whj2auh0k27ynki
2026-09-06T12:34:22+00:00	dgx-spark-04	True	1	cmtpeql4y1etk2auhbk9668ry
2026-09-06T12:34:22+00:00	dgx-spark-02	True	1	cmtprzt671w352auhqgq43q4y
2026-09-06T12:34:22+00:00	dgx-spark-03	True	1	cmtpsaud71whj2auh0k27ynki
2026-09-06T12:34:25+00:00	dgx-spark-04	True	1	cmtpeql4y1etk2auhbk9668ry
2026-09-06T12:34:25+00:00	dgx-spark-02	True	1	cmtprzt671w352auhqgq43q4y
2026-09-06T12:34:25+00:00	dgx-spark-03	True	1	cmtpsaud71whj2auh0k27ynki
2026-09-06T12:34:27+00:00	dgx-spark-04	True	1	cmtpeql4y1etk2auhbk9668ry
2026-09-06T12:34:27+00:00	dgx-spark-02	True	1	cmtprzt671w352auhqgq43q4y
2026-09-06T12:34:27+00:00	dgx-spark-03	True	1	cmtpsaud71whj2auh0k27ynki
2026-09-06T12:34:29+00:00	dgx-spark-04	True	1	cmtpeql4y1etk2auhbk9668ry
2026-09-06T12:34:29+00:00	dgx-spark-02	True	1	cmtprzt671w352auhqgq43q4y
2026-09-06T12:34:29+00:00	dgx-spark-03	True	1	cmtpsaud71whj2auh0k27ynki
2026-09-06T12:34:31+00:00	dgx-spark-04	True	1	cmtpeql4y1etk2auhbk9668ry
2026-09-06T12:34:31+00:00	dgx-spark-02	True	1	cmtprzt671w352auhqgq43q4y
2026-09-06T12:34:31+00:00	dgx-spark-03	True	1	cmtpsaud71whj2auh0k27ynki
2026-09-06T12:34:33+00:00	dgx-spark-04	True	1	cmtpeql4y1etk2auhbk9668ry
2026-09-06T12:34:33+00:00	dgx-spark-02	True	1	cmtprzt671w352auhqgq43q4y
2026-09-06T12:34:33+00:00	dgx-spark-03	True	1	cmtpsaud71whj2auh0k27ynki
2026-09-06T12:34:35+00:00	dgx-spark-04	True	1	cmtpeql4y1etk2auhbk9668ry
2026-09-06T12:34:35+00:00	dgx-spark-02	True	1	cmtprzt671w352auhqgq43q4y
2026-09-06T12:34:35+00:00	dgx-spark-03	True	1	cmtpsaud71whj2auh0k27ynki
2026-09-06T12:34:37+00:00	dgx-spark-04	True	1	cmtpeql4y1etk2auhbk9668ry
2026-09-06T12:34:37+00:00	dgx-spark-02	True	1	cmtprzt671w352auhqgq43q4y
2026-09-06T12:34:37+00:00	dgx-spark-03	True	1	cmtpsaud71whj2auh0k27ynki
2026-09-06T12:34:39+00:00	dgx-spark-04	True	1	cmtpeql4y1etk2auhbk9668ry
2026-09-06T12:34:39+00:00	dgx-spark-02	True	0	cmtprzt671w352auhqgq43q4y
2026-09-06T12:34:39+00:00	dgx-spark-03	True	1	cmtpsaud71whj2auh0k27ynki
2026-09-06T12:34:41+00:00	dgx-spark-04	True	1	cmtpeql4y1etk2auhbk9668ry
2026-09-06T12:34:41+00:00	dgx-spark-02	True	1	cmtprzt671w352auhqgq43q4y
2026-09-06T12:34:41+00:00	dgx-spark-03	True	1	cmtpsaud71whj2auh0k27ynki
2026-09-06T12:34:43+00:00	dgx-spark-04	True	1	cmtpeql4y1etk2auhbk9668ry
2026-09-06T12:34:43+00:00	dgx-spark-02	True	1	cmtprzt671w352auhqgq43q4y
2026-09-06T12:34:43+00:00	dgx-spark-03	True	1	cmtpsaud71whj2auh0k27ynki
2026-09-06T12:34:46+00:00	dgx-spark-04	True	1	cmtpeql4y1etk2auhbk9668ry
2026-09-06T12:34:46+00:00	dgx-spark-02	True	1	cmtprzt671w352auhqgq43q4y
2026-09-06T12:34:46+00:00	dgx-spark-03	True	1	cmtpsaud71whj2auh0k27ynki
2026-09-06T12:34:48+00:00	dgx-spark-04	True	1	cmtpeql4y1etk2auhbk9668ry
2026-09-06T12:34:48+00:00	dgx-spark-02	True	1	cmtprzt671w352auhqgq43q4y
2026-09-06T12:34:48+00:00	dgx-spark-03	True	1	cmtpsaud71whj2auh0k27ynki
2026-09-06T12:34:50+00:00	dgx-spark-04	True	1	cmtpeql4y1etk2auhbk9668ry
2026-09-06T12:34:50+00:00	dgx-spark-02	True	1	cmtprzt671w352auhqgq43q4y
2026-09-06T12:34:50+00:00	dgx-spark-03	True	1	cmtpsaud71whj2auh0k27ynki
2026-09-06T12:34:52+00:00	dgx-spark-04	True	1	cmtpeql4y1etk2auhbk9668ry
2026-09-06T12:34:52+00:00	dgx-spark-02	True	1	cmtprzt671w352auhqgq43q4y
2026-09-06T12:34:52+00:00	dgx-spark-03	True	1	cmtpsaud71whj2auh0k27ynki
2026-09-06T12:34:54+00:00	dgx-spark-04	True	1	cmtpeql4y1etk2auhbk9668ry
2026-09-06T12:34:54+00:00	dgx-spark-02	True	1	cmtprzt671w352auhqgq43q4y
2026-09-06T12:34:54+00:00	dgx-spark-03	True	1	cmtpsaud71whj2auh0k27ynki
2026-09-06T12:34:56+00:00	dgx-spark-04	True	1	cmtpeql4y1etk2auhbk9668ry
2026-09-06T12:34:56+00:00	dgx-spark-02	True	1	cmtprzt671w352auhqgq43q4y
2026-09-06T12:34:56+00:00	dgx-spark-03	True	1	cmtpsaud71whj2auh0k27ynki
2026-09-06T12:34:58+00:00	dgx-spark-04	True	1	cmtpeql4y1etk2auhbk9668ry
2026-09-06T12:34:58+00:00	dgx-spark-02	True	1	cmtprzt671w352auhqgq43q4y
2026-09-06T12:34:58+00:00	dgx-spark-03	True	1	cmtpsaud71whj2auh0k27ynki
2026-09-06T12:35:00+00:00	dgx-spark-04	True	1	cmtpeql4y1etk2auhbk9668ry
2026-09-06T12:35:00+00:00	dgx-spark-02	True	1	cmtprzt671w352auhqgq43q4y
2026-09-06T12:35:00+00:00	dgx-spark-03	True	1	cmtpsaud71whj2auh0k27ynki
2026-09-06T12:35:02+00:00	dgx-spark-04	True	1	cmtpeql4y1etk2auhbk9668ry
2026-09-06T12:35:02+00:00	dgx-spark-02	True	1	cmtprzt671w352auhqgq43q4y
2026-09-06T12:35:02+00:00	dgx-spark-03	True	1	cmtpsaud71whj2auh0k27ynki
2026-09-06T12:35:04+00:00	dgx-spark-04	True	1	cmtpeql4y1etk2auhbk9668ry
2026-09-06T12:35:04+00:00	dgx-spark-02	True	1	cmtprzt671w352auhqgq43q4y
2026-09-06T12:35:04+00:00	dgx-spark-03	True	1	cmtpsaud71whj2auh0k27ynki
2026-09-06T12:35:07+00:00	dgx-spark-04	True	1	cmtpeql4y1etk2auhbk9668ry
2026-09-06T12:35:07+00:00	dgx-spark-02	True	1	cmtprzt671w352auhqgq43q4y
2026-09-06T12:35:07+00:00	dgx-spark-03	True	1	cmtpsaud71whj2auh0k27ynki
2026-09-06T12:35:09+00:00	dgx-spark-04	True	1	cmtpeql4y1etk2auhbk9668ry
2026-09-06T12:35:09+00:00	dgx-spark-02	True	1	cmtprzt671w352auhqgq43q4y
2026-09-06T12:35:09+00:00	dgx-spark-03	True	1	cmtpsaud71whj2auh0k27ynki
2026-09-06T12:35:11+00:00	dgx-spark-04	True	1	cmtpeql4y1etk2auhbk9668ry
2026-09-06T12:35:11+00:00	dgx-spark-02	True	1	cmtprzt671w352auhqgq43q4y
2026-09-06T12:35:11+00:00	dgx-spark-03	True	1	cmtpsaud71whj2auh0k27ynki
2026-09-06T12:35:13+00:00	dgx-spark-04	True	1	cmtpeql4y1etk2auhbk9668ry
2026-09-06T12:35:13+00:00	dgx-spark-02	True	1	cmtprzt671w352auhqgq43q4y
2026-09-06T12:35:13+00:00	dgx-spark-03	True	1	cmtpsaud71whj2auh0k27ynki
2026-09-06T12:35:15+00:00	dgx-spark-04	True	1	cmtpeql4y1etk2auhbk9668ry
2026-09-06T12:35:15+00:00	dgx-spark-02	True	1	cmtprzt671w352auhqgq43q4y
2026-09-06T12:35:15+00:00	dgx-spark-03	True	1	cmtpsaud71whj2auh0k27ynki
2026-09-06T12:35:17+00:00	dgx-spark-04	True	1	cmtpeql4y1etk2auhbk9668ry
2026-09-06T12:35:17+00:00	dgx-spark-02	True	1	cmtprzt671w352auhqgq43q4y
2026-09-06T12:35:17+00:00	dgx-spark-03	True	1	cmtpsaud71whj2auh0k27ynki
2026-09-06T12:35:19+00:00	dgx-spark-04	True	1	cmtpeql4y1etk2auhbk9668ry
2026-09-06T12:35:19+00:00	dgx-spark-02	True	1	cmtprzt671w352auhqgq43q4y
2026-09-06T12:35:19+00:00	dgx-spark-03	True	1	cmtpsaud71whj2auh0k27ynki
2026-09-06T12:35:21+00:00	dgx-spark-04	True	1	cmtpeql4y1etk2auhbk9668ry
2026-09-06T12:35:21+00:00	dgx-spark-02	True	1	cmtprzt671w352auhqgq43q4y
2026-09-06T12:35:21+00:00	dgx-spark-03	True	1	cmtpsaud71whj2auh0k27ynki
2026-09-06T12:35:23+00:00	dgx-spark-04	True	1	cmtpeql4y1etk2auhbk9668ry
2026-09-06T12:35:23+00:00	dgx-spark-02	True	1	cmtprzt671w352auhqgq43q4y
2026-09-06T12:35:23+00:00	dgx-spark-03	True	1	cmtpsaud71whj2auh0k27ynki
2026-09-06T12:35:25+00:00	dgx-spark-04	True	1	cmtpeql4y1etk2auhbk9668ry
2026-09-06T12:35:25+00:00	dgx-spark-02	True	1	cmtprzt671w352auhqgq43q4y
2026-09-06T12:35:25+00:00	dgx-spark-03	True	1	cmtpsaud71whj2auh0k27ynki
2026-09-06T12:35:27+00:00	dgx-spark-04	True	1	cmtpeql4y1etk2auhbk9668ry
2026-09-06T12:35:27+00:00	dgx-spark-02	True	1	cmtprzt671w352auhqgq43q4y
2026-09-06T12:35:27+00:00	dgx-spark-03	True	1	cmtpsaud71whj2auh0k27ynki
2026-09-06T12:35:30+00:00	dgx-spark-04	True	1	cmtpeql4y1etk2auhbk9668ry
2026-09-06T12:35:30+00:00	dgx-spark-02	True	1	cmtprzt671w352auhqgq43q4y
2026-09-06T12:35:30+00:00	dgx-spark-03	True	1	cmtpsaud71whj2auh0k27ynki
2026-09-06T12:35:32+00:00	dgx-spark-04	True	1	cmtpeql4y1etk2auhbk9668ry
2026-09-06T12:35:32+00:00	dgx-spark-02	True	1	cmtprzt671w352auhqgq43q4y
2026-09-06T12:35:32+00:00	dgx-spark-03	True	1	cmtpsaud71whj2auh0k27ynki
2026-09-06T12:35:34+00:00	dgx-spark-04	True	1	cmtpeql4y1etk2auhbk9668ry
2026-09-06T12:35:34+00:00	dgx-spark-02	True	1	cmtprzt671w352auhqgq43q4y
2026-09-06T12:35:34+00:00	dgx-spark-03	True	1	cmtpsaud71whj2auh0k27ynki
2026-09-06T12:35:36+00:00	dgx-spark-04	True	1	cmtpeql4y1etk2auhbk9668ry
2026-09-06T12:35:36+00:00	dgx-spark-02	True	1	cmtprzt671w352auhqgq43q4y
2026-09-06T12:35:36+00:00	dgx-spark-03	True	1	cmtpsaud71whj2auh0k27ynki
2026-09-06T12:35:38+00:00	dgx-spark-04	True	1	cmtpeql4y1etk2auhbk9668ry
2026-09-06T12:35:38+00:00	dgx-spark-02	True	1	cmtprzt671w352auhqgq43q4y
2026-09-06T12:35:38+00:00	dgx-spark-03	True	1	cmtpsaud71whj2auh0k27ynki
2026-09-06T12:35:40+00:00	dgx-spark-04	True	1	cmtpeql4y1etk2auhbk9668ry
2026-09-06T12:35:40+00:00	dgx-spark-02	True	1	cmtprzt671w352auhqgq43q4y
2026-09-06T12:35:40+00:00	dgx-spark-03	True	1	cmtpsaud71whj2auh0k27ynki
2026-09-06T12:35:42+00:00	dgx-spark-04	True	1	cmtpeql4y1etk2auhbk9668ry
2026-09-06T12:35:42+00:00	dgx-spark-02	True	1	cmtprzt671w352auhqgq43q4y
2026-09-06T12:35:42+00:00	dgx-spark-03	True	1	cmtpsaud71whj2auh0k27ynki
2026-09-06T12:35:44+00:00	dgx-spark-04	True	1	cmtpeql4y1etk2auhbk9668ry
2026-09-06T12:35:44+00:00	dgx-spark-02	True	1	cmtprzt671w352auhqgq43q4y
2026-09-06T12:35:44+00:00	dgx-spark-03	True	1	cmtpsaud71whj2auh0k27ynki
2026-09-06T12:35:46+00:00	dgx-spark-04	True	1	cmtpeql4y1etk2auhbk9668ry
2026-09-06T12:35:46+00:00	dgx-spark-02	True	1	cmtprzt671w352auhqgq43q4y
2026-09-06T12:35:46+00:00	dgx-spark-03	True	1	cmtpsaud71whj2auh0k27ynki
2026-09-06T12:35:48+00:00	dgx-spark-04	True	1	cmtpeql4y1etk2auhbk9668ry
2026-09-06T12:35:48+00:00	dgx-spark-02	True	1	cmtprzt671w352auhqgq43q4y
2026-09-06T12:35:48+00:00	dgx-spark-03	True	1	cmtpsaud71whj2auh0k27ynki
2026-09-06T12:35:51+00:00	dgx-spark-04	True	1	cmtpeql4y1etk2auhbk9668ry
2026-09-06T12:35:51+00:00	dgx-spark-02	True	1	cmtprzt671w352auhqgq43q4y
2026-09-06T12:35:51+00:00	dgx-spark-03	True	1	cmtpsaud71whj2auh0k27ynki
2026-09-06T12:35:53+00:00	dgx-spark-04	True	1	cmtpeql4y1etk2auhbk9668ry
2026-09-06T12:35:53+00:00	dgx-spark-02	True	1	cmtprzt671w352auhqgq43q4y
2026-09-06T12:35:53+00:00	dgx-spark-03	True	1	cmtpsaud71whj2auh0k27ynki
2026-09-06T12:35:55+00:00	dgx-spark-04	True	1	cmtpeql4y1etk2auhbk9668ry
2026-09-06T12:35:55+00:00	dgx-spark-02	True	1	cmtprzt671w352auhqgq43q4y
2026-09-06T12:35:55+00:00	dgx-spark-03	True	1	cmtpsaud71whj2auh0k27ynki
2026-09-06T12:35:57+00:00	dgx-spark-04	True	1	cmtpeql4y1etk2auhbk9668ry
2026-09-06T12:35:57+00:00	dgx-spark-02	True	1	cmtprzt671w352auhqgq43q4y
2026-09-06T12:35:57+00:00	dgx-spark-03	True	1	cmtpsaud71whj2auh0k27ynki
2026-09-06T12:35:59+00:00	dgx-spark-04	True	1	cmtpeql4y1etk2auhbk9668ry
2026-09-06T12:35:59+00:00	dgx-spark-02	True	1	cmtprzt671w352auhqgq43q4y
2026-09-06T12:35:59+00:00	dgx-spark-03	True	1	cmtpsaud71whj2auh0k27ynki
2026-09-06T12:36:01+00:00	dgx-spark-04	True	1	cmtpeql4y1etk2auhbk9668ry
2026-09-06T12:36:01+00:00	dgx-spark-02	True	1	cmtprzt671w352auhqgq43q4y
2026-09-06T12:36:01+00:00	dgx-spark-03	True	1	cmtpsaud71whj2auh0k27ynki
2026-09-06T12:36:03+00:00	dgx-spark-04	True	1	cmtpeql4y1etk2auhbk9668ry
2026-09-06T12:36:03+00:00	dgx-spark-02	True	1	cmtprzt671w352auhqgq43q4y
2026-09-06T12:36:03+00:00	dgx-spark-03	True	1	cmtpsaud71whj2auh0k27ynki
2026-09-06T12:36:05+00:00	dgx-spark-04	True	1	cmtpeql4y1etk2auhbk9668ry
2026-09-06T12:36:05+00:00	dgx-spark-02	True	1	cmtprzt671w352auhqgq43q4y
2026-09-06T12:36:05+00:00	dgx-spark-03	True	1	cmtpsaud71whj2auh0k27ynki
2026-09-06T12:36:07+00:00	dgx-spark-04	True	1	cmtpeql4y1etk2auhbk9668ry
2026-09-06T12:36:07+00:00	dgx-spark-02	True	1	cmtprzt671w352auhqgq43q4y
2026-09-06T12:36:07+00:00	dgx-spark-03	True	1	cmtpsaud71whj2auh0k27ynki
2026-09-06T12:36:09+00:00	dgx-spark-04	True	1	cmtpeql4y1etk2auhbk9668ry
2026-09-06T12:36:09+00:00	dgx-spark-02	True	1	cmtprzt671w352auhqgq43q4y
2026-09-06T12:36:09+00:00	dgx-spark-03	True	1	cmtpsaud71whj2auh0k27ynki
2026-09-06T12:36:12+00:00	dgx-spark-04	True	1	cmtpeql4y1etk2auhbk9668ry
2026-09-06T12:36:12+00:00	dgx-spark-02	True	1	cmtprzt671w352auhqgq43q4y
2026-09-06T12:36:12+00:00	dgx-spark-03	True	1	cmtpsaud71whj2auh0k27ynki
2026-09-06T12:36:14+00:00	dgx-spark-04	True	1	cmtpeql4y1etk2auhbk9668ry
2026-09-06T12:36:14+00:00	dgx-spark-02	True	1	cmtprzt671w352auhqgq43q4y
2026-09-06T12:36:14+00:00	dgx-spark-03	True	1	cmtpsaud71whj2auh0k27ynki
2026-09-06T12:36:16+00:00	dgx-spark-04	True	1	cmtpeql4y1etk2auhbk9668ry
2026-09-06T12:36:16+00:00	dgx-spark-02	True	1	cmtprzt671w352auhqgq43q4y
2026-09-06T12:36:16+00:00	dgx-spark-03	True	1	cmtpsaud71whj2auh0k27ynki
2026-09-06T12:36:18+00:00	dgx-spark-04	True	1	cmtpeql4y1etk2auhbk9668ry
2026-09-06T12:36:18+00:00	dgx-spark-02	True	1	cmtprzt671w352auhqgq43q4y
2026-09-06T12:36:18+00:00	dgx-spark-03	True	1	cmtpsaud71whj2auh0k27ynki
2026-09-06T12:36:20+00:00	dgx-spark-04	True	1	cmtpeql4y1etk2auhbk9668ry
2026-09-06T12:36:20+00:00	dgx-spark-02	True	1	cmtprzt671w352auhqgq43q4y
2026-09-06T12:36:20+00:00	dgx-spark-03	True	1	cmtpsaud71whj2auh0k27ynki
2026-09-06T12:36:22+00:00	dgx-spark-04	True	1	cmtpeql4y1etk2auhbk9668ry
2026-09-06T12:36:22+00:00	dgx-spark-02	True	1	cmtprzt671w352auhqgq43q4y
2026-09-06T12:36:22+00:00	dgx-spark-03	True	1	cmtpsaud71whj2auh0k27ynki
2026-09-06T12:36:24+00:00	dgx-spark-04	True	1	cmtpeql4y1etk2auhbk9668ry
2026-09-06T12:36:24+00:00	dgx-spark-02	True	1	cmtprzt671w352auhqgq43q4y
2026-09-06T12:36:24+00:00	dgx-spark-03	True	1	cmtpsaud71whj2auh0k27ynki
2026-09-06T12:36:26+00:00	dgx-spark-04	True	1	cmtpeql4y1etk2auhbk9668ry
2026-09-06T12:36:26+00:00	dgx-spark-02	True	1	cmtprzt671w352auhqgq43q4y
2026-09-06T12:36:26+00:00	dgx-spark-03	True	1	cmtpsaud71whj2auh0k27ynki
2026-09-06T12:36:28+00:00	dgx-spark-04	True	1	cmtpeql4y1etk2auhbk9668ry
2026-09-06T12:36:28+00:00	dgx-spark-02	True	1	cmtprzt671w352auhqgq43q4y
2026-09-06T12:36:28+00:00	dgx-spark-03	True	1	cmtpsaud71whj2auh0k27ynki
2026-09-06T12:36:30+00:00	dgx-spark-04	True	1	cmtpeql4y1etk2auhbk9668ry
2026-09-06T12:36:30+00:00	dgx-spark-02	True	1	cmtprzt671w352auhqgq43q4y
2026-09-06T12:36:30+00:00	dgx-spark-03	True	1	cmtpsaud71whj2auh0k27ynki
2026-09-06T12:36:33+00:00	dgx-spark-04	True	1	cmtpeql4y1etk2auhbk9668ry
2026-09-06T12:36:33+00:00	dgx-spark-02	True	1	cmtprzt671w352auhqgq43q4y
2026-09-06T12:36:33+00:00	dgx-spark-03	True	1	cmtpsaud71whj2auh0k27ynki
2026-09-06T12:36:35+00:00	dgx-spark-04	True	1	cmtpeql4y1etk2auhbk9668ry
2026-09-06T12:36:35+00:00	dgx-spark-02	True	1	cmtprzt671w352auhqgq43q4y
2026-09-06T12:36:35+00:00	dgx-spark-03	True	1	cmtpsaud71whj2auh0k27ynki
2026-09-06T12:36:37+00:00	dgx-spark-04	True	1	cmtpeql4y1etk2auhbk9668ry
2026-09-06T12:36:37+00:00	dgx-spark-02	True	1	cmtprzt671w352auhqgq43q4y
2026-09-06T12:36:37+00:00	dgx-spark-03	True	1	cmtpsaud71whj2auh0k27ynki
2026-09-06T12:36:39+00:00	dgx-spark-04	True	1	cmtpeql4y1etk2auhbk9668ry
2026-09-06T12:36:39+00:00	dgx-spark-02	True	1	cmtprzt671w352auhqgq43q4y
2026-09-06T12:36:39+00:00	dgx-spark-03	True	1	cmtpsaud71whj2auh0k27ynki
2026-09-06T12:36:41+00:00	dgx-spark-04	True	1	cmtpeql4y1etk2auhbk9668ry
2026-09-06T12:36:41+00:00	dgx-spark-02	True	1	cmtprzt671w352auhqgq43q4y
2026-09-06T12:36:41+00:00	dgx-spark-03	True	1	cmtpsaud71whj2auh0k27ynki
2026-09-06T12:36:43+00:00	dgx-spark-04	True	1	cmtpeql4y1etk2auhbk9668ry
2026-09-06T12:36:43+00:00	dgx-spark-02	True	1	cmtprzt671w352auhqgq43q4y
2026-09-06T12:36:43+00:00	dgx-spark-03	True	1	cmtpsaud71whj2auh0k27ynki
2026-09-06T12:36:45+00:00	dgx-spark-04	True	1	cmtpeql4y1etk2auhbk9668ry
2026-09-06T12:36:45+00:00	dgx-spark-02	True	1	cmtprzt671w352auhqgq43q4y
2026-09-06T12:36:45+00:00	dgx-spark-03	True	1	cmtpsaud71whj2auh0k27ynki
2026-09-06T12:36:47+00:00	dgx-spark-04	True	1	cmtpeql4y1etk2auhbk9668ry
2026-09-06T12:36:47+00:00	dgx-spark-02	True	1	cmtprzt671w352auhqgq43q4y
2026-09-06T12:36:47+00:00	dgx-spark-03	True	1	cmtpsaud71whj2auh0k27ynki
2026-09-06T12:36:49+00:00	dgx-spark-04	True	1	cmtpeql4y1etk2auhbk9668ry
2026-09-06T12:36:49+00:00	dgx-spark-02	True	1	cmtprzt671w352auhqgq43q4y
2026-09-06T12:36:49+00:00	dgx-spark-03	True	1	cmtpsaud71whj2auh0k27ynki
2026-09-06T12:36:51+00:00	dgx-spark-04	True	1	cmtpeql4y1etk2auhbk9668ry
2026-09-06T12:36:51+00:00	dgx-spark-02	True	1	cmtprzt671w352auhqgq43q4y
2026-09-06T12:36:51+00:00	dgx-spark-03	True	1	cmtpsaud71whj2auh0k27ynki
2026-09-06T12:36:53+00:00	dgx-spark-04	True	1	cmtpeql4y1etk2auhbk9668ry
2026-09-06T12:36:53+00:00	dgx-spark-02	True	1	cmtprzt671w352auhqgq43q4y
2026-09-06T12:36:53+00:00	dgx-spark-03	True	1	cmtpsaud71whj2auh0k27ynki
2026-09-06T12:36:56+00:00	dgx-spark-04	True	1	cmtpeql4y1etk2auhbk9668ry
2026-09-06T12:36:56+00:00	dgx-spark-02	True	1	cmtprzt671w352auhqgq43q4y
2026-09-06T12:36:56+00:00	dgx-spark-03	True	1	cmtpsaud71whj2auh0k27ynki
2026-09-06T12:36:58+00:00	dgx-spark-04	True	1	cmtpeql4y1etk2auhbk9668ry
2026-09-06T12:36:58+00:00	dgx-spark-02	True	1	cmtprzt671w352auhqgq43q4y
2026-09-06T12:36:58+00:00	dgx-spark-03	True	1	cmtpsaud71whj2auh0k27ynki
2026-09-06T12:37:00+00:00	dgx-spark-04	True	1	cmtpeql4y1etk2auhbk9668ry
2026-09-06T12:37:00+00:00	dgx-spark-02	True	1	cmtprzt671w352auhqgq43q4y
2026-09-06T12:37:00+00:00	dgx-spark-03	True	1	cmtpsaud71whj2auh0k27ynki
2026-09-06T12:37:02+00:00	dgx-spark-04	True	1	cmtpeql4y1etk2auhbk9668ry
2026-09-06T12:37:02+00:00	dgx-spark-02	True	1	cmtprzt671w352auhqgq43q4y
2026-09-06T12:37:02+00:00	dgx-spark-03	True	1	cmtpsaud71whj2auh0k27ynki
2026-09-06T12:37:04+00:00	dgx-spark-04	True	1	cmtpeql4y1etk2auhbk9668ry
2026-09-06T12:37:04+00:00	dgx-spark-02	True	1	cmtprzt671w352auhqgq43q4y
2026-09-06T12:37:04+00:00	dgx-spark-03	True	1	cmtpsaud71whj2auh0k27ynki
2026-09-06T12:37:06+00:00	dgx-spark-04	True	1	cmtpeql4y1etk2auhbk9668ry
2026-09-06T12:37:06+00:00	dgx-spark-02	True	1	cmtprzt671w352auhqgq43q4y
2026-09-06T12:37:06+00:00	dgx-spark-03	True	0	cmtpsaud71whj2auh0k27ynki
2026-09-06T12:37:08+00:00	dgx-spark-04	True	1	cmtpeql4y1etk2auhbk9668ry
2026-09-06T12:37:08+00:00	dgx-spark-02	True	1	cmtprzt671w352auhqgq43q4y
2026-09-06T12:37:08+00:00	dgx-spark-03	True	1	cmtpsaud71whj2auh0k27ynki
2026-09-06T12:37:10+00:00	dgx-spark-04	True	1	cmtpeql4y1etk2auhbk9668ry
2026-09-06T12:37:10+00:00	dgx-spark-02	True	1	cmtprzt671w352auhqgq43q4y
2026-09-06T12:37:10+00:00	dgx-spark-03	True	1	cmtpsaud71whj2auh0k27ynki
2026-09-06T12:37:12+00:00	dgx-spark-04	True	1	cmtpeql4y1etk2auhbk9668ry
2026-09-06T12:37:12+00:00	dgx-spark-02	True	1	cmtprzt671w352auhqgq43q4y
2026-09-06T12:37:12+00:00	dgx-spark-03	True	1	cmtpsaud71whj2auh0k27ynki
2026-09-06T12:37:14+00:00	dgx-spark-04	True	1	cmtpeql4y1etk2auhbk9668ry
2026-09-06T12:37:14+00:00	dgx-spark-02	True	1	cmtprzt671w352auhqgq43q4y
2026-09-06T12:37:14+00:00	dgx-spark-03	True	1	cmtpsaud71whj2auh0k27ynki
2026-09-06T12:37:17+00:00	dgx-spark-04	True	1	cmtpeql4y1etk2auhbk9668ry
2026-09-06T12:37:17+00:00	dgx-spark-02	True	1	cmtprzt671w352auhqgq43q4y
2026-09-06T12:37:17+00:00	dgx-spark-03	True	1	cmtpsaud71whj2auh0k27ynki
2026-09-06T12:37:19+00:00	dgx-spark-04	True	1	cmtpeql4y1etk2auhbk9668ry
2026-09-06T12:37:19+00:00	dgx-spark-02	True	1	cmtprzt671w352auhqgq43q4y
2026-09-06T12:37:19+00:00	dgx-spark-03	True	1	cmtpsaud71whj2auh0k27ynki
2026-09-06T12:37:21+00:00	dgx-spark-04	True	1	cmtpeql4y1etk2auhbk9668ry
2026-09-06T12:37:21+00:00	dgx-spark-02	True	1	cmtprzt671w352auhqgq43q4y
2026-09-06T12:37:21+00:00	dgx-spark-03	True	1	cmtpsaud71whj2auh0k27ynki
2026-09-06T12:37:23+00:00	dgx-spark-04	True	1	cmtpeql4y1etk2auhbk9668ry
2026-09-06T12:37:23+00:00	dgx-spark-02	True	1	cmtprzt671w352auhqgq43q4y
2026-09-06T12:37:23+00:00	dgx-spark-03	True	1	cmtpsaud71whj2auh0k27ynki
2026-09-06T12:37:25+00:00	dgx-spark-04	True	1	cmtpeql4y1etk2auhbk9668ry
2026-09-06T12:37:25+00:00	dgx-spark-02	True	1	cmtprzt671w352auhqgq43q4y
2026-09-06T12:37:25+00:00	dgx-spark-03	True	1	cmtpsaud71whj2auh0k27ynki
2026-09-06T12:37:27+00:00	dgx-spark-04	True	1	cmtpeql4y1etk2auhbk9668ry
2026-09-06T12:37:27+00:00	dgx-spark-02	True	1	cmtprzt671w352auhqgq43q4y
2026-09-06T12:37:27+00:00	dgx-spark-03	True	1	cmtpsaud71whj2auh0k27ynki
2026-09-06T12:37:29+00:00	dgx-spark-04	True	1	cmtpeql4y1etk2auhbk9668ry
2026-09-06T12:37:29+00:00	dgx-spark-02	True	1	cmtprzt671w352auhqgq43q4y
2026-09-06T12:37:29+00:00	dgx-spark-03	True	1	cmtpsaud71whj2auh0k27ynki
2026-09-06T12:37:31+00:00	dgx-spark-04	True	1	cmtpeql4y1etk2auhbk9668ry
2026-09-06T12:37:31+00:00	dgx-spark-02	True	1	cmtprzt671w352auhqgq43q4y
2026-09-06T12:37:31+00:00	dgx-spark-03	True	1	cmtpsaud71whj2auh0k27ynki
2026-09-06T12:37:33+00:00	dgx-spark-04	True	1	cmtpeql4y1etk2auhbk9668ry
2026-09-06T12:37:33+00:00	dgx-spark-02	True	1	cmtprzt671w352auhqgq43q4y
2026-09-06T12:37:33+00:00	dgx-spark-03	True	1	cmtpsaud71whj2auh0k27ynki
2026-09-06T12:37:35+00:00	dgx-spark-04	True	1	cmtpeql4y1etk2auhbk9668ry
2026-09-06T12:37:35+00:00	dgx-spark-02	True	1	cmtprzt671w352auhqgq43q4y
2026-09-06T12:37:35+00:00	dgx-spark-03	True	1	cmtpsaud71whj2auh0k27ynki
2026-09-06T12:37:38+00:00	dgx-spark-04	True	1	cmtpeql4y1etk2auhbk9668ry
2026-09-06T12:37:38+00:00	dgx-spark-02	True	1	cmtprzt671w352auhqgq43q4y
2026-09-06T12:37:38+00:00	dgx-spark-03	True	1	cmtpsaud71whj2auh0k27ynki
2026-09-06T12:37:40+00:00	dgx-spark-04	True	1	cmtpeql4y1etk2auhbk9668ry
2026-09-06T12:37:40+00:00	dgx-spark-02	True	1	cmtprzt671w352auhqgq43q4y
2026-09-06T12:37:40+00:00	dgx-spark-03	True	1	cmtpsaud71whj2auh0k27ynki
2026-09-06T12:37:42+00:00	dgx-spark-04	True	1	cmtpeql4y1etk2auhbk9668ry
2026-09-06T12:37:42+00:00	dgx-spark-02	True	1	cmtprzt671w352auhqgq43q4y
2026-09-06T12:37:42+00:00	dgx-spark-03	True	1	cmtpsaud71whj2auh0k27ynki
2026-09-06T12:37:44+00:00	dgx-spark-04	True	1	cmtpeql4y1etk2auhbk9668ry
2026-09-06T12:37:44+00:00	dgx-spark-02	True	1	cmtprzt671w352auhqgq43q4y
2026-09-06T12:37:44+00:00	dgx-spark-03	True	1	cmtpsaud71whj2auh0k27ynki
2026-09-06T12:37:46+00:00	dgx-spark-04	True	1	cmtpeql4y1etk2auhbk9668ry
2026-09-06T12:37:46+00:00	dgx-spark-02	True	1	cmtprzt671w352auhqgq43q4y
2026-09-06T12:37:46+00:00	dgx-spark-03	True	1	cmtpsaud71whj2auh0k27ynki
2026-09-06T12:37:48+00:00	dgx-spark-04	True	1	cmtpeql4y1etk2auhbk9668ry
2026-09-06T12:37:48+00:00	dgx-spark-02	True	1	cmtprzt671w352auhqgq43q4y
2026-09-06T12:37:48+00:00	dgx-spark-03	True	0	cmtpsaud71whj2auh0k27ynki
2026-09-06T12:37:50+00:00	dgx-spark-04	True	1	cmtpeql4y1etk2auhbk9668ry
2026-09-06T12:37:50+00:00	dgx-spark-02	True	1	cmtprzt671w352auhqgq43q4y
2026-09-06T12:37:50+00:00	dgx-spark-03	True	1	cmtpsaud71whj2auh0k27ynki
2026-09-06T12:37:52+00:00	dgx-spark-04	True	1	cmtpeql4y1etk2auhbk9668ry
2026-09-06T12:37:52+00:00	dgx-spark-02	True	1	cmtprzt671w352auhqgq43q4y
2026-09-06T12:37:52+00:00	dgx-spark-03	True	1	cmtpsaud71whj2auh0k27ynki
2026-09-06T12:37:54+00:00	dgx-spark-04	True	1	cmtpeql4y1etk2auhbk9668ry
2026-09-06T12:37:54+00:00	dgx-spark-02	True	1	cmtprzt671w352auhqgq43q4y
2026-09-06T12:37:54+00:00	dgx-spark-03	True	1	cmtpsaud71whj2auh0k27ynki
2026-09-06T12:37:56+00:00	dgx-spark-04	True	1	cmtpeql4y1etk2auhbk9668ry
2026-09-06T12:37:56+00:00	dgx-spark-02	True	1	cmtprzt671w352auhqgq43q4y
2026-09-06T12:37:56+00:00	dgx-spark-03	True	1	cmtpsaud71whj2auh0k27ynki
2026-09-06T12:37:58+00:00	dgx-spark-04	True	1	cmtpeql4y1etk2auhbk9668ry
2026-09-06T12:37:58+00:00	dgx-spark-02	True	1	cmtprzt671w352auhqgq43q4y
2026-09-06T12:37:58+00:00	dgx-spark-03	True	1	cmtpsaud71whj2auh0k27ynki
2026-09-06T12:38:01+00:00	dgx-spark-04	True	1	cmtpeql4y1etk2auhbk9668ry
2026-09-06T12:38:01+00:00	dgx-spark-02	True	1	cmtprzt671w352auhqgq43q4y
2026-09-06T12:38:01+00:00	dgx-spark-03	True	1	cmtpsaud71whj2auh0k27ynki
2026-09-06T12:38:03+00:00	dgx-spark-04	True	1	cmtpeql4y1etk2auhbk9668ry
2026-09-06T12:38:03+00:00	dgx-spark-02	True	1	cmtprzt671w352auhqgq43q4y
2026-09-06T12:38:03+00:00	dgx-spark-03	True	1	cmtpsaud71whj2auh0k27ynki
2026-09-06T12:38:05+00:00	dgx-spark-04	True	1	cmtpeql4y1etk2auhbk9668ry
2026-09-06T12:38:05+00:00	dgx-spark-02	True	1	cmtprzt671w352auhqgq43q4y
2026-09-06T12:38:05+00:00	dgx-spark-03	True	1	cmtpsaud71whj2auh0k27ynki
2026-09-06T12:38:07+00:00	dgx-spark-04	True	1	cmtpeql4y1etk2auhbk9668ry
2026-09-06T12:38:07+00:00	dgx-spark-02	True	1	cmtprzt671w352auhqgq43q4y
2026-09-06T12:38:07+00:00	dgx-spark-03	True	1	cmtpsaud71whj2auh0k27ynki
2026-09-06T12:38:09+00:00	dgx-spark-04	True	1	cmtpeql4y1etk2auhbk9668ry
2026-09-06T12:38:09+00:00	dgx-spark-02	True	1	cmtprzt671w352auhqgq43q4y
2026-09-06T12:38:09+00:00	dgx-spark-03	True	1	cmtpsaud71whj2auh0k27ynki
2026-09-06T12:38:11+00:00	dgx-spark-04	True	1	cmtpeql4y1etk2auhbk9668ry
2026-09-06T12:38:11+00:00	dgx-spark-02	True	1	cmtprzt671w352auhqgq43q4y
2026-09-06T12:38:11+00:00	dgx-spark-03	True	1	cmtpsaud71whj2auh0k27ynki
2026-09-06T12:38:13+00:00	dgx-spark-04	True	1	cmtpeql4y1etk2auhbk9668ry
2026-09-06T12:38:13+00:00	dgx-spark-02	True	1	cmtprzt671w352auhqgq43q4y
2026-09-06T12:38:13+00:00	dgx-spark-03	True	1	cmtpsaud71whj2auh0k27ynki
2026-09-06T12:38:15+00:00	dgx-spark-04	True	1	cmtpeql4y1etk2auhbk9668ry
2026-09-06T12:38:15+00:00	dgx-spark-02	True	1	cmtprzt671w352auhqgq43q4y
2026-09-06T12:38:15+00:00	dgx-spark-03	True	1	cmtpsaud71whj2auh0k27ynki
2026-09-06T12:38:17+00:00	dgx-spark-04	True	1	cmtpeql4y1etk2auhbk9668ry
2026-09-06T12:38:17+00:00	dgx-spark-02	True	1	cmtprzt671w352auhqgq43q4y
2026-09-06T12:38:17+00:00	dgx-spark-03	True	1	cmtpsaud71whj2auh0k27ynki
2026-09-06T12:38:19+00:00	dgx-spark-04	True	1	cmtpeql4y1etk2auhbk9668ry
2026-09-06T12:38:19+00:00	dgx-spark-02	True	1	cmtprzt671w352auhqgq43q4y
2026-09-06T12:38:19+00:00	dgx-spark-03	True	1	cmtpsaud71whj2auh0k27ynki
2026-09-06T12:38:22+00:00	dgx-spark-04	True	1	cmtpeql4y1etk2auhbk9668ry
2026-09-06T12:38:22+00:00	dgx-spark-02	True	1	cmtprzt671w352auhqgq43q4y
2026-09-06T12:38:22+00:00	dgx-spark-03	True	1	cmtpsaud71whj2auh0k27ynki
2026-09-06T12:38:24+00:00	dgx-spark-04	True	1	cmtpeql4y1etk2auhbk9668ry
2026-09-06T12:38:24+00:00	dgx-spark-02	True	1	cmtprzt671w352auhqgq43q4y
2026-09-06T12:38:24+00:00	dgx-spark-03	True	1	cmtpsaud71whj2auh0k27ynki
2026-09-06T12:38:26+00:00	dgx-spark-04	True	1	cmtpeql4y1etk2auhbk9668ry
2026-09-06T12:38:26+00:00	dgx-spark-02	True	1	cmtprzt671w352auhqgq43q4y
2026-09-06T12:38:26+00:00	dgx-spark-03	True	1	cmtpsaud71whj2auh0k27ynki
2026-09-06T12:38:28+00:00	dgx-spark-04	True	0	cmtpeql4y1etk2auhbk9668ry
2026-09-06T12:38:28+00:00	dgx-spark-02	True	1	cmtprzt671w352auhqgq43q4y
2026-09-06T12:38:28+00:00	dgx-spark-03	True	1	cmtpsaud71whj2auh0k27ynki
2026-09-06T12:38:30+00:00	dgx-spark-04	True	1	cmtpeql4y1etk2auhbk9668ry
2026-09-06T12:38:30+00:00	dgx-spark-02	True	1	cmtprzt671w352auhqgq43q4y
2026-09-06T12:38:30+00:00	dgx-spark-03	True	1	cmtpsaud71whj2auh0k27ynki
2026-09-06T12:38:32+00:00	dgx-spark-04	True	1	cmtpeql4y1etk2auhbk9668ry
2026-09-06T12:38:32+00:00	dgx-spark-02	True	1	cmtprzt671w352auhqgq43q4y
2026-09-06T12:38:32+00:00	dgx-spark-03	True	0	cmtpsaud71whj2auh0k27ynki
2026-09-06T12:38:34+00:00	dgx-spark-04	True	1	cmtpeql4y1etk2auhbk9668ry
2026-09-06T12:38:34+00:00	dgx-spark-02	True	1	cmtprzt671w352auhqgq43q4y
2026-09-06T12:38:34+00:00	dgx-spark-03	True	1	cmtpsaud71whj2auh0k27ynki
2026-09-06T12:38:36+00:00	dgx-spark-04	True	1	cmtpeql4y1etk2auhbk9668ry
2026-09-06T12:38:36+00:00	dgx-spark-02	True	1	cmtprzt671w352auhqgq43q4y
2026-09-06T12:38:36+00:00	dgx-spark-03	True	1	cmtpsaud71whj2auh0k27ynki
2026-09-06T12:38:38+00:00	dgx-spark-04	True	1	cmtpeql4y1etk2auhbk9668ry
2026-09-06T12:38:38+00:00	dgx-spark-02	True	1	cmtprzt671w352auhqgq43q4y
2026-09-06T12:38:38+00:00	dgx-spark-03	True	1	cmtpsaud71whj2auh0k27ynki
2026-09-06T12:38:40+00:00	dgx-spark-04	True	1	cmtpeql4y1etk2auhbk9668ry
2026-09-06T12:38:40+00:00	dgx-spark-02	True	1	cmtprzt671w352auhqgq43q4y
2026-09-06T12:38:40+00:00	dgx-spark-03	True	1	cmtpsaud71whj2auh0k27ynki
2026-09-06T12:38:43+00:00	dgx-spark-04	True	1	cmtpeql4y1etk2auhbk9668ry
2026-09-06T12:38:43+00:00	dgx-spark-02	True	1	cmtprzt671w352auhqgq43q4y
2026-09-06T12:38:43+00:00	dgx-spark-03	True	1	cmtpsaud71whj2auh0k27ynki
2026-09-06T12:38:45+00:00	dgx-spark-04	True	1	cmtpeql4y1etk2auhbk9668ry
2026-09-06T12:38:45+00:00	dgx-spark-02	True	1	cmtprzt671w352auhqgq43q4y
2026-09-06T12:38:45+00:00	dgx-spark-03	True	1	cmtpsaud71whj2auh0k27ynki
2026-09-06T12:38:47+00:00	dgx-spark-04	True	1	cmtpeql4y1etk2auhbk9668ry
2026-09-06T12:38:47+00:00	dgx-spark-02	True	1	cmtprzt671w352auhqgq43q4y
2026-09-06T12:38:47+00:00	dgx-spark-03	True	1	cmtpsaud71whj2auh0k27ynki
2026-09-06T12:38:49+00:00	dgx-spark-04	True	1	cmtpeql4y1etk2auhbk9668ry
2026-09-06T12:38:49+00:00	dgx-spark-02	True	1	cmtprzt671w352auhqgq43q4y
2026-09-06T12:38:49+00:00	dgx-spark-03	True	1	cmtpsaud71whj2auh0k27ynki
2026-09-06T12:38:51+00:00	dgx-spark-04	True	1	cmtpeql4y1etk2auhbk9668ry
2026-09-06T12:38:51+00:00	dgx-spark-02	True	1	cmtprzt671w352auhqgq43q4y
2026-09-06T12:38:51+00:00	dgx-spark-03	True	1	cmtpsaud71whj2auh0k27ynki
2026-09-06T12:38:53+00:00	dgx-spark-04	True	1	cmtpeql4y1etk2auhbk9668ry
2026-09-06T12:38:53+00:00	dgx-spark-02	True	1	cmtprzt671w352auhqgq43q4y
2026-09-06T12:38:53+00:00	dgx-spark-03	True	1	cmtpsaud71whj2auh0k27ynki
2026-09-06T12:38:55+00:00	dgx-spark-04	True	1	cmtpeql4y1etk2auhbk9668ry
2026-09-06T12:38:55+00:00	dgx-spark-02	True	1	cmtprzt671w352auhqgq43q4y
2026-09-06T12:38:55+00:00	dgx-spark-03	True	1	cmtpsaud71whj2auh0k27ynki
2026-09-06T12:38:57+00:00	dgx-spark-04	True	1	cmtpeql4y1etk2auhbk9668ry
2026-09-06T12:38:57+00:00	dgx-spark-02	True	1	cmtprzt671w352auhqgq43q4y
2026-09-06T12:38:57+00:00	dgx-spark-03	True	1	cmtpsaud71whj2auh0k27ynki
2026-09-06T12:38:59+00:00	dgx-spark-04	True	1	cmtpeql4y1etk2auhbk9668ry
2026-09-06T12:38:59+00:00	dgx-spark-02	True	1	cmtprzt671w352auhqgq43q4y
2026-09-06T12:38:59+00:00	dgx-spark-03	True	1	cmtpsaud71whj2auh0k27ynki
2026-09-06T12:39:01+00:00	dgx-spark-04	True	1	cmtpeql4y1etk2auhbk9668ry
2026-09-06T12:39:01+00:00	dgx-spark-02	True	1	cmtprzt671w352auhqgq43q4y
2026-09-06T12:39:01+00:00	dgx-spark-03	True	1	cmtpsaud71whj2auh0k27ynki
2026-09-06T12:39:04+00:00	dgx-spark-04	True	1	cmtpeql4y1etk2auhbk9668ry
2026-09-06T12:39:04+00:00	dgx-spark-02	True	1	cmtprzt671w352auhqgq43q4y
2026-09-06T12:39:04+00:00	dgx-spark-03	True	1	cmtpsaud71whj2auh0k27ynki
2026-09-06T12:39:06+00:00	dgx-spark-04	True	1	cmtpeql4y1etk2auhbk9668ry
2026-09-06T12:39:06+00:00	dgx-spark-02	True	1	cmtprzt671w352auhqgq43q4y
2026-09-06T12:39:06+00:00	dgx-spark-03	True	1	cmtpsaud71whj2auh0k27ynki
2026-09-06T12:39:08+00:00	dgx-spark-04	True	1	cmtpeql4y1etk2auhbk9668ry
2026-09-06T12:39:08+00:00	dgx-spark-02	True	1	cmtprzt671w352auhqgq43q4y
2026-09-06T12:39:08+00:00	dgx-spark-03	True	1	cmtpsaud71whj2auh0k27ynki
2026-09-06T12:39:10+00:00	dgx-spark-04	True	1	cmtpeql4y1etk2auhbk9668ry
2026-09-06T12:39:10+00:00	dgx-spark-02	True	1	cmtprzt671w352auhqgq43q4y
2026-09-06T12:39:10+00:00	dgx-spark-03	True	1	cmtpsaud71whj2auh0k27ynki
2026-09-06T12:39:12+00:00	dgx-spark-04	True	1	cmtpeql4y1etk2auhbk9668ry
2026-09-06T12:39:12+00:00	dgx-spark-02	True	1	cmtprzt671w352auhqgq43q4y
2026-09-06T12:39:12+00:00	dgx-spark-03	True	1	cmtpsaud71whj2auh0k27ynki
2026-09-06T12:39:14+00:00	dgx-spark-04	True	1	cmtpeql4y1etk2auhbk9668ry
2026-09-06T12:39:14+00:00	dgx-spark-02	True	1	cmtprzt671w352auhqgq43q4y
2026-09-06T12:39:14+00:00	dgx-spark-03	True	1	cmtpsaud71whj2auh0k27ynki
2026-09-06T12:39:16+00:00	dgx-spark-04	True	1	cmtpeql4y1etk2auhbk9668ry
2026-09-06T12:39:16+00:00	dgx-spark-02	True	1	cmtprzt671w352auhqgq43q4y
2026-09-06T12:39:16+00:00	dgx-spark-03	True	1	cmtpsaud71whj2auh0k27ynki
2026-09-06T12:39:18+00:00	dgx-spark-04	True	1	cmtpeql4y1etk2auhbk9668ry
2026-09-06T12:39:18+00:00	dgx-spark-02	True	1	cmtprzt671w352auhqgq43q4y
2026-09-06T12:39:18+00:00	dgx-spark-03	True	1	cmtpsaud71whj2auh0k27ynki
2026-09-06T12:39:20+00:00	dgx-spark-04	True	1	cmtpeql4y1etk2auhbk9668ry
2026-09-06T12:39:20+00:00	dgx-spark-02	True	1	cmtprzt671w352auhqgq43q4y
2026-09-06T12:39:20+00:00	dgx-spark-03	True	1	cmtpsaud71whj2auh0k27ynki
2026-09-06T12:39:22+00:00	dgx-spark-04	True	1	cmtpeql4y1etk2auhbk9668ry
2026-09-06T12:39:22+00:00	dgx-spark-02	True	1	cmtprzt671w352auhqgq43q4y
2026-09-06T12:39:22+00:00	dgx-spark-03	True	1	cmtpsaud71whj2auh0k27ynki
2026-09-06T12:39:24+00:00	dgx-spark-04	True	1	cmtpeql4y1etk2auhbk9668ry
2026-09-06T12:39:24+00:00	dgx-spark-02	True	1	cmtprzt671w352auhqgq43q4y
2026-09-06T12:39:24+00:00	dgx-spark-03	True	1	cmtpsaud71whj2auh0k27ynki
2026-09-06T12:39:27+00:00	dgx-spark-04	True	1	cmtpeql4y1etk2auhbk9668ry
2026-09-06T12:39:27+00:00	dgx-spark-02	True	1	cmtprzt671w352auhqgq43q4y
2026-09-06T12:39:27+00:00	dgx-spark-03	True	1	cmtpsaud71whj2auh0k27ynki
2026-09-06T12:39:29+00:00	dgx-spark-04	True	1	cmtpeql4y1etk2auhbk9668ry
2026-09-06T12:39:29+00:00	dgx-spark-02	True	1	cmtprzt671w352auhqgq43q4y
2026-09-06T12:39:29+00:00	dgx-spark-03	True	0	cmtpsaud71whj2auh0k27ynki
2026-09-06T12:39:31+00:00	dgx-spark-04	True	1	cmtpeql4y1etk2auhbk9668ry
2026-09-06T12:39:31+00:00	dgx-spark-02	True	1	cmtprzt671w352auhqgq43q4y
2026-09-06T12:39:31+00:00	dgx-spark-03	True	1	cmtpsaud71whj2auh0k27ynki
2026-09-06T12:39:33+00:00	dgx-spark-04	True	1	cmtpeql4y1etk2auhbk9668ry
2026-09-06T12:39:33+00:00	dgx-spark-02	True	1	cmtprzt671w352auhqgq43q4y
2026-09-06T12:39:33+00:00	dgx-spark-03	True	1	cmtpsaud71whj2auh0k27ynki
2026-09-06T12:39:35+00:00	dgx-spark-04	True	1	cmtpeql4y1etk2auhbk9668ry
2026-09-06T12:39:35+00:00	dgx-spark-02	True	1	cmtprzt671w352auhqgq43q4y
2026-09-06T12:39:35+00:00	dgx-spark-03	True	1	cmtpsaud71whj2auh0k27ynki
2026-09-06T12:39:37+00:00	dgx-spark-04	True	1	cmtpeql4y1etk2auhbk9668ry
2026-09-06T12:39:37+00:00	dgx-spark-02	True	1	cmtprzt671w352auhqgq43q4y
2026-09-06T12:39:37+00:00	dgx-spark-03	True	1	cmtpsaud71whj2auh0k27ynki
2026-09-06T12:39:39+00:00	dgx-spark-04	True	1	cmtpeql4y1etk2auhbk9668ry
2026-09-06T12:39:39+00:00	dgx-spark-02	True	1	cmtprzt671w352auhqgq43q4y
2026-09-06T12:39:39+00:00	dgx-spark-03	True	1	cmtpsaud71whj2auh0k27ynki
2026-09-06T12:39:41+00:00	dgx-spark-04	True	1	cmtpeql4y1etk2auhbk9668ry
2026-09-06T12:39:41+00:00	dgx-spark-02	True	1	cmtprzt671w352auhqgq43q4y
2026-09-06T12:39:41+00:00	dgx-spark-03	True	1	cmtpsaud71whj2auh0k27ynki
2026-09-06T12:39:43+00:00	dgx-spark-04	True	1	cmtpeql4y1etk2auhbk9668ry
2026-09-06T12:39:43+00:00	dgx-spark-02	True	1	cmtprzt671w352auhqgq43q4y
2026-09-06T12:39:43+00:00	dgx-spark-03	True	1	cmtpsaud71whj2auh0k27ynki
2026-09-06T12:39:45+00:00	dgx-spark-04	True	1	cmtpeql4y1etk2auhbk9668ry
2026-09-06T12:39:45+00:00	dgx-spark-02	True	1	cmtprzt671w352auhqgq43q4y
2026-09-06T12:39:45+00:00	dgx-spark-03	True	1	cmtpsaud71whj2auh0k27ynki
2026-09-06T12:39:48+00:00	dgx-spark-04	True	1	cmtpeql4y1etk2auhbk9668ry
2026-09-06T12:39:48+00:00	dgx-spark-02	True	1	cmtprzt671w352auhqgq43q4y
2026-09-06T12:39:48+00:00	dgx-spark-03	True	1	cmtpsaud71whj2auh0k27ynki
2026-09-06T12:39:50+00:00	dgx-spark-04	True	1	cmtpeql4y1etk2auhbk9668ry
2026-09-06T12:39:50+00:00	dgx-spark-02	True	1	cmtprzt671w352auhqgq43q4y
2026-09-06T12:39:50+00:00	dgx-spark-03	True	1	cmtpsaud71whj2auh0k27ynki
2026-09-06T12:39:52+00:00	dgx-spark-04	True	1	cmtpeql4y1etk2auhbk9668ry
2026-09-06T12:39:52+00:00	dgx-spark-02	True	1	cmtprzt671w352auhqgq43q4y
2026-09-06T12:39:52+00:00	dgx-spark-03	True	1	cmtpsaud71whj2auh0k27ynki
2026-09-06T12:39:54+00:00	dgx-spark-04	True	1	cmtpeql4y1etk2auhbk9668ry
2026-09-06T12:39:54+00:00	dgx-spark-02	True	1	cmtprzt671w352auhqgq43q4y
2026-09-06T12:39:54+00:00	dgx-spark-03	True	1	cmtpsaud71whj2auh0k27ynki
2026-09-06T12:39:56+00:00	dgx-spark-04	True	1	cmtpeql4y1etk2auhbk9668ry
2026-09-06T12:39:56+00:00	dgx-spark-02	True	1	cmtprzt671w352auhqgq43q4y
2026-09-06T12:39:56+00:00	dgx-spark-03	True	1	cmtpsaud71whj2auh0k27ynki
2026-09-06T12:39:58+00:00	dgx-spark-04	True	1	cmtpeql4y1etk2auhbk9668ry
2026-09-06T12:39:58+00:00	dgx-spark-02	True	1	cmtprzt671w352auhqgq43q4y
2026-09-06T12:39:58+00:00	dgx-spark-03	True	1	cmtpsaud71whj2auh0k27ynki
2026-09-06T12:40:00+00:00	dgx-spark-04	True	1	cmtpeql4y1etk2auhbk9668ry
2026-09-06T12:40:00+00:00	dgx-spark-02	True	0	cmtprzt671w352auhqgq43q4y
2026-09-06T12:40:00+00:00	dgx-spark-03	True	1	cmtpsaud71whj2auh0k27ynki
2026-09-06T12:40:02+00:00	dgx-spark-04	True	1	cmtpeql4y1etk2auhbk9668ry
2026-09-06T12:40:02+00:00	dgx-spark-02	True	1	cmtprzt671w352auhqgq43q4y
2026-09-06T12:40:02+00:00	dgx-spark-03	True	1	cmtpsaud71whj2auh0k27ynki
2026-09-06T12:40:04+00:00	dgx-spark-04	True	1	cmtpeql4y1etk2auhbk9668ry
2026-09-06T12:40:04+00:00	dgx-spark-02	True	1	cmtprzt671w352auhqgq43q4y
2026-09-06T12:40:04+00:00	dgx-spark-03	True	1	cmtpsaud71whj2auh0k27ynki
2026-09-06T12:40:06+00:00	dgx-spark-04	True	1	cmtpeql4y1etk2auhbk9668ry
2026-09-06T12:40:06+00:00	dgx-spark-02	True	1	cmtprzt671w352auhqgq43q4y
2026-09-06T12:40:06+00:00	dgx-spark-03	True	1	cmtpsaud71whj2auh0k27ynki
2026-09-06T12:40:09+00:00	dgx-spark-04	True	1	cmtpeql4y1etk2auhbk9668ry
2026-09-06T12:40:09+00:00	dgx-spark-02	True	1	cmtprzt671w352auhqgq43q4y
2026-09-06T12:40:09+00:00	dgx-spark-03	True	1	cmtpsaud71whj2auh0k27ynki
2026-09-06T12:40:11+00:00	dgx-spark-04	True	1	cmtpeql4y1etk2auhbk9668ry
2026-09-06T12:40:11+00:00	dgx-spark-02	True	1	cmtprzt671w352auhqgq43q4y
2026-09-06T12:40:11+00:00	dgx-spark-03	True	1	cmtpsaud71whj2auh0k27ynki
2026-09-06T12:40:13+00:00	dgx-spark-04	True	1	cmtpeql4y1etk2auhbk9668ry
2026-09-06T12:40:13+00:00	dgx-spark-02	True	1	cmtprzt671w352auhqgq43q4y
2026-09-06T12:40:13+00:00	dgx-spark-03	True	1	cmtpsaud71whj2auh0k27ynki
2026-09-06T12:40:15+00:00	dgx-spark-04	True	1	cmtpeql4y1etk2auhbk9668ry
2026-09-06T12:40:15+00:00	dgx-spark-02	True	1	cmtprzt671w352auhqgq43q4y
2026-09-06T12:40:15+00:00	dgx-spark-03	True	1	cmtpsaud71whj2auh0k27ynki
2026-09-06T12:40:17+00:00	dgx-spark-04	True	1	cmtpeql4y1etk2auhbk9668ry
2026-09-06T12:40:17+00:00	dgx-spark-02	True	1	cmtprzt671w352auhqgq43q4y
2026-09-06T12:40:17+00:00	dgx-spark-03	True	1	cmtpsaud71whj2auh0k27ynki
2026-09-06T12:40:19+00:00	dgx-spark-04	True	1	cmtpeql4y1etk2auhbk9668ry
2026-09-06T12:40:19+00:00	dgx-spark-02	True	1	cmtprzt671w352auhqgq43q4y
2026-09-06T12:40:19+00:00	dgx-spark-03	True	1	cmtpsaud71whj2auh0k27ynki
2026-09-06T12:40:21+00:00	dgx-spark-04	True	1	cmtpeql4y1etk2auhbk9668ry
2026-09-06T12:40:21+00:00	dgx-spark-02	True	1	cmtprzt671w352auhqgq43q4y
2026-09-06T12:40:21+00:00	dgx-spark-03	True	1	cmtpsaud71whj2auh0k27ynki
2026-09-06T12:40:23+00:00	dgx-spark-04	True	1	cmtpeql4y1etk2auhbk9668ry
2026-09-06T12:40:23+00:00	dgx-spark-02	True	1	cmtprzt671w352auhqgq43q4y
2026-09-06T12:40:23+00:00	dgx-spark-03	True	1	cmtpsaud71whj2auh0k27ynki
2026-09-06T12:40:25+00:00	dgx-spark-04	True	1	cmtpeql4y1etk2auhbk9668ry
2026-09-06T12:40:25+00:00	dgx-spark-02	True	1	cmtprzt671w352auhqgq43q4y
2026-09-06T12:40:25+00:00	dgx-spark-03	True	1	cmtpsaud71whj2auh0k27ynki
2026-09-06T12:40:27+00:00	dgx-spark-04	True	1	cmtpeql4y1etk2auhbk9668ry
2026-09-06T12:40:27+00:00	dgx-spark-02	True	1	cmtprzt671w352auhqgq43q4y
2026-09-06T12:40:27+00:00	dgx-spark-03	True	1	cmtpsaud71whj2auh0k27ynki
2026-09-06T12:40:30+00:00	dgx-spark-04	True	1	cmtpeql4y1etk2auhbk9668ry
2026-09-06T12:40:30+00:00	dgx-spark-02	True	1	cmtprzt671w352auhqgq43q4y
2026-09-06T12:40:30+00:00	dgx-spark-03	True	1	cmtpsaud71whj2auh0k27ynki
2026-09-06T12:40:32+00:00	dgx-spark-04	True	1	cmtpeql4y1etk2auhbk9668ry
2026-09-06T12:40:32+00:00	dgx-spark-02	True	1	cmtprzt671w352auhqgq43q4y
2026-09-06T12:40:32+00:00	dgx-spark-03	True	1	cmtpsaud71whj2auh0k27ynki
2026-09-06T12:40:34+00:00	dgx-spark-04	True	1	cmtpeql4y1etk2auhbk9668ry
2026-09-06T12:40:34+00:00	dgx-spark-02	True	1	cmtprzt671w352auhqgq43q4y
2026-09-06T12:40:34+00:00	dgx-spark-03	True	1	cmtpsaud71whj2auh0k27ynki
2026-09-06T12:40:36+00:00	dgx-spark-04	True	1	cmtpeql4y1etk2auhbk9668ry
2026-09-06T12:40:36+00:00	dgx-spark-02	True	1	cmtprzt671w352auhqgq43q4y
2026-09-06T12:40:36+00:00	dgx-spark-03	True	1	cmtpsaud71whj2auh0k27ynki
2026-09-06T12:40:38+00:00	dgx-spark-04	True	1	cmtpeql4y1etk2auhbk9668ry
2026-09-06T12:40:38+00:00	dgx-spark-02	True	1	cmtprzt671w352auhqgq43q4y
2026-09-06T12:40:38+00:00	dgx-spark-03	True	1	cmtpsaud71whj2auh0k27ynki
2026-09-06T12:40:40+00:00	dgx-spark-04	True	1	cmtpeql4y1etk2auhbk9668ry
2026-09-06T12:40:40+00:00	dgx-spark-02	True	1	cmtprzt671w352auhqgq43q4y
2026-09-06T12:40:40+00:00	dgx-spark-03	True	1	cmtpsaud71whj2auh0k27ynki
2026-09-06T12:40:42+00:00	dgx-spark-04	True	1	cmtpeql4y1etk2auhbk9668ry
2026-09-06T12:40:42+00:00	dgx-spark-02	True	1	cmtprzt671w352auhqgq43q4y
2026-09-06T12:40:42+00:00	dgx-spark-03	True	1	cmtpsaud71whj2auh0k27ynki
2026-09-06T12:40:44+00:00	dgx-spark-04	True	1	cmtpeql4y1etk2auhbk9668ry
2026-09-06T12:40:44+00:00	dgx-spark-02	True	1	cmtprzt671w352auhqgq43q4y
2026-09-06T12:40:44+00:00	dgx-spark-03	True	1	cmtpsaud71whj2auh0k27ynki
2026-09-06T12:40:46+00:00	dgx-spark-04	True	1	cmtpeql4y1etk2auhbk9668ry
2026-09-06T12:40:46+00:00	dgx-spark-02	True	1	cmtprzt671w352auhqgq43q4y
2026-09-06T12:40:46+00:00	dgx-spark-03	True	1	cmtpsaud71whj2auh0k27ynki
2026-09-06T12:40:48+00:00	dgx-spark-04	True	1	cmtpeql4y1etk2auhbk9668ry
2026-09-06T12:40:48+00:00	dgx-spark-02	True	1	cmtprzt671w352auhqgq43q4y
2026-09-06T12:40:48+00:00	dgx-spark-03	True	1	cmtpsaud71whj2auh0k27ynki
2026-09-06T12:40:50+00:00	dgx-spark-04	True	1	cmtpeql4y1etk2auhbk9668ry
2026-09-06T12:40:50+00:00	dgx-spark-02	True	1	cmtprzt671w352auhqgq43q4y
2026-09-06T12:40:50+00:00	dgx-spark-03	True	1	cmtpsaud71whj2auh0k27ynki
2026-09-06T12:40:53+00:00	dgx-spark-04	True	1	cmtpeql4y1etk2auhbk9668ry
2026-09-06T12:40:53+00:00	dgx-spark-02	True	1	cmtprzt671w352auhqgq43q4y
2026-09-06T12:40:53+00:00	dgx-spark-03	True	1	cmtpsaud71whj2auh0k27ynki
2026-09-06T12:40:55+00:00	dgx-spark-04	True	1	cmtpeql4y1etk2auhbk9668ry
2026-09-06T12:40:55+00:00	dgx-spark-02	True	1	cmtprzt671w352auhqgq43q4y
2026-09-06T12:40:55+00:00	dgx-spark-03	True	1	cmtpsaud71whj2auh0k27ynki
2026-09-06T12:40:57+00:00	dgx-spark-04	True	1	cmtpeql4y1etk2auhbk9668ry
2026-09-06T12:40:57+00:00	dgx-spark-02	True	1	cmtprzt671w352auhqgq43q4y
2026-09-06T12:40:57+00:00	dgx-spark-03	True	1	cmtpsaud71whj2auh0k27ynki
2026-09-06T12:40:59+00:00	dgx-spark-04	True	1	cmtpeql4y1etk2auhbk9668ry
2026-09-06T12:40:59+00:00	dgx-spark-02	True	1	cmtprzt671w352auhqgq43q4y
2026-09-06T12:40:59+00:00	dgx-spark-03	True	1	cmtpsaud71whj2auh0k27ynki
2026-09-06T12:41:01+00:00	dgx-spark-04	True	1	cmtpeql4y1etk2auhbk9668ry
2026-09-06T12:41:01+00:00	dgx-spark-02	True	1	cmtprzt671w352auhqgq43q4y
2026-09-06T12:41:01+00:00	dgx-spark-03	True	1	cmtpsaud71whj2auh0k27ynki
2026-09-06T12:41:03+00:00	dgx-spark-04	True	1	cmtpeql4y1etk2auhbk9668ry
2026-09-06T12:41:03+00:00	dgx-spark-02	True	1	cmtprzt671w352auhqgq43q4y
2026-09-06T12:41:03+00:00	dgx-spark-03	True	1	cmtpsaud71whj2auh0k27ynki
2026-09-06T12:41:05+00:00	dgx-spark-04	True	1	cmtpeql4y1etk2auhbk9668ry
2026-09-06T12:41:05+00:00	dgx-spark-02	True	1	cmtprzt671w352auhqgq43q4y
2026-09-06T12:41:05+00:00	dgx-spark-03	True	1	cmtpsaud71whj2auh0k27ynki
2026-09-06T12:41:07+00:00	dgx-spark-04	True	1	cmtpeql4y1etk2auhbk9668ry
2026-09-06T12:41:07+00:00	dgx-spark-02	True	1	cmtprzt671w352auhqgq43q4y
2026-09-06T12:41:07+00:00	dgx-spark-03	True	1	cmtpsaud71whj2auh0k27ynki
2026-09-06T12:41:09+00:00	dgx-spark-04	True	1	cmtpeql4y1etk2auhbk9668ry
2026-09-06T12:41:09+00:00	dgx-spark-02	True	1	cmtprzt671w352auhqgq43q4y
2026-09-06T12:41:09+00:00	dgx-spark-03	True	1	cmtpsaud71whj2auh0k27ynki
2026-09-06T12:41:11+00:00	dgx-spark-04	True	1	cmtpeql4y1etk2auhbk9668ry
2026-09-06T12:41:11+00:00	dgx-spark-02	True	1	cmtprzt671w352auhqgq43q4y
2026-09-06T12:41:11+00:00	dgx-spark-03	True	1	cmtpsaud71whj2auh0k27ynki
2026-09-06T12:41:14+00:00	dgx-spark-04	True	1	cmtpeql4y1etk2auhbk9668ry
2026-09-06T12:41:14+00:00	dgx-spark-02	True	1	cmtprzt671w352auhqgq43q4y
2026-09-06T12:41:14+00:00	dgx-spark-03	True	1	cmtpsaud71whj2auh0k27ynki
2026-09-06T12:41:16+00:00	dgx-spark-04	True	1	cmtpeql4y1etk2auhbk9668ry
2026-09-06T12:41:16+00:00	dgx-spark-02	True	1	cmtprzt671w352auhqgq43q4y
2026-09-06T12:41:16+00:00	dgx-spark-03	True	1	cmtpsaud71whj2auh0k27ynki
2026-09-06T12:41:18+00:00	dgx-spark-04	True	1	cmtpeql4y1etk2auhbk9668ry
2026-09-06T12:41:18+00:00	dgx-spark-02	True	1	cmtprzt671w352auhqgq43q4y
2026-09-06T12:41:18+00:00	dgx-spark-03	True	1	cmtpsaud71whj2auh0k27ynki
2026-09-06T12:41:20+00:00	dgx-spark-04	True	1	cmtpeql4y1etk2auhbk9668ry
2026-09-06T12:41:20+00:00	dgx-spark-02	True	1	cmtprzt671w352auhqgq43q4y
2026-09-06T12:41:20+00:00	dgx-spark-03	True	1	cmtpsaud71whj2auh0k27ynki
2026-09-06T12:41:22+00:00	dgx-spark-04	True	1	cmtpeql4y1etk2auhbk9668ry
2026-09-06T12:41:22+00:00	dgx-spark-02	True	0	cmtprzt671w352auhqgq43q4y
2026-09-06T12:41:22+00:00	dgx-spark-03	True	1	cmtpsaud71whj2auh0k27ynki
2026-09-06T12:41:24+00:00	dgx-spark-04	True	1	cmtpeql4y1etk2auhbk9668ry
2026-09-06T12:41:24+00:00	dgx-spark-02	True	1	cmtprzt671w352auhqgq43q4y
2026-09-06T12:41:24+00:00	dgx-spark-03	True	1	cmtpsaud71whj2auh0k27ynki
2026-09-06T12:41:26+00:00	dgx-spark-04	True	1	cmtpeql4y1etk2auhbk9668ry
2026-09-06T12:41:26+00:00	dgx-spark-02	True	1	cmtprzt671w352auhqgq43q4y
2026-09-06T12:41:26+00:00	dgx-spark-03	True	1	cmtpsaud71whj2auh0k27ynki
2026-09-06T12:41:28+00:00	dgx-spark-04	True	1	cmtpeql4y1etk2auhbk9668ry
2026-09-06T12:41:28+00:00	dgx-spark-02	True	1	cmtprzt671w352auhqgq43q4y
2026-09-06T12:41:28+00:00	dgx-spark-03	True	1	cmtpsaud71whj2auh0k27ynki
2026-09-06T12:41:30+00:00	dgx-spark-04	True	1	cmtpeql4y1etk2auhbk9668ry
2026-09-06T12:41:30+00:00	dgx-spark-02	True	1	cmtprzt671w352auhqgq43q4y
2026-09-06T12:41:30+00:00	dgx-spark-03	True	1	cmtpsaud71whj2auh0k27ynki
2026-09-06T12:41:32+00:00	dgx-spark-04	True	1	cmtpeql4y1etk2auhbk9668ry
2026-09-06T12:41:32+00:00	dgx-spark-02	True	1	cmtprzt671w352auhqgq43q4y
2026-09-06T12:41:32+00:00	dgx-spark-03	True	1	cmtpsaud71whj2auh0k27ynki
2026-09-06T12:41:35+00:00	dgx-spark-04	True	1	cmtpeql4y1etk2auhbk9668ry
2026-09-06T12:41:35+00:00	dgx-spark-02	True	1	cmtprzt671w352auhqgq43q4y
2026-09-06T12:41:35+00:00	dgx-spark-03	True	1	cmtpsaud71whj2auh0k27ynki
2026-09-06T12:41:37+00:00	dgx-spark-04	True	1	cmtpeql4y1etk2auhbk9668ry
2026-09-06T12:41:37+00:00	dgx-spark-02	True	1	cmtprzt671w352auhqgq43q4y
2026-09-06T12:41:37+00:00	dgx-spark-03	True	1	cmtpsaud71whj2auh0k27ynki
2026-09-06T12:41:39+00:00	dgx-spark-04	True	1	cmtpeql4y1etk2auhbk9668ry
2026-09-06T12:41:39+00:00	dgx-spark-02	True	1	cmtprzt671w352auhqgq43q4y
2026-09-06T12:41:39+00:00	dgx-spark-03	True	1	cmtpsaud71whj2auh0k27ynki
2026-09-06T12:41:41+00:00	dgx-spark-04	True	1	cmtpeql4y1etk2auhbk9668ry
2026-09-06T12:41:41+00:00	dgx-spark-02	True	1	cmtprzt671w352auhqgq43q4y
2026-09-06T12:41:41+00:00	dgx-spark-03	True	1	cmtpsaud71whj2auh0k27ynki
2026-09-06T12:41:43+00:00	dgx-spark-04	True	1	cmtpeql4y1etk2auhbk9668ry
2026-09-06T12:41:43+00:00	dgx-spark-02	True	1	cmtprzt671w352auhqgq43q4y
2026-09-06T12:41:43+00:00	dgx-spark-03	True	1	cmtpsaud71whj2auh0k27ynki
2026-09-06T12:41:45+00:00	dgx-spark-04	True	1	cmtpeql4y1etk2auhbk9668ry
2026-09-06T12:41:45+00:00	dgx-spark-02	True	1	cmtprzt671w352auhqgq43q4y
2026-09-06T12:41:45+00:00	dgx-spark-03	True	1	cmtpsaud71whj2auh0k27ynki
2026-09-06T12:41:47+00:00	dgx-spark-04	True	1	cmtpeql4y1etk2auhbk9668ry
2026-09-06T12:41:47+00:00	dgx-spark-02	True	1	cmtprzt671w352auhqgq43q4y
2026-09-06T12:41:47+00:00	dgx-spark-03	True	1	cmtpsaud71whj2auh0k27ynki
2026-09-06T12:41:49+00:00	dgx-spark-04	True	1	cmtpeql4y1etk2auhbk9668ry
2026-09-06T12:41:49+00:00	dgx-spark-02	True	1	cmtprzt671w352auhqgq43q4y
2026-09-06T12:41:49+00:00	dgx-spark-03	True	1	cmtpsaud71whj2auh0k27ynki
2026-09-06T12:41:51+00:00	dgx-spark-04	True	1	cmtpeql4y1etk2auhbk9668ry
2026-09-06T12:41:51+00:00	dgx-spark-02	True	1	cmtprzt671w352auhqgq43q4y
2026-09-06T12:41:51+00:00	dgx-spark-03	True	1	cmtpsaud71whj2auh0k27ynki
2026-09-06T12:41:53+00:00	dgx-spark-04	True	1	cmtpeql4y1etk2auhbk9668ry
2026-09-06T12:41:53+00:00	dgx-spark-02	True	1	cmtprzt671w352auhqgq43q4y
2026-09-06T12:41:53+00:00	dgx-spark-03	True	1	cmtpsaud71whj2auh0k27ynki
2026-09-06T12:41:55+00:00	dgx-spark-04	True	1	cmtpeql4y1etk2auhbk9668ry
2026-09-06T12:41:55+00:00	dgx-spark-02	True	1	cmtprzt671w352auhqgq43q4y
2026-09-06T12:41:55+00:00	dgx-spark-03	True	1	cmtpsaud71whj2auh0k27ynki
2026-09-06T12:41:58+00:00	dgx-spark-04	True	1	cmtpeql4y1etk2auhbk9668ry
2026-09-06T12:41:58+00:00	dgx-spark-02	True	1	cmtprzt671w352auhqgq43q4y
2026-09-06T12:41:58+00:00	dgx-spark-03	True	1	cmtpsaud71whj2auh0k27ynki
2026-09-06T12:42:00+00:00	dgx-spark-04	True	1	cmtpeql4y1etk2auhbk9668ry
2026-09-06T12:42:00+00:00	dgx-spark-02	True	1	cmtprzt671w352auhqgq43q4y
2026-09-06T12:42:00+00:00	dgx-spark-03	True	1	cmtpsaud71whj2auh0k27ynki
2026-09-06T12:42:02+00:00	dgx-spark-04	True	1	cmtpeql4y1etk2auhbk9668ry
2026-09-06T12:42:02+00:00	dgx-spark-02	True	1	cmtprzt671w352auhqgq43q4y
2026-09-06T12:42:02+00:00	dgx-spark-03	True	1	cmtpsaud71whj2auh0k27ynki
2026-09-06T12:42:04+00:00	dgx-spark-04	True	1	cmtpeql4y1etk2auhbk9668ry
2026-09-06T12:42:04+00:00	dgx-spark-02	True	1	cmtprzt671w352auhqgq43q4y
2026-09-06T12:42:04+00:00	dgx-spark-03	True	1	cmtpsaud71whj2auh0k27ynki
2026-09-06T12:42:06+00:00	dgx-spark-04	True	1	cmtpeql4y1etk2auhbk9668ry
2026-09-06T12:42:06+00:00	dgx-spark-02	True	1	cmtprzt671w352auhqgq43q4y
2026-09-06T12:42:06+00:00	dgx-spark-03	True	1	cmtpsaud71whj2auh0k27ynki
2026-09-06T12:42:08+00:00	dgx-spark-04	True	1	cmtpeql4y1etk2auhbk9668ry
2026-09-06T12:42:08+00:00	dgx-spark-02	True	1	cmtprzt671w352auhqgq43q4y
2026-09-06T12:42:08+00:00	dgx-spark-03	True	1	cmtpsaud71whj2auh0k27ynki
2026-09-06T12:42:10+00:00	dgx-spark-04	True	1	cmtpeql4y1etk2auhbk9668ry
2026-09-06T12:42:10+00:00	dgx-spark-02	True	1	cmtprzt671w352auhqgq43q4y
2026-09-06T12:42:10+00:00	dgx-spark-03	True	1	cmtpsaud71whj2auh0k27ynki
2026-09-06T12:42:12+00:00	dgx-spark-04	True	1	cmtpeql4y1etk2auhbk9668ry
2026-09-06T12:42:12+00:00	dgx-spark-02	True	1	cmtprzt671w352auhqgq43q4y
2026-09-06T12:42:12+00:00	dgx-spark-03	True	1	cmtpsaud71whj2auh0k27ynki
2026-09-06T12:42:14+00:00	dgx-spark-04	True	1	cmtpeql4y1etk2auhbk9668ry
2026-09-06T12:42:14+00:00	dgx-spark-02	True	1	cmtprzt671w352auhqgq43q4y
2026-09-06T12:42:14+00:00	dgx-spark-03	True	1	cmtpsaud71whj2auh0k27ynki
2026-09-06T12:42:16+00:00	dgx-spark-04	True	1	cmtpeql4y1etk2auhbk9668ry
2026-09-06T12:42:16+00:00	dgx-spark-02	True	1	cmtprzt671w352auhqgq43q4y
2026-09-06T12:42:16+00:00	dgx-spark-03	True	1	cmtpsaud71whj2auh0k27ynki
2026-09-06T12:42:19+00:00	dgx-spark-04	True	1	cmtpeql4y1etk2auhbk9668ry
2026-09-06T12:42:19+00:00	dgx-spark-02	True	1	cmtprzt671w352auhqgq43q4y
2026-09-06T12:42:19+00:00	dgx-spark-03	True	1	cmtpsaud71whj2auh0k27ynki
2026-09-06T12:42:21+00:00	dgx-spark-04	True	1	cmtpeql4y1etk2auhbk9668ry
2026-09-06T12:42:21+00:00	dgx-spark-02	True	1	cmtprzt671w352auhqgq43q4y
2026-09-06T12:42:21+00:00	dgx-spark-03	True	1	cmtpsaud71whj2auh0k27ynki
2026-09-06T12:42:23+00:00	dgx-spark-04	True	1	cmtpeql4y1etk2auhbk9668ry
2026-09-06T12:42:23+00:00	dgx-spark-02	True	1	cmtprzt671w352auhqgq43q4y
2026-09-06T12:42:23+00:00	dgx-spark-03	True	1	cmtpsaud71whj2auh0k27ynki
2026-09-06T12:42:25+00:00	dgx-spark-04	True	1	cmtpeql4y1etk2auhbk9668ry
2026-09-06T12:42:25+00:00	dgx-spark-02	True	1	cmtprzt671w352auhqgq43q4y
2026-09-06T12:42:25+00:00	dgx-spark-03	True	1	cmtpsaud71whj2auh0k27ynki
2026-09-06T12:42:27+00:00	dgx-spark-04	True	1	cmtpeql4y1etk2auhbk9668ry
2026-09-06T12:42:27+00:00	dgx-spark-02	True	1	cmtprzt671w352auhqgq43q4y
2026-09-06T12:42:27+00:00	dgx-spark-03	True	1	cmtpsaud71whj2auh0k27ynki
2026-09-06T12:42:29+00:00	dgx-spark-04	True	1	cmtpeql4y1etk2auhbk9668ry
2026-09-06T12:42:29+00:00	dgx-spark-02	True	1	cmtprzt671w352auhqgq43q4y
2026-09-06T12:42:29+00:00	dgx-spark-03	True	1	cmtpsaud71whj2auh0k27ynki
2026-09-06T12:42:31+00:00	dgx-spark-04	True	1	cmtpeql4y1etk2auhbk9668ry
2026-09-06T12:42:31+00:00	dgx-spark-02	True	0	cmtprzt671w352auhqgq43q4y
2026-09-06T12:42:31+00:00	dgx-spark-03	True	1	cmtpsaud71whj2auh0k27ynki
2026-09-06T12:42:33+00:00	dgx-spark-04	True	1	cmtpeql4y1etk2auhbk9668ry
2026-09-06T12:42:33+00:00	dgx-spark-02	True	1	cmtprzt671w352auhqgq43q4y
2026-09-06T12:42:33+00:00	dgx-spark-03	True	1	cmtpsaud71whj2auh0k27ynki
2026-09-06T12:42:35+00:00	dgx-spark-04	True	1	cmtpeql4y1etk2auhbk9668ry
2026-09-06T12:42:35+00:00	dgx-spark-02	True	1	cmtprzt671w352auhqgq43q4y
2026-09-06T12:42:35+00:00	dgx-spark-03	True	1	cmtpsaud71whj2auh0k27ynki
2026-09-06T12:42:37+00:00	dgx-spark-04	True	1	cmtpeql4y1etk2auhbk9668ry
2026-09-06T12:42:37+00:00	dgx-spark-02	True	1	cmtprzt671w352auhqgq43q4y
2026-09-06T12:42:37+00:00	dgx-spark-03	True	1	cmtpsaud71whj2auh0k27ynki
2026-09-06T12:42:40+00:00	dgx-spark-04	True	1	cmtpeql4y1etk2auhbk9668ry
2026-09-06T12:42:40+00:00	dgx-spark-02	True	1	cmtprzt671w352auhqgq43q4y
2026-09-06T12:42:40+00:00	dgx-spark-03	True	1	cmtpsaud71whj2auh0k27ynki
2026-09-06T12:42:42+00:00	dgx-spark-04	True	1	cmtpeql4y1etk2auhbk9668ry
2026-09-06T12:42:42+00:00	dgx-spark-02	True	1	cmtprzt671w352auhqgq43q4y
2026-09-06T12:42:42+00:00	dgx-spark-03	True	1	cmtpsaud71whj2auh0k27ynki
2026-09-06T12:42:44+00:00	dgx-spark-04	True	1	cmtpeql4y1etk2auhbk9668ry
2026-09-06T12:42:44+00:00	dgx-spark-02	True	1	cmtprzt671w352auhqgq43q4y
2026-09-06T12:42:44+00:00	dgx-spark-03	True	1	cmtpsaud71whj2auh0k27ynki
2026-09-06T12:42:46+00:00	dgx-spark-04	True	1	cmtpeql4y1etk2auhbk9668ry
2026-09-06T12:42:46+00:00	dgx-spark-02	True	1	cmtprzt671w352auhqgq43q4y
2026-09-06T12:42:46+00:00	dgx-spark-03	True	1	cmtpsaud71whj2auh0k27ynki
2026-09-06T12:42:48+00:00	dgx-spark-04	True	1	cmtpeql4y1etk2auhbk9668ry
2026-09-06T12:42:48+00:00	dgx-spark-02	True	1	cmtprzt671w352auhqgq43q4y
2026-09-06T12:42:48+00:00	dgx-spark-03	True	1	cmtpsaud71whj2auh0k27ynki
2026-09-06T12:42:50+00:00	dgx-spark-04	True	1	cmtpeql4y1etk2auhbk9668ry
2026-09-06T12:42:50+00:00	dgx-spark-02	True	1	cmtprzt671w352auhqgq43q4y
2026-09-06T12:42:50+00:00	dgx-spark-03	True	1	cmtpsaud71whj2auh0k27ynki
2026-09-06T12:42:52+00:00	dgx-spark-04	True	1	cmtpeql4y1etk2auhbk9668ry
2026-09-06T12:42:52+00:00	dgx-spark-02	True	1	cmtprzt671w352auhqgq43q4y
2026-09-06T12:42:52+00:00	dgx-spark-03	True	1	cmtpsaud71whj2auh0k27ynki
2026-09-06T12:42:54+00:00	dgx-spark-04	True	1	cmtpeql4y1etk2auhbk9668ry
2026-09-06T12:42:54+00:00	dgx-spark-02	True	1	cmtprzt671w352auhqgq43q4y
2026-09-06T12:42:54+00:00	dgx-spark-03	True	1	cmtpsaud71whj2auh0k27ynki
2026-09-06T12:42:56+00:00	dgx-spark-04	True	1	cmtpeql4y1etk2auhbk9668ry
2026-09-06T12:42:56+00:00	dgx-spark-02	True	1	cmtprzt671w352auhqgq43q4y
2026-09-06T12:42:56+00:00	dgx-spark-03	True	1	cmtpsaud71whj2auh0k27ynki
2026-09-06T12:42:58+00:00	dgx-spark-04	True	1	cmtpeql4y1etk2auhbk9668ry
2026-09-06T12:42:58+00:00	dgx-spark-02	True	1	cmtprzt671w352auhqgq43q4y
2026-09-06T12:42:58+00:00	dgx-spark-03	True	1	cmtpsaud71whj2auh0k27ynki
2026-09-06T12:43:01+00:00	dgx-spark-04	True	1	cmtpeql4y1etk2auhbk9668ry
2026-09-06T12:43:01+00:00	dgx-spark-02	True	1	cmtprzt671w352auhqgq43q4y
2026-09-06T12:43:01+00:00	dgx-spark-03	True	1	cmtpsaud71whj2auh0k27ynki
2026-09-06T12:43:03+00:00	dgx-spark-04	True	1	cmtpeql4y1etk2auhbk9668ry
2026-09-06T12:43:03+00:00	dgx-spark-02	True	1	cmtprzt671w352auhqgq43q4y
2026-09-06T12:43:03+00:00	dgx-spark-03	True	1	cmtpsaud71whj2auh0k27ynki
2026-09-06T12:43:05+00:00	dgx-spark-04	True	1	cmtpeql4y1etk2auhbk9668ry
2026-09-06T12:43:05+00:00	dgx-spark-02	True	1	cmtprzt671w352auhqgq43q4y
2026-09-06T12:43:05+00:00	dgx-spark-03	True	1	cmtpsaud71whj2auh0k27ynki
2026-09-06T12:43:07+00:00	dgx-spark-04	True	1	cmtpeql4y1etk2auhbk9668ry
2026-09-06T12:43:07+00:00	dgx-spark-02	True	1	cmtprzt671w352auhqgq43q4y
2026-09-06T12:43:07+00:00	dgx-spark-03	True	1	cmtpsaud71whj2auh0k27ynki
2026-09-06T12:43:09+00:00	dgx-spark-04	True	1	cmtpeql4y1etk2auhbk9668ry
2026-09-06T12:43:09+00:00	dgx-spark-02	True	1	cmtprzt671w352auhqgq43q4y
2026-09-06T12:43:09+00:00	dgx-spark-03	True	1	cmtpsaud71whj2auh0k27ynki
2026-09-06T12:43:11+00:00	dgx-spark-04	True	1	cmtpeql4y1etk2auhbk9668ry
2026-09-06T12:43:11+00:00	dgx-spark-02	True	1	cmtprzt671w352auhqgq43q4y
2026-09-06T12:43:11+00:00	dgx-spark-03	True	1	cmtpsaud71whj2auh0k27ynki
2026-09-06T12:43:13+00:00	dgx-spark-04	True	1	cmtpeql4y1etk2auhbk9668ry
2026-09-06T12:43:13+00:00	dgx-spark-02	True	1	cmtprzt671w352auhqgq43q4y
2026-09-06T12:43:13+00:00	dgx-spark-03	True	1	cmtpsaud71whj2auh0k27ynki
2026-09-06T12:43:15+00:00	dgx-spark-04	True	1	cmtpeql4y1etk2auhbk9668ry
2026-09-06T12:43:15+00:00	dgx-spark-02	True	1	cmtprzt671w352auhqgq43q4y
2026-09-06T12:43:15+00:00	dgx-spark-03	True	1	cmtpsaud71whj2auh0k27ynki
2026-09-06T12:43:17+00:00	dgx-spark-04	True	1	cmtpeql4y1etk2auhbk9668ry
2026-09-06T12:43:17+00:00	dgx-spark-02	True	1	cmtprzt671w352auhqgq43q4y
2026-09-06T12:43:17+00:00	dgx-spark-03	True	1	cmtpsaud71whj2auh0k27ynki
2026-09-06T12:43:19+00:00	dgx-spark-04	True	1	cmtpeql4y1etk2auhbk9668ry
2026-09-06T12:43:19+00:00	dgx-spark-02	True	1	cmtprzt671w352auhqgq43q4y
2026-09-06T12:43:19+00:00	dgx-spark-03	True	1	cmtpsaud71whj2auh0k27ynki
2026-09-06T12:43:21+00:00	dgx-spark-04	True	1	cmtpeql4y1etk2auhbk9668ry
2026-09-06T12:43:21+00:00	dgx-spark-02	True	1	cmtprzt671w352auhqgq43q4y
2026-09-06T12:43:21+00:00	dgx-spark-03	True	1	cmtpsaud71whj2auh0k27ynki
2026-09-06T12:43:24+00:00	dgx-spark-04	True	1	cmtpeql4y1etk2auhbk9668ry
2026-09-06T12:43:24+00:00	dgx-spark-02	True	1	cmtprzt671w352auhqgq43q4y
2026-09-06T12:43:24+00:00	dgx-spark-03	True	1	cmtpsaud71whj2auh0k27ynki
2026-09-06T12:43:26+00:00	dgx-spark-04	True	1	cmtpeql4y1etk2auhbk9668ry
2026-09-06T12:43:26+00:00	dgx-spark-02	True	1	cmtprzt671w352auhqgq43q4y
2026-09-06T12:43:26+00:00	dgx-spark-03	True	1	cmtpsaud71whj2auh0k27ynki
2026-09-06T12:43:28+00:00	dgx-spark-04	True	1	cmtpeql4y1etk2auhbk9668ry
2026-09-06T12:43:28+00:00	dgx-spark-02	True	1	cmtprzt671w352auhqgq43q4y
2026-09-06T12:43:28+00:00	dgx-spark-03	True	1	cmtpsaud71whj2auh0k27ynki
2026-09-06T12:43:30+00:00	dgx-spark-04	True	1	cmtpeql4y1etk2auhbk9668ry
2026-09-06T12:43:30+00:00	dgx-spark-02	True	1	cmtprzt671w352auhqgq43q4y
2026-09-06T12:43:30+00:00	dgx-spark-03	True	1	cmtpsaud71whj2auh0k27ynki
2026-09-06T12:43:32+00:00	dgx-spark-04	True	1	cmtpeql4y1etk2auhbk9668ry
2026-09-06T12:43:32+00:00	dgx-spark-02	True	1	cmtprzt671w352auhqgq43q4y
2026-09-06T12:43:32+00:00	dgx-spark-03	True	1	cmtpsaud71whj2auh0k27ynki
2026-09-06T12:43:34+00:00	dgx-spark-04	True	1	cmtpeql4y1etk2auhbk9668ry
2026-09-06T12:43:34+00:00	dgx-spark-02	True	1	cmtprzt671w352auhqgq43q4y
2026-09-06T12:43:34+00:00	dgx-spark-03	True	1	cmtpsaud71whj2auh0k27ynki
2026-09-06T12:43:36+00:00	dgx-spark-04	True	1	cmtpeql4y1etk2auhbk9668ry
2026-09-06T12:43:36+00:00	dgx-spark-02	True	1	cmtprzt671w352auhqgq43q4y
2026-09-06T12:43:36+00:00	dgx-spark-03	True	1	cmtpsaud71whj2auh0k27ynki
2026-09-06T12:43:38+00:00	dgx-spark-04	True	1	cmtpeql4y1etk2auhbk9668ry
2026-09-06T12:43:38+00:00	dgx-spark-02	True	1	cmtprzt671w352auhqgq43q4y
2026-09-06T12:43:38+00:00	dgx-spark-03	True	1	cmtpsaud71whj2auh0k27ynki
2026-09-06T12:43:40+00:00	dgx-spark-04	True	1	cmtpeql4y1etk2auhbk9668ry
2026-09-06T12:43:40+00:00	dgx-spark-02	True	1	cmtprzt671w352auhqgq43q4y
2026-09-06T12:43:40+00:00	dgx-spark-03	True	1	cmtpsaud71whj2auh0k27ynki
2026-09-06T12:43:42+00:00	dgx-spark-04	True	1	cmtpeql4y1etk2auhbk9668ry
2026-09-06T12:43:42+00:00	dgx-spark-02	True	1	cmtprzt671w352auhqgq43q4y
2026-09-06T12:43:42+00:00	dgx-spark-03	True	1	cmtpsaud71whj2auh0k27ynki
2026-09-06T12:43:45+00:00	dgx-spark-04	True	1	cmtpeql4y1etk2auhbk9668ry
2026-09-06T12:43:45+00:00	dgx-spark-02	True	1	cmtprzt671w352auhqgq43q4y
2026-09-06T12:43:45+00:00	dgx-spark-03	True	1	cmtpsaud71whj2auh0k27ynki
2026-09-06T12:43:47+00:00	dgx-spark-04	True	1	cmtpeql4y1etk2auhbk9668ry
2026-09-06T12:43:47+00:00	dgx-spark-02	True	1	cmtprzt671w352auhqgq43q4y
2026-09-06T12:43:47+00:00	dgx-spark-03	True	1	cmtpsaud71whj2auh0k27ynki
2026-09-06T12:43:49+00:00	dgx-spark-04	True	1	cmtpeql4y1etk2auhbk9668ry
2026-09-06T12:43:49+00:00	dgx-spark-02	True	1	cmtprzt671w352auhqgq43q4y
2026-09-06T12:43:49+00:00	dgx-spark-03	True	1	cmtpsaud71whj2auh0k27ynki
2026-09-06T12:43:51+00:00	dgx-spark-04	True	1	cmtpeql4y1etk2auhbk9668ry
2026-09-06T12:43:51+00:00	dgx-spark-02	True	1	cmtprzt671w352auhqgq43q4y
2026-09-06T12:43:51+00:00	dgx-spark-03	True	1	cmtpsaud71whj2auh0k27ynki
2026-09-06T12:43:53+00:00	dgx-spark-04	True	1	cmtpeql4y1etk2auhbk9668ry
2026-09-06T12:43:53+00:00	dgx-spark-02	True	1	cmtprzt671w352auhqgq43q4y
2026-09-06T12:43:53+00:00	dgx-spark-03	True	1	cmtpsaud71whj2auh0k27ynki
2026-09-06T12:43:55+00:00	dgx-spark-04	True	1	cmtpeql4y1etk2auhbk9668ry
2026-09-06T12:43:55+00:00	dgx-spark-02	True	1	cmtprzt671w352auhqgq43q4y
2026-09-06T12:43:55+00:00	dgx-spark-03	True	1	cmtpsaud71whj2auh0k27ynki
2026-09-06T12:43:57+00:00	dgx-spark-04	True	1	cmtpeql4y1etk2auhbk9668ry
2026-09-06T12:43:57+00:00	dgx-spark-02	True	1	cmtprzt671w352auhqgq43q4y
2026-09-06T12:43:57+00:00	dgx-spark-03	True	1	cmtpsaud71whj2auh0k27ynki
2026-09-06T12:43:59+00:00	dgx-spark-04	True	1	cmtpeql4y1etk2auhbk9668ry
2026-09-06T12:43:59+00:00	dgx-spark-02	True	1	cmtprzt671w352auhqgq43q4y
2026-09-06T12:43:59+00:00	dgx-spark-03	True	1	cmtpsaud71whj2auh0k27ynki
2026-09-06T12:44:01+00:00	dgx-spark-04	True	1	cmtpeql4y1etk2auhbk9668ry
2026-09-06T12:44:01+00:00	dgx-spark-02	True	1	cmtprzt671w352auhqgq43q4y
2026-09-06T12:44:01+00:00	dgx-spark-03	True	1	cmtpsaud71whj2auh0k27ynki
2026-09-06T12:44:03+00:00	dgx-spark-04	True	1	cmtpeql4y1etk2auhbk9668ry
2026-09-06T12:44:03+00:00	dgx-spark-02	True	1	cmtprzt671w352auhqgq43q4y
2026-09-06T12:44:03+00:00	dgx-spark-03	True	1	cmtpsaud71whj2auh0k27ynki
2026-09-06T12:44:06+00:00	dgx-spark-04	True	1	cmtpeql4y1etk2auhbk9668ry
2026-09-06T12:44:06+00:00	dgx-spark-02	True	1	cmtprzt671w352auhqgq43q4y
2026-09-06T12:44:06+00:00	dgx-spark-03	True	1	cmtpsaud71whj2auh0k27ynki
2026-09-06T12:44:08+00:00	dgx-spark-04	True	1	cmtpeql4y1etk2auhbk9668ry
2026-09-06T12:44:08+00:00	dgx-spark-02	True	1	cmtprzt671w352auhqgq43q4y
2026-09-06T12:44:08+00:00	dgx-spark-03	True	1	cmtpsaud71whj2auh0k27ynki
2026-09-06T12:44:10+00:00	dgx-spark-04	True	1	cmtpeql4y1etk2auhbk9668ry
2026-09-06T12:44:10+00:00	dgx-spark-02	True	1	cmtprzt671w352auhqgq43q4y
2026-09-06T12:44:10+00:00	dgx-spark-03	True	1	cmtpsaud71whj2auh0k27ynki
2026-09-06T12:44:12+00:00	dgx-spark-04	True	1	cmtpeql4y1etk2auhbk9668ry
2026-09-06T12:44:12+00:00	dgx-spark-02	True	1	cmtprzt671w352auhqgq43q4y
2026-09-06T12:44:12+00:00	dgx-spark-03	True	1	cmtpsaud71whj2auh0k27ynki
2026-09-06T12:44:14+00:00	dgx-spark-04	True	1	cmtpeql4y1etk2auhbk9668ry
2026-09-06T12:44:14+00:00	dgx-spark-02	True	1	cmtprzt671w352auhqgq43q4y
2026-09-06T12:44:14+00:00	dgx-spark-03	True	1	cmtpsaud71whj2auh0k27ynki
2026-09-06T12:44:16+00:00	dgx-spark-04	True	1	cmtpeql4y1etk2auhbk9668ry
2026-09-06T12:44:16+00:00	dgx-spark-02	True	1	cmtprzt671w352auhqgq43q4y
2026-09-06T12:44:16+00:00	dgx-spark-03	True	1	cmtpsaud71whj2auh0k27ynki
2026-09-06T12:44:18+00:00	dgx-spark-04	True	1	cmtpeql4y1etk2auhbk9668ry
2026-09-06T12:44:18+00:00	dgx-spark-02	True	1	cmtprzt671w352auhqgq43q4y
2026-09-06T12:44:18+00:00	dgx-spark-03	True	1	cmtpsaud71whj2auh0k27ynki
2026-09-06T12:44:20+00:00	dgx-spark-04	True	1	cmtpeql4y1etk2auhbk9668ry
2026-09-06T12:44:20+00:00	dgx-spark-02	True	1	cmtprzt671w352auhqgq43q4y
2026-09-06T12:44:20+00:00	dgx-spark-03	True	1	cmtpsaud71whj2auh0k27ynki
2026-09-06T12:44:22+00:00	dgx-spark-04	True	1	cmtpeql4y1etk2auhbk9668ry
2026-09-06T12:44:22+00:00	dgx-spark-02	True	1	cmtprzt671w352auhqgq43q4y
2026-09-06T12:44:22+00:00	dgx-spark-03	True	1	cmtpsaud71whj2auh0k27ynki
2026-09-06T12:44:24+00:00	dgx-spark-04	True	1	cmtpeql4y1etk2auhbk9668ry
2026-09-06T12:44:24+00:00	dgx-spark-02	True	1	cmtprzt671w352auhqgq43q4y
2026-09-06T12:44:24+00:00	dgx-spark-03	True	1	cmtpsaud71whj2auh0k27ynki
2026-09-06T12:44:26+00:00	dgx-spark-04	True	1	cmtpeql4y1etk2auhbk9668ry
2026-09-06T12:44:26+00:00	dgx-spark-02	True	1	cmtprzt671w352auhqgq43q4y
2026-09-06T12:44:26+00:00	dgx-spark-03	True	1	cmtpsaud71whj2auh0k27ynki
2026-09-06T12:44:29+00:00	dgx-spark-04	True	1	cmtpeql4y1etk2auhbk9668ry
2026-09-06T12:44:29+00:00	dgx-spark-02	True	1	cmtprzt671w352auhqgq43q4y
2026-09-06T12:44:29+00:00	dgx-spark-03	True	1	cmtpsaud71whj2auh0k27ynki
2026-09-06T12:44:31+00:00	dgx-spark-04	True	1	cmtpeql4y1etk2auhbk9668ry
2026-09-06T12:44:31+00:00	dgx-spark-02	True	1	cmtprzt671w352auhqgq43q4y
2026-09-06T12:44:31+00:00	dgx-spark-03	True	1	cmtpsaud71whj2auh0k27ynki
2026-09-06T12:44:33+00:00	dgx-spark-04	True	1	cmtpeql4y1etk2auhbk9668ry
2026-09-06T12:44:33+00:00	dgx-spark-02	True	1	cmtprzt671w352auhqgq43q4y
2026-09-06T12:44:33+00:00	dgx-spark-03	True	1	cmtpsaud71whj2auh0k27ynki
2026-09-06T12:44:35+00:00	dgx-spark-04	True	1	cmtpeql4y1etk2auhbk9668ry
2026-09-06T12:44:35+00:00	dgx-spark-02	True	1	cmtprzt671w352auhqgq43q4y
2026-09-06T12:44:35+00:00	dgx-spark-03	True	1	cmtpsaud71whj2auh0k27ynki
2026-09-06T12:44:37+00:00	dgx-spark-04	True	1	cmtpeql4y1etk2auhbk9668ry
2026-09-06T12:44:37+00:00	dgx-spark-02	True	1	cmtprzt671w352auhqgq43q4y
2026-09-06T12:44:37+00:00	dgx-spark-03	True	1	cmtpsaud71whj2auh0k27ynki
2026-09-06T12:44:39+00:00	dgx-spark-04	True	1	cmtpeql4y1etk2auhbk9668ry
2026-09-06T12:44:39+00:00	dgx-spark-02	True	1	cmtprzt671w352auhqgq43q4y
2026-09-06T12:44:39+00:00	dgx-spark-03	True	1	cmtpsaud71whj2auh0k27ynki
2026-09-06T12:44:41+00:00	dgx-spark-04	True	1	cmtpeql4y1etk2auhbk9668ry
2026-09-06T12:44:41+00:00	dgx-spark-02	True	1	cmtprzt671w352auhqgq43q4y
2026-09-06T12:44:41+00:00	dgx-spark-03	True	1	cmtpsaud71whj2auh0k27ynki
2026-09-06T12:44:43+00:00	dgx-spark-04	True	1	cmtpeql4y1etk2auhbk9668ry
2026-09-06T12:44:43+00:00	dgx-spark-02	True	1	cmtprzt671w352auhqgq43q4y
2026-09-06T12:44:43+00:00	dgx-spark-03	True	1	cmtpsaud71whj2auh0k27ynki
2026-09-06T12:44:45+00:00	dgx-spark-04	True	1	cmtpeql4y1etk2auhbk9668ry
2026-09-06T12:44:45+00:00	dgx-spark-02	True	1	cmtprzt671w352auhqgq43q4y
2026-09-06T12:44:45+00:00	dgx-spark-03	True	1	cmtpsaud71whj2auh0k27ynki
2026-09-06T12:44:47+00:00	dgx-spark-04	True	1	cmtpeql4y1etk2auhbk9668ry
2026-09-06T12:44:47+00:00	dgx-spark-02	True	1	cmtprzt671w352auhqgq43q4y
2026-09-06T12:44:47+00:00	dgx-spark-03	True	1	cmtpsaud71whj2auh0k27ynki
2026-09-06T12:44:50+00:00	dgx-spark-04	True	1	cmtpeql4y1etk2auhbk9668ry
2026-09-06T12:44:50+00:00	dgx-spark-02	True	1	cmtprzt671w352auhqgq43q4y
2026-09-06T12:44:50+00:00	dgx-spark-03	True	1	cmtpsaud71whj2auh0k27ynki
2026-09-06T12:44:52+00:00	dgx-spark-04	True	1	cmtpeql4y1etk2auhbk9668ry
2026-09-06T12:44:52+00:00	dgx-spark-02	True	1	cmtprzt671w352auhqgq43q4y
2026-09-06T12:44:52+00:00	dgx-spark-03	True	1	cmtpsaud71whj2auh0k27ynki
2026-09-06T12:44:54+00:00	dgx-spark-04	True	1	cmtpeql4y1etk2auhbk9668ry
2026-09-06T12:44:54+00:00	dgx-spark-02	True	1	cmtprzt671w352auhqgq43q4y
2026-09-06T12:44:54+00:00	dgx-spark-03	True	1	cmtpsaud71whj2auh0k27ynki
2026-09-06T12:44:56+00:00	dgx-spark-04	True	1	cmtpeql4y1etk2auhbk9668ry
2026-09-06T12:44:56+00:00	dgx-spark-02	True	1	cmtprzt671w352auhqgq43q4y
2026-09-06T12:44:56+00:00	dgx-spark-03	True	1	cmtpsaud71whj2auh0k27ynki
2026-09-06T12:44:58+00:00	dgx-spark-04	True	1	cmtpeql4y1etk2auhbk9668ry
2026-09-06T12:44:58+00:00	dgx-spark-02	True	1	cmtprzt671w352auhqgq43q4y
2026-09-06T12:44:58+00:00	dgx-spark-03	True	1	cmtpsaud71whj2auh0k27ynki
2026-09-06T12:45:00+00:00	dgx-spark-04	True	1	cmtpeql4y1etk2auhbk9668ry
2026-09-06T12:45:00+00:00	dgx-spark-02	True	1	cmtprzt671w352auhqgq43q4y
2026-09-06T12:45:00+00:00	dgx-spark-03	True	1	cmtpsaud71whj2auh0k27ynki
2026-09-06T12:45:02+00:00	dgx-spark-04	True	1	cmtpeql4y1etk2auhbk9668ry
2026-09-06T12:45:02+00:00	dgx-spark-02	True	1	cmtprzt671w352auhqgq43q4y
2026-09-06T12:45:02+00:00	dgx-spark-03	True	1	cmtpsaud71whj2auh0k27ynki
2026-09-06T12:45:04+00:00	dgx-spark-04	True	1	cmtpeql4y1etk2auhbk9668ry
2026-09-06T12:45:04+00:00	dgx-spark-02	True	1	cmtprzt671w352auhqgq43q4y
2026-09-06T12:45:04+00:00	dgx-spark-03	True	1	cmtpsaud71whj2auh0k27ynki
2026-09-06T12:45:06+00:00	dgx-spark-04	True	1	cmtpeql4y1etk2auhbk9668ry
2026-09-06T12:45:06+00:00	dgx-spark-02	True	1	cmtprzt671w352auhqgq43q4y
2026-09-06T12:45:06+00:00	dgx-spark-03	True	1	cmtpsaud71whj2auh0k27ynki
2026-09-06T12:45:08+00:00	dgx-spark-04	True	1	cmtpeql4y1etk2auhbk9668ry
2026-09-06T12:45:08+00:00	dgx-spark-02	True	1	cmtprzt671w352auhqgq43q4y
2026-09-06T12:45:08+00:00	dgx-spark-03	True	1	cmtpsaud71whj2auh0k27ynki
2026-09-06T12:45:11+00:00	dgx-spark-04	True	1	cmtpeql4y1etk2auhbk9668ry
2026-09-06T12:45:11+00:00	dgx-spark-02	True	1	cmtprzt671w352auhqgq43q4y
2026-09-06T12:45:11+00:00	dgx-spark-03	True	1	cmtpsaud71whj2auh0k27ynki
2026-09-06T12:45:13+00:00	dgx-spark-04	True	1	cmtpeql4y1etk2auhbk9668ry
2026-09-06T12:45:13+00:00	dgx-spark-02	True	1	cmtprzt671w352auhqgq43q4y
2026-09-06T12:45:13+00:00	dgx-spark-03	True	1	cmtpsaud71whj2auh0k27ynki
2026-09-06T12:45:15+00:00	dgx-spark-04	True	1	cmtpeql4y1etk2auhbk9668ry
2026-09-06T12:45:15+00:00	dgx-spark-02	True	1	cmtprzt671w352auhqgq43q4y
2026-09-06T12:45:15+00:00	dgx-spark-03	True	1	cmtpsaud71whj2auh0k27ynki
2026-09-06T12:45:17+00:00	dgx-spark-04	True	1	cmtpeql4y1etk2auhbk9668ry
2026-09-06T12:45:17+00:00	dgx-spark-02	True	1	cmtprzt671w352auhqgq43q4y
2026-09-06T12:45:17+00:00	dgx-spark-03	True	1	cmtpsaud71whj2auh0k27ynki
2026-09-06T12:45:19+00:00	dgx-spark-04	True	1	cmtpeql4y1etk2auhbk9668ry
2026-09-06T12:45:19+00:00	dgx-spark-02	True	1	cmtprzt671w352auhqgq43q4y
2026-09-06T12:45:19+00:00	dgx-spark-03	True	1	cmtpsaud71whj2auh0k27ynki
2026-09-06T12:45:21+00:00	dgx-spark-04	True	1	cmtpeql4y1etk2auhbk9668ry
2026-09-06T12:45:21+00:00	dgx-spark-02	True	1	cmtprzt671w352auhqgq43q4y
2026-09-06T12:45:21+00:00	dgx-spark-03	True	1	cmtpsaud71whj2auh0k27ynki
2026-09-06T12:45:23+00:00	dgx-spark-04	True	0	cmtpeql4y1etk2auhbk9668ry
2026-09-06T12:45:23+00:00	dgx-spark-02	True	0	cmtprzt671w352auhqgq43q4y
2026-09-06T12:45:23+00:00	dgx-spark-03	True	1	cmtpsaud71whj2auh0k27ynki
2026-09-06T12:45:25+00:00	dgx-spark-04	True	0	cmtpeql4y1etk2auhbk9668ry
2026-09-06T12:45:25+00:00	dgx-spark-02	True	0	cmtprzt671w352auhqgq43q4y
2026-09-06T12:45:25+00:00	dgx-spark-03	True	1	cmtpsaud71whj2auh0k27ynki
2026-09-06T12:45:27+00:00	dgx-spark-04	True	0	cmtpeql4y1etk2auhbk9668ry
2026-09-06T12:45:27+00:00	dgx-spark-02	True	0	cmtprzt671w352auhqgq43q4y
2026-09-06T12:45:27+00:00	dgx-spark-03	True	0	cmtpsaud71whj2auh0k27ynki
2026-09-06T12:45:29+00:00	dgx-spark-04	True	0	cmtpeql4y1etk2auhbk9668ry
2026-09-06T12:45:29+00:00	dgx-spark-02	True	0	cmtprzt671w352auhqgq43q4y
2026-09-06T12:45:29+00:00	dgx-spark-03	True	0	cmtpsaud71whj2auh0k27ynki
2026-09-06T12:45:31+00:00	dgx-spark-04	True	0	cmtpeql4y1etk2auhbk9668ry
2026-09-06T12:45:31+00:00	dgx-spark-02	True	0	cmtprzt671w352auhqgq43q4y
2026-09-06T12:45:31+00:00	dgx-spark-03	True	0	cmtpsaud71whj2auh0k27ynki
2026-09-06T12:45:34+00:00	dgx-spark-04	True	0	cmtpeql4y1etk2auhbk9668ry
2026-09-06T12:45:34+00:00	dgx-spark-02	True	0	cmtprzt671w352auhqgq43q4y
2026-09-06T12:45:34+00:00	dgx-spark-03	True	0	cmtpsaud71whj2auh0k27ynki
2026-09-06T12:45:36+00:00	dgx-spark-04	True	0	cmtpeql4y1etk2auhbk9668ry
2026-09-06T12:45:36+00:00	dgx-spark-02	True	0	cmtprzt671w352auhqgq43q4y
2026-09-06T12:45:36+00:00	dgx-spark-03	True	0	cmtpsaud71whj2auh0k27ynki
2026-09-06T12:45:38+00:00	dgx-spark-04	True	0	cmtpeql4y1etk2auhbk9668ry
2026-09-06T12:45:38+00:00	dgx-spark-02	True	0	cmtprzt671w352auhqgq43q4y
2026-09-06T12:45:38+00:00	dgx-spark-03	True	0	cmtpsaud71whj2auh0k27ynki
2026-09-06T12:45:40+00:00	dgx-spark-04	True	0	cmtpeql4y1etk2auhbk9668ry
2026-09-06T12:45:40+00:00	dgx-spark-02	True	0	cmtprzt671w352auhqgq43q4y
2026-09-06T12:45:40+00:00	dgx-spark-03	True	0	cmtpsaud71whj2auh0k27ynki
2026-09-06T12:45:42+00:00	dgx-spark-04	True	0	cmtpeql4y1etk2auhbk9668ry
2026-09-06T12:45:42+00:00	dgx-spark-02	True	0	cmtprzt671w352auhqgq43q4y
2026-09-06T12:45:42+00:00	dgx-spark-03	True	0	cmtpsaud71whj2auh0k27ynki
2026-09-06T12:45:44+00:00	dgx-spark-04	True	0	cmtpeql4y1etk2auhbk9668ry
2026-09-06T12:45:44+00:00	dgx-spark-02	True	0	cmtprzt671w352auhqgq43q4y
2026-09-06T12:45:44+00:00	dgx-spark-03	True	0	cmtpsaud71whj2auh0k27ynki
2026-09-06T12:45:46+00:00	dgx-spark-04	True	0	cmtpeql4y1etk2auhbk9668ry
2026-09-06T12:45:46+00:00	dgx-spark-02	True	0	cmtprzt671w352auhqgq43q4y
2026-09-06T12:45:46+00:00	dgx-spark-03	True	0	cmtpsaud71whj2auh0k27ynki
2026-09-06T12:45:48+00:00	dgx-spark-04	True	0	cmtpeql4y1etk2auhbk9668ry
2026-09-06T12:45:48+00:00	dgx-spark-02	True	0	cmtprzt671w352auhqgq43q4y
2026-09-06T12:45:48+00:00	dgx-spark-03	True	0	cmtpsaud71whj2auh0k27ynki
2026-09-06T12:45:50+00:00	dgx-spark-04	True	0	cmtpeql4y1etk2auhbk9668ry
2026-09-06T12:45:50+00:00	dgx-spark-02	True	0	cmtprzt671w352auhqgq43q4y
2026-09-06T12:45:50+00:00	dgx-spark-03	True	0	cmtpsaud71whj2auh0k27ynki
2026-09-06T12:45:52+00:00	dgx-spark-04	True	0	cmtpeql4y1etk2auhbk9668ry
2026-09-06T12:45:52+00:00	dgx-spark-02	True	0	cmtprzt671w352auhqgq43q4y
2026-09-06T12:45:52+00:00	dgx-spark-03	True	0	cmtpsaud71whj2auh0k27ynki
2026-09-06T12:45:55+00:00	dgx-spark-04	True	0	cmtpeql4y1etk2auhbk9668ry
2026-09-06T12:45:55+00:00	dgx-spark-02	True	0	cmtprzt671w352auhqgq43q4y
2026-09-06T12:45:55+00:00	dgx-spark-03	True	0	cmtpsaud71whj2auh0k27ynki
2026-09-06T12:45:57+00:00	dgx-spark-04	True	0	cmtpeql4y1etk2auhbk9668ry
2026-09-06T12:45:57+00:00	dgx-spark-02	True	0	cmtprzt671w352auhqgq43q4y
2026-09-06T12:45:57+00:00	dgx-spark-03	True	0	cmtpsaud71whj2auh0k27ynki
2026-09-06T12:45:59+00:00	dgx-spark-04	True	0	cmtpeql4y1etk2auhbk9668ry
2026-09-06T12:45:59+00:00	dgx-spark-02	True	0	cmtprzt671w352auhqgq43q4y
2026-09-06T12:45:59+00:00	dgx-spark-03	True	0	cmtpsaud71whj2auh0k27ynki
2026-09-06T12:46:01+00:00	dgx-spark-04	True	0	cmtpeql4y1etk2auhbk9668ry
2026-09-06T12:46:01+00:00	dgx-spark-02	True	0	cmtprzt671w352auhqgq43q4y
2026-09-06T12:46:01+00:00	dgx-spark-03	True	0	cmtpsaud71whj2auh0k27ynki
